record_id,created_at,ward_id,ward_title,title,description,category_title,sub_category_title,complaint_status_title,comment_count,location,address,latitude,longitude,recurrence_count,recurrence_score,review_reason,needs_category_review
449,2019-01-02 11:57:00,191,Singasandra,Boulders on service Road,"To decongest traffic at hosa road junction, boulders were placed, which is congesting traffic at Konappana Agrahara. 
4kms round about to be taken for 4 wheelers to travel from SBI, Hosur Road Branch towards Madivala
Loss of time, energy, petrol - Not appropriate or wise decision from traffic police
Suffering since January 2017",Traffic and Road Safety,Traffic Jams/Congestion Or Bottlenecks,Closed,1,"857, Hosa Rd, Chennakeshava Nagar, Pragathi Nagar, Electronic City, Bengaluru, Karnataka 560100, India","State Bank of India, Hosur Road branch",12.87016707,77.65451218,4,27.84,Possible category mismatch: road; ,True
455,2019-01-02 17:27:00,160,Rajarajeshwari Nagar,Cleaning of Sewage wast,"During the election time, all the other roads were added a new sewage pipe but our road was not touched , the sewage line that was done was 20 yrs old has made home or rats, mice and dogs due this the sewage gets blocked very often. Once the dirt is pulled out the sewage is not cleared either by BBMP or BWSSB and this is huge inconvenience to walk on the road and for the kids. Please look into this.",Garbage and Unsanitary Practices,Clearance Of Garbage Dump Or Black Spot,Resolved,2,"Bengaluru, Karnataka 560098, India","2nd cross Marappalayout, Ganesha temple road",12.9155497,77.5134699,40,79.46,Possible category mismatch: drainage; ,True
1524,2019-01-04 14:20:00,7,Byatarayanapura,No replacement for the removed drainage cover from last 1 month,No replacement for the removed drainage cover from last 1 month,"Mobility - Roads, Footpaths and Infrastructure",Repair Of Existing Footpaths,Open,0,"Unnamed Road, Amrutahalli, Dasarahalli, Bengaluru, Karnataka 560092, India",,13.06478458,77.6068431,4,27.84,Possible category mismatch: drainage; ,True
1526,2019-01-04 15:43:00,149,Varthur,Miserable condition of Panathur-Belagere Road Railway Underpass,"Panathur, due to its proximity to Whitefield and Sarjapura, has seen rapid growth in the last 2 years and is now filled with commercial properties and apartment complexes. Sobha Dream Acres, a massive undertaking on the Panathur-Belagere Road, has 6500 flats. Prestige Lake View, another apartment complex, has around 4000 flats to its name. All told there should be more than 15000 flats. 
Being extremely narrow, this road can barely handle two-way traffic. It is filled with garbage and potholes and is perpetually being dug up on some pretext. The icing on the cake is a narrow railway vent at the end of this stretch which allows only one-way traffic to commute at a time. 
The menace on the Panathur-Belagere Road begins even before sunrise at times and continues for the rest of the day. Over 20,000 vehicles pass through this road daily where only one side is let to travel at a time. The presence of a large number of water tankers only adds to the chaos as these tanker drivers rush along with a complete disregard for traffic or rules. 
Making matters worse, the traffic on the Panathur-Belagere Road is not being managed by the city’s traffic police. This Herculean task falls to private security guards deployed by some IT companies.  Many people don’t conform to the guard’s instructions as they have no legal power to penalize anyone. 
The residents of Panathur have been waiting for years, in suspended animation, hoping to see a ray of light in what seems to be a never-ending tunnel of darkness.",Traffic and Road Safety,Traffic Jams/Congestion Or Bottlenecks,Closed,3,"Panathuru Cirlce, Kadubeesanahalli, Panathur, Bengaluru, Karnataka 560103, India",Panathur-Belagere Road Railway Underpass,12.93563611,77.70578212,4,27.84,Possible category mismatch: road; ,True
2010,2019-01-05 17:10:00,6,Thanisandra,Drain water over flow,Drain water over flow,"Mobility - Roads, Footpaths and Infrastructure",Fixing/Reparing Potholes,Open,0,"5Th Cross, Fathima Layout, Bharath Nagar, Manayata Tech Park, Sinthan Nagar, Bengaluru, Karnataka 560045, India",,13.04980238,77.6272218,79,90.85,Possible category mismatch: drainage; ,True
2014,2019-01-05 21:15:00,192,Begur,Roads,"Really WHAT IS IT BBMP doing? continuous digging in same places for same sewage equipment again and again in same roads . There is no end for the work. do they know really what r they doing?they don t even do levelling after digging . entire akshaya nagar yelana halli cross roads horrible is minor . not even car or vehicles ot human beings cannot go from any road. is this governance? who is corporator here ? for votes they come every where.but worst worst worst worst worst  worst roads worst governance.since yesterday there was no power in BTM residency phase 1 and 2 . rest all the areas power is there. continuous bursting of transformers. They did heavy cabling and juction boxesevery where. with one rain everything is gone . It is not sustainable. They don t have minimum commonsense that they also suffer with this. They also travel on the same roads , they also suffer with same power problems . There are no words foe foolishness . People are suffering like any thing. Bangalore has become worst place to live in. once it was paradise. now with unnecessary unmangaebale metros digging , gallons of water wastage for metro construction , uncontrollable no of buildings , no of high rise towers. no water , no power , no roads. no governance nothing horrible worst worst worst bangalore","Mobility - Roads, Footpaths and Infrastructure",Tarring Or Asphalting Of Existing Road,Re-opened,3,"2Nd Cross Road, Btm Residency, Yelenahalli, Akshayanagar, Bengaluru, Karnataka 560076, India",Near Radiant Reshan,12.8651152,77.6136372,96,93.64,Insufficient information in title; ,True
3202,2019-01-07 19:42:00,29,Kacharkanahalli,"Trees cutting, leaves and left over is covering footpath and caus...","Trees cutting, leaves and left over is covering footpath and causing difficulties to pedestrian",Garbage and Unsanitary Practices,Clearance Of Garbage Dump Or Black Spot,Resolved,2,"3 Am, 408. Hrbr, 3Rd Block, Kalyan Nagar, Opp North Gate Jal Vayu Vihar, Bengaluru, Karnataka 560043, India",,13.02366436,77.63454974,7,37.79,Possible category mismatch: road; ,True
3849,2019-01-08 10:47:00,183,Chikallasandra,Drainage Overflow,"The drain in our road overflows almost all the time the drain water settles in front of all the houses. Stagnant water is on the road all the time which is acting as a mosquito breeding place which is affecting the health of all the residents and children.
We request you to look into the matter.","Mobility - Roads, Footpaths and Infrastructure",Need Covering Slabs For Roadside Drains,Open,0,"560061, Hanumagiri, Nisarga Layout, Chikkalasandra, Bengaluru, Karnataka 560061, India",Near Vidyarthi Gas Agency,12.9189353,77.5483834,1,10.56,Possible category mismatch: drainage; ,True
4580,2019-01-09 13:27:00,163,Katriguppe,Next to cake of d day road,"Happazardous traffic, blocking d way to main road n may lead to serious accident.",Traffic and Road Safety,Traffic Jams/Congestion Or Bottlenecks,Open,0,"Srinivasnagar, Banashankari, Bengaluru, Karnataka, India","8 th main ,Srinivasanagar I pH, BSK I stage, Bangalore 560050",12.9356162,77.554777,2,17.95,Possible category mismatch: road; ,True
5259,2019-01-10 06:52:00,150,Bellanduru,"Drainage cover missing near Krystal Ruby apartment, Bellandur fro...","Drainage cover missing near Krystal Ruby apartment, Bellandur from past one year","Mobility - Roads, Footpaths and Infrastructure",Fixing/Reparing Potholes,Resolved,2,"Bellandur Main Rd, Bellandur, Bengaluru, Karnataka 560103, India",,12.9228821,77.6740618,184,100.0,Possible category mismatch: drainage; ,True
5273,2019-01-10 14:32:00,12,Shettihalli,"Near Chikkasandra Govt school, Bonemill, Hesaragatta road, since...","Near Chikkasandra Govt school, Bonemill, Hesaragatta road, since from past 2 months street lights are not working and the local elecricity board is not bothered about",Streetlights,Maintenance/Repair Of Streetlights,Resolved,3,"Chikkasandra, Jalahalli West, Bengaluru, Karnataka, India",,13.0663363,77.5117782,7,37.79,Possible category mismatch: road; ,True
5282,2019-01-10 22:20:00,111,Shantala Nagar,Bad street road and drainage issue.,"Since 10 yrs we dont have proper maintaince for our area Example street road, drainage issue every month, etc etc ,none of  politician workers are showing there face also.. pls do need full",Garbage and Unsanitary Practices,Clearance Of Garbage Dump Or Black Spot,On-the-Job,2,"20/1, Officers Colony, Victoria Layout, Bengaluru, Karnataka 560047, India",Near nagama temple,12.9637448,77.61527354,38,78.17,"Possible category mismatch: drainage, road; ",True
5283,2019-01-10 22:39:00,84,Hagadur,Sir there is Nandini milk shop on nagondanhalli main road Whitefi...,Sir there is Nandini milk shop on nagondanhalli main road Whitefield. He is burning milk packets and tea cups which also has plastic . This is very dangerous please find photo and vedio .we told him not to do but he still doing it daily,Garbage and Unsanitary Practices,Clearance Of Garbage Dump Or Black Spot,Resolved,4,"1011, Nagondanahalli Main Road, Nagondanahalli Main Road, Nagondanahalli, Bengaluru, 560066, India",,12.96995041,77.76713044,29,71.79,Possible category mismatch: road; ,True
6936,2019-01-12 11:44:00,32,Kaval Bairasandra,Building construction on road creating traffic issue,Building construction on road creating traffic issue,Garbage and Unsanitary Practices,Clearance Of Garbage Dump Or Black Spot,Resolved,3,"#g-1C, Sm Emerald, 6Th Main Road, Khb Colony Extension, Kaval Bairasandra, Bengaluru, Karnataka 560032, India",,13.0263998,77.6086682,34,75.16,Possible category mismatch: road; ,True
194,2019-01-14 12:51:00,110,Sampangiram Nagar,Checking,Checking the complINTS,"Mobility - Roads, Footpaths and Infrastructure",Fixing/Reparing Potholes,Open,0,"89, Infantry Road, Tasker Town, Sampangi Rama Nagar, Bengaluru, Karnataka 560001, India",Checking,12.97863104,77.60698549,13,51.41,Insufficient information in title; ,True
195,2019-01-14 12:55:00,110,Sampangiram Nagar,Checking,Checking the complaint,Garbage and Unsanitary Practices,Clearance Of Garbage Dump Or Black Spot,Open,0,"26, Bowring Hospital Rd, Shivaji Nagar, Bengaluru, Karnataka 560001, India",Checking,12.98298018,77.6014065,36,75.73,Insufficient information in title; ,True
233,2019-01-16 13:19:00,65,Kadu Malleshwara,Parking on footpaths,Parking on footpaths,"Mobility - Roads, Footpaths and Infrastructure",Tarring Or Asphalting Of Existing Road,Resolved,1,"Mes Pu College Of Arts, Commerce & Science, 15Th Cross, Prof, Mpl Sastry Road, Malleshwaram West, Bengaluru, Karnataka, India",,13.0054385,77.5635027,8,39.8,Possible category mismatch: traffic; ,True
261,2019-01-18 16:09:00,25,Horamavu,Speed Breakers to be maintained properly,"Speed Breakers are not maintained properly as there are three humps in this small road all there humps have pot holes immediately next to it and there is one big pipe which is lying on the road and which is near to kinder garden school, which has to be removed and road to be maintained with proper tarring.",Streetlights,Maintenance/Repair Of Streetlights,Resolved,6,"Old Flour Mill Street, Horamavu Agara, Horamavu, Bengaluru, Karnataka 560043, India",After horamavu agara lake,13.03694801,77.65549068,39,78.48,Possible category mismatch: road; ,True
274,2019-01-19 20:47:00,110,Sampangiram Nagar,Leaves being burnt almost every day .this is near mg road one of...,"Leaves being burnt almost every day .this is near mg road one of the prime spots. if you don't impose fines , nothing will happen!",Garbage and Unsanitary Practices,Clearance Of Garbage Dump Or Black Spot,Resolved,2,"Dickenson Road, Rukmani Colony, Sivanchetti Gardens, Bengaluru, Karnataka, India",,12.9800568,77.6127332,36,75.73,Possible category mismatch: road; ,True
276,2019-01-19 23:14:00,72,Herohalli,No proper road from Sunkadakatte to Magadi Main Road,"Hi Team, 
From 15 years there is no proper road from sunkadakatte to Hegganahalli main road, Earlier BMTC buses where travelling in those patchy roads , now even BMTC buses cant come in that road , they are longer route and even that road is not suitable for 2 vehicles. please do some thing on these .I have attached photos of the road condition.",Traffic and Road Safety,Traffic Jams/Congestion Or Bottlenecks,Closed,1,"Pipeline Rd, Anjana Nagar, Tunganagara, Bengaluru, Karnataka 560091, India","Pipe line road, near vidyashree school, anjananagar, magadi main road, Bengaluru, Karnataka 560091, India",12.9863128,77.487037,1,10.56,Possible category mismatch: road; ,True
294,2019-01-21 13:32:00,119,Dharmaraya Swamy Temple,For the last 10 days after cleaning mud remain on footpath. This...,For the last 10 days after cleaning mud remain on footpath. This is on S. P road cross near Mehta Tools corporation.,Garbage and Unsanitary Practices,Clearance Of Garbage Dump Or Black Spot,Resolved,2,"29/5, 1St Floor, Near-Industrial Valves, S P Road, Bengaluru, Karnataka 560002, India",,12.96502076,77.57967152,16,56.25,Possible category mismatch: road; ,True
320,2019-01-23 17:11:00,150,Bellanduru,Bad condition of road,"Pathetic condition of road,  dugged up and covered with dust and it congests the roads causing delays.",Traffic and Road Safety,Traffic Jams/Congestion Or Bottlenecks,Closed,1,"Rmz Eco World Rd, Adarsh Palm Retreat, Bellandur, Bengaluru, Karnataka 560103, India",The bay,12.92602512,77.68875446,23,65.57,Possible category mismatch: road; ,True
321,2019-01-23 18:00:00,195,Konankunte,????? ???? ????? ??????? ??????? ????????????? ???? ????? ???? ??...,????? ???? ????? ??????? ??????? ????????????? ???? ????? ???? ???? ????? ?????????????? ???? ??????? ??????? ???????? ?????? ????? ????? ????? ?????????? ??? ?????? ??? ????? ???????? ?????? ??? ??? ????? ????? ?????? ??????,Garbage and Unsanitary Practices,Clearance Of Garbage Dump Or Black Spot,Resolved,1,"34, 6Th Main Rd, Navodaya Nagar, Gaurav Nagar, Jp Nagar 7Th Phase, Jp Nagar, Bengaluru, Karnataka 560078, India",,12.8859266,77.57996702,29,71.79,Insufficient information in title; ,True
332,2019-01-24 10:48:00,93,Vasanth Nagar,Water leakage,Water leakage,"Mobility - Roads, Footpaths and Infrastructure",Fixing/Reparing Potholes,Resolved,2,"3/21Kaverappa Layout, Millers Rd, Vasanth Nagar, Bengaluru, Karnataka 560051, India",,12.9902392,77.5940054,62,87.9,Possible category mismatch: water; ,True
366,2019-01-27 08:34:00,197,Vasanthapura,Drainage overflow. cousin trouble for public. kindly check,Drainage overflow. cousin trouble for public. kindly check,"Mobility - Roads, Footpaths and Infrastructure",Tarring Or Asphalting Of Existing Road,On-the-Job,1,"Tippasandra Rd, Udgir, Munireddy Layout, Konanakunte, Bengaluru, Karnataka 560062, India",,12.88423701,77.55801483,19,59.47,Possible category mismatch: drainage; ,True
441,2019-01-31 21:09:00,166,Karisandra,Bbmp emloys r not cleaning road proplerly near my house beside th...,Bbmp emloys r not cleaning road proplerly near my house beside the car the waste will be there it self,Garbage and Unsanitary Practices,Clearance Of Garbage Dump Or Black Spot,Resolved,2,"Digvijaya Hospital, Kanakapura Road, 7Th Block, Jayanagar, Bengaluru, Karnataka, India",,12.9297172,77.5764501,12,50.36,Possible category mismatch: road; ,True
13,2019-02-01 13:54:00,26,Ramamurthy Nagar,Big Potholes due to sewage water,"Dear Sir / Mam,

This is to bring to your kind notice that the newly laid road went vanish due to the sewage water from one house that has let out the drainage towards road, and this is because there were no road side drains laid. The road was laid in mid 2018 and just a week after the road went vanish.

Kindly help to fix the road and advise the site property owner to fix their drainage towards road side drains to save road becoming potholes.

One unhappy tax payer.

Thanks!","Mobility - Roads, Footpaths and Infrastructure",Fixing/Reparing Potholes,Resolved,2,"Kanakanagara Main Rd, Nri Layout, Bengaluru, Karnataka 560016, India",Opp. to Water Tank,13.03878664,77.68125363,30,72.76,Possible category mismatch: drainage; ,True
458,2019-02-02 09:14:00,25,Horamavu,Overflow of Sewage Water From Man Hole,"The Sewage water is overflowing from the manhole primarily due to a huge outflow from an apartment close by and causing a lot of distress to the passers by. Stagnant water is turned into a breeding ground for mosquitoes. This can cause diseases to the kids, elderly and the home makers who happen to walk around the locality.

The complaint to clean the sewage at JR Layout had been raised on 28th January 2019 and no action has been yet inspite of repeated complaints to the engineer.",Water Supply and Services,Regular Water Supply,Resolved,2,"Jr Layout, 1St Block, Meganahalli, Kalyan Nagar, Bengaluru, Karnataka 560043, India",Near JR Arcade Apartments,13.0283762,77.6406737,11,47.83,Possible category mismatch: drainage; ,True
459,2019-02-02 11:21:00,54,Hoodi,Roads are not Asphalted and no proper drainage almost 7 years,"We few families are staying in Chikkaramaiah layout for almost 7 years and our roads are not asphalted. Area is called Jinkethimmanahalli, Varanasi, comes under Mahadevapura (Ward 56 or 54).  Sometime back we had informed corporator when he came . Later they came back saying another layout exist in same area of same name.  But it does not seem correct.  Would request to help us.","Mobility - Roads, Footpaths and Infrastructure",Tarring Or Asphalting Of Existing Road,Re-opened,31,"Unnamed Road, Jinkethimmanahalli, Varanasi, Bengaluru, Karnataka 560049, India","Near M M A Kabab Center, Olive National School",13.02338487,77.68908335,37,76.93,Possible category mismatch: drainage; ,True
1544,2019-02-04 07:00:00,79,Sarvagna Nagar,"Drain slab broken, not replaced","There is ongoing work on drain de-silting on the PSK Naidu road, by contractor named Suresh. When doing the work, the workers have broken 4 slabs in front of our gate leading to major hassle in taking out the car. I've been meeting the contractor and workers every day and they keep promising to replace the slabs, but it has not been done.","Mobility - Roads, Footpaths and Infrastructure",Construction of new footpaths,Resolved,8,"92, Psk Naidu Rd, Cox Town, Bengaluru, Karnataka 560005, India",Near adonai church,12.99369019,77.62597266,1,10.56,Possible category mismatch: drainage; ,True
1558,2019-02-04 13:27:00,160,Rajarajeshwari Nagar,????? ??????,???? ???? ?????????? ?????? ????? ?????? ?????. ????? ??????????? ????? ????? ???????? ?????????. ???? ???????? ????? ?????????????.??????? ???????? ????,Water Supply and Services,Regular Water Supply,Open,0,"Bangarappanagar, Rr Nagar, Bengaluru, Karnataka, India",Shanimahatma temple,12.9252298,77.5296963,3,23.5,Insufficient information in title; ,True
1561,2019-02-04 14:52:00,174,HSR Layout,Udupi Palace restaurant released its sewage into my house,"A complaint for severe noise pollution has been raised against Udupi Palace restaurant located at 1188, 24th main HSR layout, on 25 Feb 2019 on this forum. On 15 Mar a detailed email describing noise, garbage and dangerous release of LPG was sent to KSPCB with photos and videos. Till date there is no response from anyone. A copy of this email has been sent to BBMP today. On 30/03/19 the police was called in at 6:20am because the restaurant released it's sewage into my house early in the morning. The police clearly instructed them to stop the noise and to clean up the sewage and garbage thrown by them all around in theirs and in all 4 adjoining properties. In spite of the police's warning, they released more sewage at 10:10am. The police was called again. Even after repeat warnings and instructions to clean up, nothing has been done till now. Noise, garbage and poking LPG cylinder with screwdriver continue as before. The entire place is stinking and full of flies and rats.  This is the second time in one month that the restaurant has released its sewage into my house. Photos taken on 30th and 31st March and 1st April are attached here. Please note the packet of tobacco that has been thrown into my house on 1st April. Please take immediate action to close this restaurant.",Garbage and Unsanitary Practices,Clearance Of Garbage Dump Or Black Spot,Re-opened,33,"1188 Hnr Tower, 24Th Main Road, Sector 2, Hsr Layout, Bengaluru, Karnataka 560102, India",Udupi Palace,12.90834459,77.64919149,72,89.58,Possible category mismatch: drainage; ,True
1571,2019-02-04 20:53:00,67,Nagapura,Stinking smell and ugly mess right in the main road foot path,Stinking smell and ugly mess right in the main road foot path,Garbage and Unsanitary Practices,Clearance Of Garbage Dump Or Black Spot,Resolved,2,"Vidya Vardhaka Sangha Road, E Block, Subramanyanagar,2 State, Nagapura, Bengaluru, Karnataka, India",,13.0043165,77.5532482,27,69.46,Possible category mismatch: road; ,True
2024,2019-02-05 10:39:00,168,Pattabhiram Nagar,"Corner of our road has turned into a dumping ground, due to the B...","Corner of our road has turned into a dumping ground, due to the BBMP cleaning cart kept here. This is in the prime of Jayanagar 4th T block and numerous complaints have been given without any use. It needs to be cleaned immediately and area should be bleached.",Garbage and Unsanitary Practices,Clearance Of Garbage Dump Or Black Spot,Resolved,2,"132, 35Th A Cross St, 4Th T Block East, Pattabhirama Nagar, Jayanagar, Bengaluru, Karnataka 560041, India",,12.92458954,77.58723112,27,69.46,Possible category mismatch: road; ,True
3216,2019-02-07 11:09:00,132,Attiguppe,Near Poorvika mobiles Chandra layout main road Bangalore. openly...,Near Poorvika mobiles Chandra layout main road Bangalore. openly burning all the wastes including plastic waste.the wastes are dumped here daily by the locals. Please fix it if possible.,Garbage and Unsanitary Practices,Clearance Of Garbage Dump Or Black Spot,On-the-Job,2,"Kfc Chandra Layout, Govindaraja Nagar Ward, Maruthi Nagar, Attiguppe, Bengaluru, Karnataka, India",,12.960962,77.52812,10,45.78,Possible category mismatch: road; ,True
3217,2019-02-07 11:20:00,90,Ulsoor,Halasuru road between SV Raod signal and Dickenson Road signal. s...,Halasuru road between SV Raod signal and Dickenson Road signal. several lights not working,Streetlights,Maintenance/Repair Of Streetlights,On-the-Job,3,"Ulsoor Road, Halasuru, Bengaluru, Karnataka, India",,12.9753756,77.6174004,1,10.56,Possible category mismatch: road; ,True
3885,2019-02-08 18:13:00,197,Vasanthapura,There is a overflow of sewage water from the manhole & sewage wat...,There is a overflow of sewage water from the manhole & sewage water flowing in the opened drainage infront of our house,"Mobility - Roads, Footpaths and Infrastructure",Fixing/Reparing Potholes,On-the-Job,1,"No 65, 5Th Cross, Simhadri Layout, Uttarahalli Hobli, Bengaluru, Karnataka, India",,12.9095937,77.5477785,34,75.16,Possible category mismatch: drainage; ,True
4590,2019-02-09 12:27:00,188,Bilekahalli,Water logging after BBMP left unfinished work,Water logging after BBMP left unfinished work,"Mobility - Roads, Footpaths and Infrastructure",Fixing/Reparing Potholes,Resolved,2,"Vinyas Vishwas, Kodichikkanahalli Main Road, Ramanashree Enclave, Bilekahalli, Bengaluru, Karnataka, India",,12.9012767,77.6074508,52,83.66,Possible category mismatch: drainage; ,True
5288,2019-02-10 01:27:00,7,Byatarayanapura,All medical waste thrown carelessly on the main road outside the...,"All medical waste thrown carelessly on the main road outside the hospital. 
blood stained cotton, needles are scattered on the road.
severe danger to health.
Location: ProLife hospital, Byatarayanapura Signal, Bangalore-560092",Garbage and Unsanitary Practices,Clearance Of Garbage Dump Or Black Spot,Resolved,1,"106, Bellary Main Road, Amruthalli, Sahakar Nagar, Bengaluru, Karnataka 560092, India",,13.0640513,77.5942096,43,80.48,Possible category mismatch: road; ,True
5295,2019-02-10 09:48:00,84,Hagadur,Sewage overflow,Sewage overflow,Garbage and Unsanitary Practices,Clearance Of Garbage Dump Or Black Spot,Resolved,1,"Calvin’S Cafe, Dodsworth Layout, Whitefield, Bengaluru, Karnataka, India",,12.9681791,77.7494703,29,71.79,Possible category mismatch: drainage; ,True
5300,2019-02-10 11:51:00,6,Thanisandra,"Road turned into a dumping area by 
residents, witnessed domestic...","Road turned into a dumping area by 
residents, witnessed domestic helps from apartments dumping garbage on road to keep knife premises clean",Garbage and Unsanitary Practices,Clearance Of Garbage Dump Or Black Spot,Resolved,2,"Rachenahalli, Thanisandra, Bengaluru, Karnataka, India",,13.0615195,77.6163803,60,87.39,Possible category mismatch: road; ,True
5302,2019-02-10 13:44:00,76,Gayathri Nagar,Sewage outflow,Sewage outflow,"Mobility - Roads, Footpaths and Infrastructure",Fixing/Reparing Potholes,Resolved,1,"924A, 3Rd Main Rd, D-Block, 2Nd Stage, Rajajinagar, Bengaluru, Karnataka 560021, India",,13.0014681,77.5539136,8,39.8,Possible category mismatch: drainage; ,True
5310,2019-02-10 18:21:00,100,Basaveshwara Nagar,Unauthorized parking from more than 6 months,Unauthorized parking from more than 6 months,Garbage and Unsanitary Practices,Clearance Of Garbage Dump Or Black Spot,Resolved,1,"St Charles High School, Adarsha Layout, 3Rd Stage, Basaveshwar Nagar, Bengaluru, Karnataka, India",,12.9966978,77.5421597,3,23.5,Possible category mismatch: traffic; ,True
5315,2019-02-10 20:41:00,73,Kottigepalya,Srigandakavalu Sunkadhakatte  vakkaligara hostel near road side g...,"Srigandakavalu Sunkadhakatte  vakkaligara hostel near road side garbage very bad smell, Chikan wastage and factory thermocols throughout on road side",Garbage and Unsanitary Practices,Clearance Of Garbage Dump Or Black Spot,Resolved,3,"Sunkadakatte, Bengaluru, Karnataka, India",,12.9918405,77.5046475,22,63.9,Possible category mismatch: road; ,True
6147,2019-02-11 06:57:00,54,Hoodi,Potholes and manhole leakage,Please fix manhole leakage and multiple potholes on Kodiegahalli village main road specially near Diya school academy urgently.,"Mobility - Roads, Footpaths and Infrastructure",Fixing/Reparing Potholes,Resolved,2,"Kodigehalli Main Rd, Krishnarajapura, Bengaluru, Karnataka, India",Near diya academy,13.0035439,77.7251542,37,76.93,Possible category mismatch: drainage; ,True
6156,2019-02-11 15:58:00,6,Thanisandra,"Near rashtrothana school, on the side of the road where bridge co...","Near rashtrothana school, on the side of the road where bridge constitution items are placed lot of garbage are getting dumped",Garbage and Unsanitary Practices,Clearance Of Garbage Dump Or Black Spot,Re-opened,3,"Rashtrotthana Vidya Kendra, Rk Hegde Nagar, Bengaluru, Karnataka, India",,13.0680807,77.6342473,60,87.39,Possible category mismatch: road; ,True
6945,2019-02-12 08:43:00,199,Other,Roads,"Roads in this area in horrible condition, Even can't able to walk in the road. My suggestion is that collect the money from all pgs present in that area and can put the tar because from last 1 it self road become like drainage.","Mobility - Roads, Footpaths and Infrastructure",Tarring Or Asphalting Of Existing Road,Resolved,1,"Shanthi Pura, Electronic City Phase Ii, Electronic City, Bengaluru, Karnataka, India",Pgs are present near Volga restorunt,12.8485869,77.6836756,80,92.14,Insufficient information in title; ,True
6947,2019-02-12 10:37:00,150,Bellanduru,Sewage is overflowing please stop,Sewage over flowing on turn ahead of stop and shop market on host road going towards sarjapura road,Garbage and Unsanitary Practices,Clearance Of Garbage Dump Or Black Spot,Resolved,1,"#311, Hosa Rd, Kasavanahalli, Karnataka 560035, India",Sewage over flowing at the turn after stop and shop towards sarjapura road,12.90907268,77.67636433,68,89.0,Possible category mismatch: drainage; ,True
6949,2019-02-12 10:42:00,144,Siddapura,Siddapura road 5 lights not working,"Turn right on Siddapura junction going towards lalbagh west gate, 5 lights not working",Streetlights,Maintenance/Repair Of Streetlights,On-the-Job,2,"Siddapura Rd, B Venkata Reddy Nagar, Mavalli, Bengaluru, Karnataka, India",Siddapura junction - take a right towards lal bagh west gate,12.9467213,77.5903006,4,27.84,Possible category mismatch: road; ,True
6959,2019-02-12 15:56:00,20,Ganga Nagar,"Worst Managed Signal in Hebbal, Pothole Ridden Roads, Unruly autorickshaws and lorries","It takes 15-20 minutes to cross just 500 meters in Hebbal signals for the traffic coming from BEL circle, and going either straight toward Nagawara or taking left toward airport. There are multiple reasons for this unbearable traffic conditions. First of all, the management of traffic. For some reasons police stops heavy vehicles toward the left side of the roads and converting 2/3 lanes to just 1 lane. Secondly, unreasonable time given for traffic from the opposite direction to pass. Thirdly, The road is full of uneven patches and potholes, effectively slowing down the passing traffic drastically, consequently, the time taken to clear the traffic is unreasonably high. And last, but not least, autorickshaws, two wheeler and some other vehicles takes opposite direction - directly comes in the path of onward traffic. All these make life miserable riding via Hebbal. Knowing that the flyover and roads around Hebbal is worst of a design, BTP and BBMP must take actions which can rectify these four issues and make life a bit better",Traffic and Road Safety,Traffic Jams/Congestion Or Bottlenecks,Open,0,"Hebbal Bridge (Towards Bel Circle, Bhoopasandra, R.m.v. 2Nd Stage, Bengaluru, Karnataka 560024, India",Hebbal flyover,13.04261497,77.58841238,1,10.56,Possible category mismatch: road; ,True
6960,2019-02-12 16:22:00,139,K R Market,Mosuitoes due to cow dung on road,Cow dung is not cleaned up by the cow shelter people,Garbage and Unsanitary Practices,Clearance Of Garbage Dump Or Black Spot,Resolved,2,"Linen Police Rd, Ranasinghpete, Sultanpete, Bengaluru, Karnataka 560053, India",Opp. Gas Bunk Near Purvi Plaza,12.96722987,77.57069252,9,42.94,Possible category mismatch: road; ,True
6965,2019-02-12 18:35:00,57,C V Raman Nagar,Remains of the drainage work is left untouched in a long stretch...,Remains of the drainage work is left untouched in a long stretch from vignan nagar to GM Palya. In the attached photo you can see one such example where the authority has not cleaned up after theie repair work. This is dangerous and unacceptable. How much time will it take to clear the debris after the work. So many lives at stake here.,"Mobility - Roads, Footpaths and Infrastructure",Fixing/Reparing Potholes,On-the-Job,1,"Burma Super Market, Malleshpalya Road, Maruthi Nagar, Malleshpalya, Kaggadasapura, Bengaluru, Karnataka, India",,12.973638,77.674449,25,68.15,Possible category mismatch: drainage; ,True
630,2019-02-13 08:26:00,176,BTM Layout,There is garbage dumped in front of our house. it has not been cl...,There is garbage dumped in front of our house. it has not been cleared by the bbmp even after repeated calls. please arrange to get it cleared,Streetlights,Maintenance/Repair Of Streetlights,Resolved,2,"694, 8Th Main Rd, Sunshine Colony, Stage 2, Btm Layout, Bengaluru, Karnataka 560076, India",,12.9127357,77.6067326,14,53.23,Possible category mismatch: garbage; ,True
631,2019-02-13 08:29:00,199,Other,Drain overflowing near to  Sri Sri Ravisankar  Balmandir school i...,Drain overflowing near to  Sri Sri Ravisankar  Balmandir school in Kaverappa Layout,Garbage and Unsanitary Practices,Clearance Of Garbage Dump Or Black Spot,Re-opened,2,"Sri Sri Ravishankar Vidya Mandir, Varthur Hobli, Bangalore East, Mullur, Bengaluru, Karnataka, India",,12.9038477,77.7310395,116,96.25,Possible category mismatch: drainage; ,True
640,2019-02-13 15:18:00,190,Mangamannapalya,In ITI Layout 60 feet Main road There is V S international pre sc...,In ITI Layout 60 feet Main road There is V S international pre school kids are moving towards and there is ground also where kids go n play everyday and nxt to that tennis academy where different school kids n public ppl come and play in that ground. To much of  garbage wastae are thrown by people. Pls clean up soon as possible otherwise kids get effected soon,Garbage and Unsanitary Practices,Clearance Of Garbage Dump Or Black Spot,Resolved,2,"276, 10 Main, Iti Layout, Sector 7, Hsr Layout, Bengaluru, Karnataka 560068, India",,12.9023458,77.6413442,24,66.94,Possible category mismatch: road; ,True
648,2019-02-14 11:13:00,18,Radhakrishna Temple,Hawkers and Road sweepers absent on a perennial basis.,"Hello Authorities,

It is hereby to note that the hawkers/sweepers are not present on a perennial basis in this locality.

There have been ample number of disputes raised over the same with absolutely no responses on the same query.

The bbmp spoc Mr Vivek is absolutely tardy and is not reachable on the given contacts,This needs to be taken on a high priority where hawkers are not present and the roads are unhygienic.

Please assign to a senior apart from Mr Vivek",Garbage and Unsanitary Practices,Clearance Of Garbage Dump Or Black Spot,Re-opened,5,"Venkatachary Nagar, R.m.v. 2Nd Stage, Bengaluru, Karnataka, India",Behind parallel road to Railway station -Lottegollahalli,13.0416536,77.5637331,19,59.47,Possible category mismatch: road; ,True
653,2019-02-14 19:29:00,85,Dodda Nekkundi,BEML Layout entrance from Varthur road.So horrible it is!!! That...,"BEML Layout entrance from Varthur road.So horrible it is!!! That apartment are not maintaining their waste and segregating also. .Always it is open it comes till the road.
couldn't cross sometimes it stinks due to poor management.",Garbage and Unsanitary Practices,Clearance Of Garbage Dump Or Black Spot,Resolved,4,"17Th Cross Road, Beml Layout, Brookefield, Bengaluru, Karnataka, India",,12.9573715,77.7218905,52,83.66,Possible category mismatch: road; ,True
655,2019-02-14 19:40:00,114,Agaram,"Water leakage continuesly past 3months no one repair this, please...","Water leakage continuesly past 3months no one repair this, please repair consult area water board officer  save the precious water.cambridge road junction, beside traffic high land",Streetlights,Maintenance/Repair Of Streetlights,Resolved,4,"Cambridge Rd, Gowthamapuram, Domlur, Bengaluru, Karnataka 560007, India",,12.96593667,77.625425,16,56.25,Possible category mismatch: water; ,True
669,2019-02-15 18:40:00,172,Madivala,"Coconut tree leaves fell on transformer, after that there was a f...","Coconut tree leaves fell on transformer, after that there was a fire cot from the Garbage under the transfer at 12 A Main Road, BTM 1st Stage, Bangalore 570029. Please take action to clear the Garbage",Garbage and Unsanitary Practices,Clearance Of Garbage Dump Or Black Spot,Re-opened,9,"103, 12Th A Main Rd, Keb Colony, 1St Stage, Btm Layout, Bengaluru, Karnataka 560029, India",,12.91873726,77.6081345,14,53.23,Possible category mismatch: electricity; ,True
682,2019-02-16 09:52:00,27,Banasavadi,Tree chopped and left on the road by bescom. No one has picked it...,Tree chopped and left on the road by bescom. No one has picked it for last 2 weeks.,Garbage and Unsanitary Practices,Clearance Of Garbage Dump Or Black Spot,Re-opened,3,"32, 1St Main Rd, 2Nd Block, Green Park Layout, Banswadi, Bengaluru, Karnataka 560043, India",,13.01365406,77.65901146,38,78.17,Possible category mismatch: road; ,True
699,2019-02-17 13:33:00,28,Kammanahalli,"Foot Path and Main road filled with Vegetable,Fruits carts and autos.","Hi Sir,

I have raised the complaint with BBMP mail ID. No action has been taken.

It has been very difficult for the public vehicles like buses, bikes and cars to pass the road. The people are very rude who made the main roads as permanent stalls all over the lain and autos, two wheelers parked where ever they like in the roads and foot paths.

The BBMP officers and Police do not take any action as they pass the road every day. It might turn up to a City Market if continued.

Please request to kindly keep the roads and foot path available for the public to move around the main roads.",Traffic and Road Safety,Traffic Jams/Congestion Or Bottlenecks,Closed,1,"Balakrishna Building, Ramaswamipalya, Maruthi Sevanagar, Bengaluru, Karnataka 560084, India",Kammanahalli Main Road,13.00673278,77.63579946,2,17.95,Possible category mismatch: road; ,True
708,2019-02-17 19:45:00,150,Bellanduru,Need speed breaker humps at Kaikondrahalli in front of St. Peter's school,There is a need of speed breaker hump on Sarjapura Road in front of St.Peter's school. Vehicles coming on Sarjapura road (Both sides) never slow down for the vehicles carrying school children from the school and trying to get on to the Sarjapura main road. This is causing big trouble for many parents with school children. There are many days when this U turn junction don't even have traffic cops to assist the vehicles coming from school. There is a need of speed breaker hump to slow down the vehicles at this junction to protect the school children.,Traffic and Road Safety,Traffic Jams/Congestion Or Bottlenecks,Closed,3,"St. Peter's School, Sarjapur Main Rd, Kaikondrahalli, Bengaluru, Karnataka 560035, India",Opp to st. Peters school,12.9148791,77.6791123,23,65.57,Possible category mismatch: road; ,True
720,2019-02-18 08:35:00,198,Hemmigepura,Drain smelling very badly,"Hi Sir , in this premises there is a rajakaluve flowing , but it is smelling very badly most of the times , please take some action or check why it is smelling badly",Garbage and Unsanitary Practices,Clearance Of Garbage Dump Or Black Spot,Resolved,2,"Manipal Hospital Road, Hemmigepura Ward 198, Rr Nagar, Bengaluru, Karnataka 560098, India",Opp Manipal hospital rajarajeshwari nagar,12.9083243,77.5108268,9,42.94,Possible category mismatch: drainage; ,True
758,2019-02-20 10:48:00,150,Bellanduru,5 potholes creating Jam near Mayfair Anthem Bhoganahalli creating traffic jam,5 potholes creating traffice Jam near May fair Anthem apartment Bhoganahalli road going towards new horizon Vidya Mandir with all BMTC buses & school buses passing by. Please have these potholes filled ASAP,"Mobility - Roads, Footpaths and Infrastructure",Fixing/Reparing Potholes,Resolved,2,"Gear Road, Boganhalli, Bhoganhalli, Bengaluru, Karnataka 560103, India",Road next to Mayfair anthem going toward New horizon Vidya Mandir,12.9269951,77.6949375,184,100.0,Possible category mismatch: traffic; ,True
795,2019-02-22 08:41:00,78,Pulikeshinagar,"Sewage overflowin 
 g outside MCC Officers Mess on Promenade Road","Sewage overflowin 
 g outside MCC Officers Mess on Promenade Road",Garbage and Unsanitary Practices,Clearance Of Garbage Dump Or Black Spot,Open,0,"Promenade Rd, Sindhi Colony, Pulikeshi Nagar, Bengaluru, Karnataka 560005, India",,12.99150127,77.61466889,22,63.9,"Possible category mismatch: drainage, road; ",True
808,2019-02-23 06:26:00,85,Dodda Nekkundi,Road maintenance is pathetic,Brookfield to till kundanalli colony the maintenance of road is pathetic. From so many months mud and garbage is lying. Please look in your it. The entire main road is  maintained like a dumb.,Garbage and Unsanitary Practices,Clearance Of Garbage Dump Or Black Spot,Resolved,4,"Brookefield, Bengaluru, Karnataka, India",Brookfield mall,12.9712301,77.7148376,52,83.66,Possible category mismatch: road; ,True
809,2019-02-23 07:37:00,153,Jayanagar,Parking in front of southend circle  signal,Parking in front of southend circle  signal,"Mobility - Roads, Footpaths and Infrastructure",Tarring Or Asphalting Of Existing Road,Resolved,1,"101, 2Nd Block, Jaya Nagar East, Jayanagar, Bengaluru, Karnataka 560004, India",,12.936828,77.5806317,3,23.5,Possible category mismatch: traffic; ,True
831,2019-02-23 20:14:00,188,Bilekahalli,"BBMP PARK MISUSED, OWNER MISUSE PAVEMENT,VIJAYA BANK COLONY, BG ROAD","Sent: Saturday, February 23, 2019, 12:51:05 PM GMT+5:30
Subject: DEAR GREAT BBMP FIRST WAKE UP BEFORE THE ISSUE EXPLODES, VIJAYA BANK COLONY, BG ROAD, RESIDENTS

Dear commissioner the BBMP at Vijaya bank colony literally a waste entity since even providing heavy facilities, house, the heavy salary to the personnel who is suppose to the in charge and responsible,, not bothered the garden at vijaya bank colony, bbmp maintained is so dirty and there is no hygienic, condition, the evidences given here under as well the house owners are misusing the foot paths, and parking place,,,, is totally irrelevant and misusing the public utility, the cars are parked,,, with totally misusing the pavements, what a shame, why the bbmp not bothered to note this the CM of Karnataka the minister BBMP contacted if you escape and just transferring the responsibility saying that its transferred to bomanahally, bbmp,, its not solution first you need to take the action if not you need to ,,, answerable to 20000 people at visjaya bank colony, bannergahtta road, since its shows totally negligible and time passing,, just transferring the responsibility not work out even though heavy salaries paid,,, what a shame, with the tax money of the public,, and residents of the vijaya bank colony opposite to the ayappa temple,, bannergahtta roa,d behind IIM,, what a shame,, first look not this or face the media coverage,, that is the only solution, since the issue is burning since heavy salaried paid to the bbmp garden maintenance but the personnel who enjoy accommodation by bbmp , facility etc not bothered, first take care of this issue, evidences given under 
with photos also, BBMP why becoming so much corrupted every day in media, tv its covered, and many issues,,,, as well public money misused,, 
evidence given under , AS WELL THE HOUSE  owner totally misusing the foot paths and covering, parking illegally and troublesome to walkers, as well the public and behaving like roudies, gundas, as well the vegetable vendors, fruit vendors trouble some, its nuisance,, must be removed immediately, this is spoiling beaty of colony, public utilities opposite to ayappa temple, BBMP PARK , THE ATTENDANT IS TOTALLY MISSUING THE PRIVILEGES EVEN THOUGH GIVEN THE ACCOMMODATION, HEAVY SALARY ETC,, BUT NEGLIGENCE AND MISUSED,, WHY TAX PAYERS NEED TO FEED THIS MANY ANTI SOCIAL ELEMENTS, VIJAYABANK COLONY, NEXT TO AYAPPA TEMPLE, BEHIND IIMB BANGALORE BANNERGAHTA ROAD",Traffic and Road Safety,Traffic Jams/Congestion Or Bottlenecks,Closed,1,"51, Btm 4Th Stage, Addischetan Layout, Bommanahalli, Bengaluru, Karnataka 560076, India","Vijya bank colony, trouble some parking and BBMP park misused by BBMP attendant",12.8871498,77.6112762,6,35.12,Possible category mismatch: road; ,True
856,2019-02-25 19:26:00,59,Maruthi Seva Nagar,On the Hutchins road 3rd cross,On the Hutchins road 3rd cross,Garbage and Unsanitary Practices,Clearance Of Garbage Dump Or Black Spot,Resolved,4,"Bliss Apartment, 3Rd Cross Rd, St Thomas Town, Cooke Town, Bengaluru, Karnataka 560084, India",,13.0057169,77.6232788,20,60.93,Possible category mismatch: road; ,True
893,2019-02-28 09:40:00,86,Marathahalli,Drainage water reversed,"Drainage water is reversed to inside the home so please check and solve the issue, we registered the complaint so many times but still we are not get permanent solution.",Garbage and Unsanitary Practices,Clearance Of Garbage Dump Or Black Spot,Resolved,5,"Unnamed Road, Yemalur, Bellandur, Bengaluru, Karnataka 560037, India","#34,1st cross,4th main, lakshmidevinagar",12.9424765,77.68716771,15,54.56,Possible category mismatch: drainage; ,True
898,2019-02-28 17:17:00,84,Hagadur,Pvt buses and mini vans cause unnecessary congestion on the stret...,"Pvt buses and mini vans cause unnecessary congestion on the stretch between CMRIT and Graphite signal. They keep their vehicle stationed at the bus stop for more than 5 mins and the traffic behind piles up. If they follow trafiic discipline, it should ease the traffic to some extent.","Mobility - Roads, Footpaths and Infrastructure",Tarring Or Asphalting Of Existing Road,Open,0,"Divyashree Technopark, Kundalahalli, Whitefield, Bengaluru, Karnataka 560037, India",,12.9685783,77.7264277,29,71.79,Possible category mismatch: traffic; ,True
899,2019-02-28 17:21:00,85,Dodda Nekkundi,Pvt buses and mini vans cause traffic congestion between Brookfie...,"Pvt buses and mini vans cause traffic congestion between Brookfield hospital and Graphite signal. They stop the vehicles beyond 5 mins at busstop which piles up the traffic behind. If they follow traffic discipline like other buses, it will help in easing the traffic situation.","Mobility - Roads, Footpaths and Infrastructure",Tarring Or Asphalting Of Existing Road,Resolved,1,"Cmrit College, Itpl Main Road, Kundalahalli Colony, Brookefield, Bengaluru, Karnataka, India",,12.9676924,77.7143853,41,79.79,Possible category mismatch: traffic; ,True
25,2019-03-01 10:19:00,93,Vasanth Nagar,Vasanthanagar 1st main 5th cross road.  the road has been tarred...,Vasanthanagar 1st main 5th cross road.  the road has been tarred few days back.  during that time bbmp has removed the cement concrete and put on footpath and was not removed. inform the respecive contractors to remove the waste concret.The local people think that is a dustbun and putting all the waste there.,Garbage and Unsanitary Practices,Clearance Of Garbage Dump Or Black Spot,Resolved,6,"No 59,, 5Th Cross Rd, Vasanth Nagar, Bengaluru, Karnataka 560052, India",,12.9947177,77.5913055,59,86.42,Possible category mismatch: road; ,True
470,2019-03-02 07:03:00,113,Konena Agrahara,This footpath slab is broken and no action. Near Rajeshwari theat...,This footpath slab is broken and no action. Near Rajeshwari theatre on old Airport Road,Streetlights,Maintenance/Repair Of Streetlights,Resolved,9,"Rajeshwari Theatre, Konena Agrahara, Murgesh Pallya, Bengaluru, Karnataka, India",,12.9588988,77.6609808,14,53.23,Possible category mismatch: road; ,True
917,2019-03-03 09:18:00,78,Pulikeshinagar,"Sewage overflow outside MEG   bungalow, Promenade aroaf","Sewage overflow outside MEG   bungalow, Promenade aroaf",Garbage and Unsanitary Practices,Clearance Of Garbage Dump Or Black Spot,Resolved,2,"Meg Offices Mess, Sindhi Colony, Pulikeshi Nagar, Bengaluru, Karnataka",,12.9911084,77.6164301,22,63.9,Possible category mismatch: drainage; ,True
923,2019-03-03 18:20:00,150,Bellanduru,Urgent Attention: Manhole overflow in front of Bellandur Central...,Urgent Attention: Manhole overflow in front of Bellandur Central Entrance gate on Service Road. Entire road is spilled with unhealthy water.,"Mobility - Roads, Footpaths and Infrastructure",Fixing/Reparing Potholes,Resolved,1,"Bangalore Central Mall-3, Soul Space Spirit, Bellandur Junction, Outer Ring Rd, Bengaluru, Karnataka 560103, India",,12.92595404,77.67529132,184,100.0,Possible category mismatch: drainage; ,True
1593,2019-03-04 11:22:00,139,K R Market,????????  ?????? ???????????? ?????? ?????????? ???????? ????????...,"????????  ?????? ???????????? ?????? ?????????? ???????? ???????? ????? ????? ????? ???? ??? ??? ????????? ??? ??????? ?????? ??????????? ???????? ???????????? ?????????? ???????? ???? ???? ??????????. ????? ???????? ???????? ????? ???? ???????? ?????? ??? ?????. ???????? ??? ??? ??? ?????, ?????? ???????? ????.","Mobility - Roads, Footpaths and Infrastructure",Tarring Or Asphalting Of Existing Road,Resolved,1,"Victoria Hospital, Fort Rd, New Tharagupet, Bengaluru, Karnataka, India",,12.9635669,77.5738074,1,10.56,Insufficient information in title; ,True
2643,2019-03-06 19:29:00,49,Lingarajapura,Lights  in 2nd main road ksfc layout not working,Lights  in 2nd main road ksfc layout not working,Streetlights,Maintenance/Repair Of Streetlights,Resolved,4,"59, 4Th Cross Rd, Kanakadasa Layout, Lingarajapuram, Bengaluru, Karnataka 560084, India",,13.0102058,77.6300227,10,45.78,Possible category mismatch: road; ,True
2644,2019-03-06 19:51:00,83,Kadugodi,Kadugodi Underpass Rainwater issue - No drainage,"There is no drainage system placed in Kadugodi Underpass and its recently opened and now started rainy season and most of the commuters facing issue and BBMP and Railway blaming each other and not taking any responsibility to resolve this issue., so please take a necessary steps to fix the drainage issue unless its no use for this Underpass.","Mobility - Roads, Footpaths and Infrastructure",Fixing/Reparing Potholes,Open,0,"Kadugodi, Bengaluru, Karnataka 560067, India",Near BBMP kadugodi,12.9968761,77.7585449,23,65.57,Possible category mismatch: drainage; ,True
4604,2019-03-09 13:00:00,99,Rajaji Nagar,Sand for construction dumped on road for more than 2 years. no on...,"Sand for construction dumped on road for more than 2 years. no one responsible to clear the sand .

at Modi hospital signal.opp axis bank ATM",Garbage and Unsanitary Practices,Clearance Of Garbage Dump Or Black Spot,Resolved,2,"728, Dr Mc Modi Hospital Rd, Manjunath Nagar, Basaveshwar Nagar, Bengaluru, Karnataka 560079, India",,12.99710891,77.5466908,8,39.8,Possible category mismatch: road; ,True
5348,2019-03-10 20:07:00,191,Singasandra,Garbages,Garbages clean .,Garbage and Unsanitary Practices,Clearance Of Garbage Dump Or Black Spot,Resolved,2,"Vgp Layout, Kudiu, Karnataka 560068, India",Kudlu,12.8915978,77.6528966,40,79.46,Insufficient information in title; ,True
6186,2019-03-11 22:50:00,169,Byrasandra,"The junction on Aurobindo Marg and 9th Main Road, Jayanagar 3rd B...","The junction on Aurobindo Marg and 9th Main Road, Jayanagar 3rd Block is having 5 roads joining at the junction. Traffic rules are violated at this junction every 30 seconds. Be it jumping of signals, rash driving, driving two wheeler without helmets, driving four wheelers without seat belt, stopping vehicles over the zebra crossing etc. It is difficult for cross road and emergency vehicles to pass through from this junction. This junction needs a cop to closely surveillance and fine the offenders.",Traffic and Road Safety,Traffic Jams/Congestion Or Bottlenecks,Open,0,"[Oppo Exclusive Showroom] Jayanagar, Opposite Icici Bank, Jayanagar East, Jaya Nagar 1St Block, Jayanagar, Bengaluru, Karnataka, India",,12.9328702,77.5838325,1,10.56,Possible category mismatch: road; ,True
6188,2019-03-11 23:01:00,84,Hagadur,Borewell road - Nallurahalli junction is congested every day duri...,Borewell road - Nallurahalli junction is congested every day during peak hours. The poor management of traffic is causing residents to suffer a lot. Either this road should be made one way from Ramgondanahalli Borewell Road to Nallurahalli junction or dividers should be build to avoid vehicles blocking moving traffic along with deputation of cops or placement of traffic light at Nallurahalli junction.,Traffic and Road Safety,Traffic Jams/Congestion Or Bottlenecks,Open,0,"Nallurhalli, Whitefield, Bengaluru, Karnataka, India",,12.9704803,77.7329131,6,35.12,Possible category mismatch: road; ,True
6984,2019-03-12 12:27:00,192,Begur,Garbage garbage everywhere,Garbage garbage everywhere,"Mobility - Roads, Footpaths and Infrastructure",Tarring Or Asphalting Of Existing Road,Resolved,3,"337, 16Th Main Rd, Mico Layout, Hongasandra, Bengaluru, Karnataka 560068, India",,12.88968,77.630363,96,93.64,Possible category mismatch: garbage; ,True
1087,2019-03-13 13:49:00,137,Rayapuram,Water,"Iam herewith writing this letter on behalf of our residence (neighbours), staying in 1st main road 1st cross, padarayanapura, bengaluru-26 very near from your place, from the past 2-3 months the pressure of water supply is completely zero because of which we are not able to satisfy our domestic needs in accordance with the above we have complained with the concerened authorities of the J J R nagar Service Station several times, and also with the line man Mr.Roa who is very arrogant and we pleaded him to check with the issue but he didnot responded us well, and he is saying that while congretting the road which is connected to the pipe line may be congrates may have stucked into the pipe and also asking us to complain with the corporator.  we are fed up and feeling very bad because we even dont have any other source of water too in our street, hence we request your goodselves to kindly interven and instruct concerened person to resolve the issue as early as possible, which may help us to procure water atleast for our domestic needs.",Water Supply and Services,Regular Water Supply,Open,0,"Padarayana Pura, Bengaluru, Karnataka 560026, India","1st main road, 1st cross,padarayanapura",12.9652408,77.5540467,1,10.56,Insufficient information in title; ,True
1116,2019-03-14 20:17:00,167,Yediyur,"Main road on Thyagaraja Nagar, one has to close Nose and Eyes to get past","This Black spot on the main road is becoming a dangerous spot with dogs, cows and overflowing Garbage and Filth. 

Don’t understand why this black spot is continuing to be there. 

It won’t be long before major accidents happen and life’s are lost",Garbage and Unsanitary Practices,Clearance Of Garbage Dump Or Black Spot,Resolved,2,"3044, Siddanna Layout, Thyagaraja Nagar, Basavanagudi, Bengaluru, Karnataka 560070, India",Opposite Bharath Petroleum station,12.929961,77.56901801,10,45.78,Possible category mismatch: road; ,True
1149,2019-03-16 18:03:00,49,Lingarajapura,Road block due to road digging,"I stay in lingrapuram to cross the lingrapuram flyover hardly it takes 2min but due to road digging it's became a huge problem it's talking 30 mins on to cross flyover .
And road digging is processing very slow and they can work till late night and stop work in peak hour working timings between 5pm to 8pm",Traffic and Road Safety,Traffic Jams/Congestion Or Bottlenecks,Closed,1,"Lingarajapuram, Bengaluru, Karnataka, India",Charles school,13.0083649,77.6306383,2,17.95,Possible category mismatch: road; ,True
1155,2019-03-17 10:05:00,80,Hoysala Nagar,Traffic signal not working,"Traffic signal at 80 feet Indira Nagar towards Thippasandra is not working for making right turn from past 3 weeks,it is creating ad hoc situation over there and implying to  accident,kindly repair it as soon as possible to avoid worst situation",Streetlights,Maintenance/Repair Of Streetlights,Resolved,6,"735, Chinmaya Mission Hospital Rd, Indira Nagar 1St Stage, Stage 1, Indiranagar, Bengaluru, Karnataka 560038, India","ADE ,traffic signal",12.97862496,77.64436769,3,23.5,Possible category mismatch: traffic; ,True
1156,2019-03-17 10:14:00,39,Chokkasandra,Drainage overflowing,"Drainage has blocking totally and drainage water is flowing on road. We already raised drainage problem request id #10838494 , till this issue not resolved, Now drainage is overflow on road and house . please resolve issue as soon. Very bad unhealthy environment.","Mobility - Roads, Footpaths and Infrastructure",Construction Of Roadside Drains,Resolved,2,"3Rd E Cross Road, Nethaji Nagar, Chokkasandra, Peenya, Bengaluru, Karnataka 560057, India",Jalahalli cross,13.03932394,77.51713149,1,10.56,Possible category mismatch: drainage; ,True
1173,2019-03-18 09:21:00,193,Arekere,"I stay in Dhanush Classic  Apartment, Nyanappanahalli Main Road,...","I stay in Dhanush Classic  Apartment, Nyanappanahalli Main Road, we have the Cauvery water connection but donot receive enough water due to being the last apartment  for the pipeline laid.
Our property is just 5-8 feet from the main line but the connection goes through a D tour .

We have raised several request with the BWSSB to establish a link line but no actions have been taken.

Kindly do the needful here to solve our water problem.",Water Supply and Services,Regular Water Supply,Open,0,"Dhanush Classic, Bhagyalakshmi Avenue, Rukmaiah Layout, Hulimavu, Bengaluru, Karnataka, India",,12.8788834,77.6140523,4,27.84,Possible category mismatch: road; ,True
1182,2019-03-18 22:14:00,193,Arekere,"I stay in Dhanush Classic Apartment, Nyanappanahalli Main Road.We...","I stay in Dhanush Classic Apartment, Nyanappanahalli Main Road.We have a cauvery water connection.But, we receive very less water as our apartment is the last one on the pipeline. Our apartment is just 5-8 feet from the mainline but the connection goes through a detour

We have raised several requests with the BWSSB but no actions have been taken so far

Requesting for a speedy resolution",Water Supply and Services,Regular Water Supply,Open,0,"Dhanush Classic, Bhagyalakshmi Avenue, Rukmaiah Layout, Hulimavu, Bengaluru, Karnataka, India",,12.8788834,77.6140523,4,27.84,Possible category mismatch: road; ,True
1183,2019-03-18 22:17:00,191,Singasandra,Pathhole,"Hi,This is Krupa,I am engineer.Daily i take the road that i am mentioning here,Which is very dangerous and needs immediate action.There is a pathhole which is very big and its very difficult to notice it at one go.Now public have put stones on that hole.Still it is dangerous as the stones are sharp.I would request the singasandra corporator to look into this issue","Mobility - Roads, Footpaths and Infrastructure",Fixing/Reparing Potholes,Resolved,3,"59, Manipal County Rd, Aishwarya Crystal Layout, Singasandra, Bengaluru, Karnataka 560068, India",Opposite to venca apartment,12.87396824,77.64427101,59,86.42,Insufficient information in title; ,True
1185,2019-03-18 23:46:00,199,Other,Road from huskur gate till fruit market remains dark even though...,Road from huskur gate till fruit market remains dark even though their are lights but not operational,Streetlights,Maintenance/Repair Of Streetlights,Re-opened,5,"16/60, Huskur Rd, Ananth Nagar, Phase 1, Kammasandra, Electronic City, Bengaluru, Karnataka 560100, India",,12.83807535,77.68639071,33,74.33,Possible category mismatch: road; ,True
1190,2019-03-19 10:10:00,150,Bellanduru,Open drainage,"There is an open drainage and its been more than 5 years which is attached to a vaccant site with lot of wastages thrown in the site and drainage has got worse and added to it lot of potholes and water problem,
Please look into it, as it has been hugely affected to surrounding residence and no footpath lot of traffics and what not.. Everything you have in complaints list is been in my area strongly.. 
Hoping a quick response",Garbage and Unsanitary Practices,Clearance Of Garbage Dump Or Black Spot,Resolved,4,"Kasavanahalli, Bengaluru, Karnataka 560035, India",St norbert chruch,12.9066841,77.6757011,68,89.0,Possible category mismatch: drainage; ,True
1195,2019-03-19 13:41:00,81,Vijnana Nagar,The side drainage is filled with the garbages and the plastic pap...,"The side drainage is filled with the garbages and the plastic papers, if the rainy season starts the water won’t have the way to move in the drainage to lake

Please clean the drainage on the both the road sides, so it will be useful on the rainy seasons",Garbage and Unsanitary Practices,Clearance Of Garbage Dump Or Black Spot,Resolved,5,"Basavanagara, Bengaluru, Karnataka, India",,12.9670863,77.6808128,46,81.6,Possible category mismatch: drainage; ,True
1218,2019-03-20 15:27:00,188,Bilekahalli,A corner site next to my house is being used by the BBMP road cle...,A corner site next to my house is being used by the BBMP road cleaners as the dumping area for road garbage .And this is inviting all passerby to throw garbage at the same area.Overall the water drainage is filled with garbage.And this is giving raise to mosquitoes near my house.It would be of great help if this garbage is cleared before rainy season and garbage fine board is installed.,Garbage and Unsanitary Practices,Clearance Of Garbage Dump Or Black Spot,Resolved,2,"131, 3Rd Main Rd, Raghavendra Colony, Vijaya Bank Layout, Bilekahalli, Bengaluru, Karnataka 560076, India",,12.8923214,77.6056197,43,80.48,Possible category mismatch: road; ,True
1232,2019-03-21 13:08:00,177,JP Nagar,Drainage leakage in underpass near Delmia Junction. This is there...,"Drainage leakage in underpass near Delmia Junction. This is there since 3 days.  this needs immediate attention . this will lead to 

1. epidemic due to stagnant water
2. road damage

3.traffic congestion","Mobility - Roads, Footpaths and Infrastructure",Fixing/Reparing Potholes,Open,1,"Delmia Circle Jp Nagar 4Th Phase, Ksrtc Layout, 3Rd Phase, Jp Nagar, Bengaluru, Karnataka",,12.910232,77.59514,5,31.57,Possible category mismatch: drainage; ,True
1240,2019-03-21 18:23:00,194,Gottigere,"Why there is too many power cut in kamanali link road, around nan...","Why there is too many power cut in kamanali link road, around nandi park apartment , always there is electricity problem around here, in a day more then 10 times you guys cut the power, is this Bangalore or some small village",Streetlights,Maintenance/Repair Of Streetlights,Resolved,6,"Kamakshi Layout Nandi Park Roadf, 89, Balaji Gardens Layout, Gottigere, Bengaluru, Karnataka 560083, India",,12.8580855,77.5944415,12,50.36,"Possible category mismatch: electricity, road; ",True
1247,2019-03-22 06:56:00,17,J P Park,Drainage leake near I Mart HMR Layout Mathikere,Drainage leake near I Mart HMR Layout Mathikere,Streetlights,Maintenance/Repair Of Streetlights,Resolved,4,"201, Opp. I-Mart, Muthyala Nagar, Gokula Extension, Mathikere, Bengaluru, Karnataka 560054, India",,13.03948822,77.5538911,6,35.12,Possible category mismatch: drainage; ,True
1253,2019-03-22 11:43:00,52,K R Puram,Kr puram lake need desilting and treated water flow. Sewage and g...,Kr puram lake need desilting and treated water flow. Sewage and garbage is being dumped and this lake which was once home to birds and boating is a drain. Are we making All our lakes dumpyards not realizing the primary importance of water?,Garbage and Unsanitary Practices,Clearance Of Garbage Dump Or Black Spot,Re-opened,3,"Kr Puram Lake, Bengaluru, Karnataka",,13.0163323,77.6983463,18,58.39,Possible category mismatch: drainage; ,True
1278,2019-03-23 16:26:00,81,Vijnana Nagar,Irregular water supply,There is no frequent water supply and the valve man opens the valves at evening 7pm and closes at 9pm even sump doesn't get filled if this the result in summer has started already no one in the area are bothered about the issue but they will talk about other issues hope this problem will get resolved.,"Mobility - Roads, Footpaths and Infrastructure",Fixing/Reparing Potholes,Open,0,"Basavanagar, Adarsh Vista, Doddanekkundi, Bengaluru, Karnataka 560037, India",Tata sherwood,12.9730728,77.6859361,23,65.57,Possible category mismatch: water; ,True
1296,2019-03-24 14:45:00,174,HSR Layout,Sewage Overflowing and pigs menace,"The Sewage in this area has been overflowing since more than a week. Pigs are creating mess in that sewage water. This is in 6th main, ITI Layout","Mobility - Roads, Footpaths and Infrastructure",Fixing/Reparing Potholes,On-the-Job,1,"Sector 7, Hsr Layout, Bengaluru, Karnataka 560102, India",ITI Layout watertank,12.9072994,77.6352028,32,73.53,Possible category mismatch: drainage; ,True
1319,2019-03-25 09:48:00,84,Hagadur,Need Scientific Speed Breaker,A scientific speed breaker must be installed on whitefield main road on the opposite side of brigade cosmopolis (towards Forum Neighbourhood Mall). Vehicles from Hagadur Main Road are not able to cross / come over to Whitefield Main road due to oncoming high speed traffic from hope farm side. This Hagadur Main Road and Whitefield Main Road junction often experiences block since vehicles don't stop / slow down at this junction. This is required on an immediate basis.  Attached google map image shows the exact location. Circled in red is the block caused in this junction and highlighted in Yellow is where the speed breaker should be installed.,Traffic and Road Safety,Traffic Jams/Congestion Or Bottlenecks,Closed,1,"Whitefield Main Rd, Narayanappa Garden, Whitefield, Bengaluru, Karnataka 560066, India",Opposite Brigade Cosmopolis on Whitefield Main Road,12.96152685,77.74770387,6,35.12,Possible category mismatch: road; ,True
1321,2019-03-25 11:02:00,78,Pulikeshinagar,Sewage water overflowing from 3-Storey building since more than a...,"Sewage water overflowing from 3-Storey building since more than a month. No.4, 1st cross, moore road , frazer town , bengaluru 560005","Mobility - Roads, Footpaths and Infrastructure",Fixing/Reparing Potholes,Resolved,1,"Moore Road, Cleveland Town, Pulikeshi Nagar, Bengaluru, Karnataka, India",,12.9983636,77.6123393,14,53.23,Possible category mismatch: drainage; ,True
1367,2019-03-27 10:00:00,35,Aramane Nagara,Uneven roads and manhole improperly placed on the roads,Uneven roads and manhole improperly placed on the roads,"Mobility - Roads, Footpaths and Infrastructure",Tarring Or Asphalting Of Existing Road,Resolved,1,"48/1, 12Th Main Rd, A.k.colony, Mathikere Extension, Mathikere, Bengaluru, Karnataka 560054, India",,13.0312306,77.5628656,4,27.84,Possible category mismatch: drainage; ,True
1377,2019-03-27 11:54:00,35,Aramane Nagara,No proper footpath for walking,No proper footpath for walking,Streetlights,Maintenance/Repair Of Streetlights,Resolved,4,"2, 12Th Main Rd, A.k.colony, Mathikere Extension, Mathikere, Bengaluru, Karnataka 560054, India",,13.0309789,77.5627261,8,39.8,Possible category mismatch: road; ,True
1384,2019-03-27 14:05:00,35,Aramane Nagara,Broken roadside drain slab in Mathikere,Broken roadside drain slab in Mathikere,"Mobility - Roads, Footpaths and Infrastructure",Fixing/Reparing Potholes,Resolved,2,"Msrit Esb-2, Msr College Rd, M S Ramaiah Nagar, Mathikere, Bengaluru, Karnataka 560054, India",,13.0312,77.56472333,6,35.12,Possible category mismatch: drainage; ,True
1413,2019-03-28 10:30:00,36,Mattikere,Maintenance of footpath,Maintenance of footpath,Streetlights,Maintenance/Repair Of Streetlights,Resolved,4,"New Nri Boys Hostel Ms Ramaiah Institute Of Technology , Gate No -10, M S Ramaiah Nagar, Mathikere, Bengaluru, Karnataka 560054, India",,13.0326405,77.5638669,6,35.12,Possible category mismatch: road; ,True
1414,2019-03-28 10:31:00,36,Mattikere,Maintenance of footpath,Maintenance of footpath,Streetlights,Maintenance/Repair Of Streetlights,Resolved,4,"New Nri Boys Hostel Ms Ramaiah Institute Of Technology , Gate No -10, M S Ramaiah Nagar, Mathikere, Bengaluru, Karnataka 560054, India",,13.0327337,77.5638815,6,35.12,Possible category mismatch: road; ,True
1415,2019-03-28 10:32:00,35,Aramane Nagara,Footpath maintenance,Footpath maintenance,Streetlights,Maintenance/Repair Of Streetlights,Resolved,2,"6, 5Th Main Rd, M S Ramaiah Nagar, Mathikere, Bengaluru, Karnataka 560054, India",,13.0326576,77.5641238,8,39.8,Possible category mismatch: road; ,True
1416,2019-03-28 10:33:00,35,Aramane Nagara,Footpath maintenance,Footpath maintenance,Streetlights,Maintenance/Repair Of Streetlights,Resolved,4,"6, 5Th Main Rd, M S Ramaiah Nagar, Mathikere, Bengaluru, Karnataka 560054, India",,13.0328017,77.5641312,8,39.8,Possible category mismatch: road; ,True
1417,2019-03-28 11:06:00,35,Aramane Nagara,Footpath maintenance,Footpath maintenance,Streetlights,Maintenance/Repair Of Streetlights,Resolved,2,"13, 1St Main Rd, M S R Nagar, Mathikere, Bengaluru, Karnataka 560054, India",,13.0327248,77.5662492,8,39.8,Possible category mismatch: road; ,True
1418,2019-03-28 11:07:00,35,Aramane Nagara,Footpath maintenance,Footpath maintenance,Streetlights,Maintenance/Repair Of Streetlights,Resolved,2,"16, M S Ramaiah Nagar, Mathikere, Bengaluru, Karnataka 560054, India",,13.0326868,77.5650769,8,39.8,Possible category mismatch: road; ,True
1472,2019-03-30 11:00:00,191,Singasandra,Road Borewell water not supplied to residents,"There is borewell in the road put by bwssb for water connections for the residents of the street, there are persons taking water and supplying to other places , other than the street residents. Basically residents of. The street is not supplied with water from the borewell provided for us.",Water Supply and Services,Regular Water Supply,Open,0,"Naganathapura Main Road, Naganathapura, Rayasandra, Bengaluru, Karnataka 560100, India",Nagnathpura,12.8724031,77.6673394,4,27.84,Possible category mismatch: road; ,True
1478,2019-03-30 17:05:00,78,Pulikeshinagar,Electric pole on Promenade Road about to fall when rainy season s...,Electric pole on Promenade Road about to fall when rainy season starts .It will fall on the transformer .and case severe damage .,Streetlights,Maintenance/Repair Of Streetlights,Resolved,4,"43/2, Promenade Road, Sindhi Colony, Pulikeshi Nagar, Bengaluru, Karnataka, India",,12.989504,77.6180649,2,17.95,Possible category mismatch: road; ,True
1481,2019-03-30 19:45:00,130,Ullalu,Drainage slab damaged from 3 months children's are more in this r...,"Drainage slab damaged from 3 months children's are more in this road please Take quick action 
In 11th cross maruthinagar sonnenahalli ullal post Ward no 130",Streetlights,Maintenance/Repair Of Streetlights,Open,0,"Unnamed Road, Sonnenahalli, Sonenalli, Bengaluru, Karnataka 560056, India",,12.9377468,77.481824,12,50.36,Possible category mismatch: drainage; ,True
1497,2019-03-31 16:39:00,88,Jeevanbhima Nagar,"Drain slab not placed back, very dangerous for pedestrians","Drain slab not placed back, very dangerous for pedestrians","Mobility - Roads, Footpaths and Infrastructure",Need Covering Slabs For Roadside Drains,Open,0,"1073/3, Hal 2Nd Stage, Indiranagar, Bengaluru, Karnataka 560008, India",,12.9679302,77.6468149,1,10.56,Possible category mismatch: drainage; ,True
1511,2019-03-31 22:03:00,81,Vijnana Nagar,Namjoshi road esp near the Basava nagar bus stop was cleaned by c...,Namjoshi road esp near the Basava nagar bus stop was cleaned by citizens and made free of garbage. why has Bbmp started re dumping garbage on that stretch? segregation is what was being done by Bbmp there but your workers don't bother cleaning the place after that.,Garbage and Unsanitary Practices,Clearance Of Garbage Dump Or Black Spot,Resolved,2,"Namjoshi Rd, Talacauvery Housing Society Layout, Basavanagar, Bengaluru, Karnataka 560037, India",,12.9668605,77.6825573,46,81.6,Possible category mismatch: road; ,True
3242,2019-04-07 08:44:00,49,Lingarajapura,Ksfc 2nd main road light not working,Ksfc 2nd main road light not working,Streetlights,Maintenance/Repair Of Streetlights,Resolved,1,"72, 5Th Cross Rd, Kanakadasa Layout, Lingarajapuram, Bengaluru, Karnataka 560084, India",,13.0101516,77.6300778,10,45.78,Possible category mismatch: road; ,True
3286,2019-04-07 22:14:00,174,HSR Layout,Drinage on both the side of road is blocked.,"Drinage on both side of the road is blocked and there is no way for rain water to pass, There is lot of smell due to this and worried about health issues due to clogging drinage water in front of house. Please help us in clearing this and do the needful.",Storm Water Drains,Maintenance And Repair Of Storm Water Drains,Resolved,2,"272/a, 22Nd A Cross Rd, Sector 3, Hsr Layout, Bengaluru, Karnataka 560102, India",Near Narayana Hospital,12.90854132,77.64207381,1,10.56,Possible category mismatch: road; ,True
3913,2019-04-08 05:31:00,86,Marathahalli,Worst condition of roads and drainage,"The condition of the roads in marathahalli area is horrible..everyday numerous bikers are facing accidents due to the condition of roads. Specially in ckb layout, SGR Dental college Road area. And please give highlighter in the speed breaker otherwise its à very risky for those bikers who rides specially in the night time.","Mobility - Roads, Footpaths and Infrastructure",Fixing/Reparing Potholes,Resolved,2,"Marathahalli, Bengaluru, Karnataka, India",Ckb layout,12.956924,77.701127,12,50.36,Possible category mismatch: drainage; ,True
3918,2019-04-08 10:48:00,45,Malleswaram,Drainage got damage,Drainage got damage,"Mobility - Roads, Footpaths and Infrastructure",Fixing/Reparing Potholes,On-the-Job,3,"Excel Paints, 6Th Main Road, Gokula 1St Stage, Nanjappa Reddy Colony, Yeswanthpur, Bengaluru, Karnataka, India",,13.024919,77.559469,5,31.57,Possible category mismatch: drainage; ,True
3919,2019-04-08 13:52:00,184,Uttarahalli,Manhole leakage,"Hello sir, in front of our house man hole has opened and drainage water is flowing in front of our house. It's a frequent problem we are facing. From past 6 months we have getting done more than 7 times","Mobility - Roads, Footpaths and Infrastructure",Fixing/Reparing Potholes,Resolved,2,"65, Viprashree, Simhadri Layout, Uttarahalli Hobli, Bengaluru, Karnataka 560061, India",Near ICICI bank,12.9094121,77.5445012,19,59.47,Possible category mismatch: drainage; ,True
4646,2019-04-09 20:52:00,90,Ulsoor,Very bad roads in heart of city next to Park hotel. Debris on roa...,Very bad roads in heart of city next to Park hotel. Debris on road and pipes on footpath. Next to park hotel kensington road.,"Mobility - Roads, Footpaths and Infrastructure",Tarring Or Asphalting Of Existing Road,Open,0,"The Park Hotel, Yellappa Garden, Yellappa Chetty Layout, Sivanchetti Gardens, Bengaluru, Karnataka, India",,12.974038,77.6197204,7,37.79,Possible category mismatch: garbage; ,True
5373,2019-04-10 19:08:00,66,Subramanya Nagar,Water leakage from ceiling of under pass  rajajinagar 1st block...,Water leakage from ceiling of under pass  rajajinagar 1st block  rajkumar road,"Mobility - Roads, Footpaths and Infrastructure",Fixing/Reparing Potholes,Resolved,2,"522, 1St Main Rd, Milk Colony, Subramanyanagar,2 State, Rajajinagar, Bengaluru, Karnataka 560055, India",,13.0086866,77.5547072,3,23.5,Possible category mismatch: water; ,True
5375,2019-04-10 19:41:00,84,Hagadur,All the consruction work is going on for sewage and pipe. no prop...,"All the consruction work is going on for sewage and pipe. no proper roads. more than 200 people stay in this lane. even of they are digging , they are not making alternate path so that in rain also people can walk. whole path is full of potholes , mud .","Mobility - Roads, Footpaths and Infrastructure",Tarring Or Asphalting Of Existing Road,On-the-Job,3,"Gattus * Meadows, Nallurahalli Main Road, Palm Meadows, Whitefield, Bengaluru, Karnataka, India",,12.963873,77.73423,29,71.79,Possible category mismatch: drainage; ,True
5377,2019-04-10 20:44:00,188,Bilekahalli,This is Bilekahalli entrance road near SNN Raj Lake View Apartmen...,This is Bilekahalli entrance road near SNN Raj Lake View Apartment. Just a month back BWSSB cleared the drainage and widen it with proper concrete channel to connect to the main storm water drain. But in today’s rain the main swd was full and all the water was flowing reverse to the road. The water on road was till knee height and none of the vehicles could move across!!  The mistake of bwssb here was without cleaning the main SWD they just cleared the other drainage. For any small rain the swd would overflow. This is such a pathetic situation for every residents!! Please take a quick action by the concerned department!!,Storm Water Drains,Maintenance And Repair Of Storm Water Drains,On-the-Job,1,"Doctor B R Ambedkar Road, Anugraha Layout, Ramanashree Enclave, Bilekahalli, Bengaluru, Karnataka, India",,12.9022564,77.6089639,3,23.5,Possible category mismatch: road; ,True
6998,2019-04-12 07:06:00,199,Other,"While the road is being dug up for piping, they made sure to brea...","While the road is being dug up for piping, they made sure to break the sewage and the road is now unaccessible. The stench is unbearable and the path is unusable. Please do something. It's 4th Cross, Neeladri Road, Electronic City Phase-I",Garbage and Unsanitary Practices,Clearance Of Garbage Dump Or Black Spot,Resolved,1,"Manu Gas Agency #369, Fhase 1, 4Th Cross Road, Neeladri Nagar, Shikaripalya, Electronic City, Bengaluru, Karnataka 560100, India",,12.8382331,77.6495195,116,96.25,Possible category mismatch: road; ,True
7001,2019-04-12 09:53:00,17,J P Park,Manhole of drainage opened. Dirty water flowing out.,Manhole of drainage opened. Dirty water flowing out.,"Mobility - Roads, Footpaths and Infrastructure",Fixing/Reparing Potholes,Open,0,"61, 1St Main Road, 1St Main Road, Gokula, Bengaluru, 560054, India",,13.03964925,77.553874,10,45.78,Possible category mismatch: drainage; ,True
1718,2019-04-13 19:27:00,3,Atturu,From many days we are facing this drainage problem no one is comi...,"From many days we are facing this drainage problem no one is coming and cleaning this area due to this lot of mosquitoes and big big rats are coming and at home we not able to stay always it's stinking a lot here people are miss using this draining by dumping garbage and food waste so kinds are falling I'll because of thisif possible please close this drainage .... I am once again requesting you to take an immediate action on this...

thanking you
Raju",Garbage and Unsanitary Practices,Clearance Of Garbage Dump Or Black Spot,Resolved,4,"2, Anantapura Rd, Ferrar Nagar, Anantapuram, Bengaluru, Karnataka 560064, India",,13.11521102,77.56648139,12,50.36,Possible category mismatch: drainage; ,True
1724,2019-04-14 06:15:00,131,Nayandahalli,University road,University road,Garbage and Unsanitary Practices,Clearance Of Garbage Dump Or Black Spot,Resolved,6,"Bangalore University, Gnana Bharthi, Bengaluru, 560056, India",,12.94761999,77.51122871,3,23.5,Possible category mismatch: road; ,True
1725,2019-04-14 10:09:00,132,Attiguppe,Drainage from man hole dumped in front of our house,On 13th April 2019 workers from municipality came with a truck and removed the drainage from the man hole in front of our house and dumped the same  in the middle of the road right in front of the house. I have attached the pictures.,Garbage and Unsanitary Practices,Clearance Of Garbage Dump Or Black Spot,Resolved,4,"188, 8Th A Cross Rd, Weavers Layout, Nethaji Layout, Vijaya Nagar, Bengaluru, Karnataka 560040, India",Near minerva visuals (8th A cross),12.95485143,77.53406449,10,45.78,Possible category mismatch: drainage; ,True
1749,2019-04-15 17:17:00,199,Other,Please remove this electrical installation from the footpath - ei...,Please remove this electrical installation from the footpath - either raise it or place it inside Comcorde Manhattans Apartment or Cuppertino - they are willing to give place for it inside. The place is being used as toilet. Some people even shit there. It’s impossible to walk or use the footpath. It has been brought to the attention of the BESOM engineer long time back. I am formally raising it now through this website hoping it will be resolved.,Streetlights,Maintenance/Repair Of Streetlights,Resolved,5,"Concorde Manhattans Apartment, Neeladri Road, Neeladri Nagar, Electronics City Phase 1, Electronic City, Bengaluru, Karnataka, India",,12.8407165,77.6519338,33,74.33,Possible category mismatch: road; ,True
1811,2019-04-19 11:00:00,150,Bellanduru,Sewage Water leak,"The sewage water is running on the road from past 3-4 days , due to leakage in sewage pipe line, ultimately damaging the road. People are suffering a lot. Please take necessary action as soon as possible.
Thanks.","Mobility - Roads, Footpaths and Infrastructure",Fixing/Reparing Potholes,Resolved,1,"13, Sgr Dental College Rd, Kasavanahalli Village, Marathahalli, Bengaluru, Karnataka 560037, India",Opposite to SS Bakery,12.94878118,77.70370247,184,100.0,"Possible category mismatch: drainage, water; ",True
1814,2019-04-19 11:51:00,197,Vasanthapura,"Fire seen in BESCOM feeder line to transformer, no power since ye...","Fire seen in BESCOM feeder line to transformer, no power since yesterday 18th April 8pm. Feeder no. F14, DTC 538. Silver Oak Gardens Apartment, Doddakalasandra. Pole details:
BESCOM 110612, 024

Request concerned authorities to take immediate action. Thank you!",Streetlights,Maintenance/Repair Of Streetlights,Resolved,4,"19, 1St Main Rd, Kuvempu Nagar, Konanakunte, Bengaluru, Karnataka 560062, India",,12.8881998,77.5569872,21,62.29,Possible category mismatch: electricity; ,True
1817,2019-04-19 13:18:00,114,Agaram,No lights on ORR road,No lights on ORR road from Sarjapura and outer ring road junction to road going towards HSR - all the lights on divider are not working,Streetlights,Maintenance/Repair Of Streetlights,Resolved,5,"Ibblur, Pwd Quarters, 1St Sector, Hsr Layout, Bengaluru, Karnataka 560103, India",From Sarjapura and outer ring road junction to road going towards HSR,12.92145859,77.66172044,16,56.25,Possible category mismatch: road; ,True
1819,2019-04-19 13:21:00,173,Jakkasandra,Madiwala market road lights not working,Madiwala market road lights not working - so dark at night,Streetlights,Maintenance/Repair Of Streetlights,Resolved,6,"Madiwala Rd, Santhosapuram, Koramangala 2Nd Block, Koramangala, Bengaluru, Karnataka 560068, India",Road in madiwala market,12.92201063,77.62188918,5,31.57,Possible category mismatch: road; ,True
1826,2019-04-19 20:33:00,142,Sunkenahalli,Drainage cap broken,Drainage cap half broken from there lots of misquotes r coming open rusted iron r up wards i am was complained to my corp-orator for so many times till now work as not completed,"Mobility - Roads, Footpaths and Infrastructure",Fixing/Reparing Potholes,Resolved,1,"C-54, Lakshmi Nilaya, 3Rd Cross, Sameerapuram, K G Nagar, Chamrajpet, Bengaluru, Karnataka 560018, India",Near ganesh temple 3rd cross,12.95371611,77.56358869,9,42.94,Possible category mismatch: drainage; ,True
1839,2019-04-20 11:50:00,87,HAL Airport,BBMP workers are throwing sewage waste in the empty plot. The are...,BBMP workers are throwing sewage waste in the empty plot. The area is filled with filth and has unbearable smell. It’s getting worst with the rain,Garbage and Unsanitary Practices,Clearance Of Garbage Dump Or Black Spot,Resolved,6,"408, 3Rd Cross Rd, Islampur, Vimanapura, Bengaluru, Karnataka 560017, India",,12.96533052,77.6725837,23,65.57,Possible category mismatch: drainage; ,True
1841,2019-04-20 15:13:00,81,Vijnana Nagar,"Outer ring road is swept but the mud/sand etc is not picked up, instead left in mounds, along the roads, medians , on footpaths etc","2 months back, i took a ride from Bellandur to Kalyan Nagar and back( I live in Bangalore ) with the specific intention of taking pictures along the outer ring road to capture the negligence of the authorities who are in charge of cleaning the roads in this stretch. In short here is what you see:
1) Mounds of sand/mud along the sides or medians of the ORR in many stretches including flyovers, maximum after the More flyover when going towards KR Puram station. These mounds are not natural formations, they have been made by someone, quite obvious by the people who have swept the road, perhaps with the intention that it would be picked up by another team , but then that has not happened. These mounds of mud still exist in after a month!
2) You can see the same mounds of mud and sand on the top portion of flyover to Kasturinagar from Tin Factory. The mud and sand are neatly arranged as small mountains( kids might love to see them !! ) on the footpath. Again they exist till date!!
3) The state of underpasses at the center of the underpass right under the bridge on top, should be seen, mainly the Ram Murthy Nagar and Horamavu underpass. You can see lot of sand/mud on the side of the road along with lot of the same accumulated on the footpaths. If a two wheeler goes towards the side of the roads in speed, the rider is sure of getting the ""last ride"".
I can go on and on listing such stuff. The same scenes can be seen on Indiranagar 100 ft road, sarjapur road, old airport road etc. I fail to understand this!! When someone has swept the road, am sure some money would have paid for doing the same, why is the stuff not being picked up!! Instead it is left lying there, in fact you can see plants growing in many of these sand/mud mounds!!
Can't Bangalore have cleaner roads, is it that difficult? Many a times citizens add to the mess by throwing garbage on top of these mounds of sand/mud. Please stop doing this!!
I have not seen this state in any other city.
The idea of taking the pics was that reaches the concerned authorities and they take some action. Now, just uploading the photos( around 50 of them ) would have been very boring. So, i decided to make a video with the photos, along with an inspirational song.
It is more than 2 months now but absolutely nothing has been done till now.",Garbage and Unsanitary Practices,Clearance Of Garbage Dump Or Black Spot,Re-opened,12,"Mahadevapura, Bengaluru, Karnataka, India",DELL EMC Corporation,12.9879659,77.6895248,46,81.6,Possible category mismatch: road; ,True
1845,2019-04-20 16:44:00,9,Vidyaranyapura,Drainage blockage in main line. Drainage water not going out to the mainline,Drainage blockage in main line. Drainage water not going out to the mainline,"Mobility - Roads, Footpaths and Infrastructure",Tarring Or Asphalting Of Existing Road,Resolved,1,"55, Thindlu Main Rd, Gd Layout, Doddabommasandra, Virupakshapura, Bengaluru, Karnataka 560097, India",Near Basava Samiti arch,13.06946973,77.56189666,10,45.78,Possible category mismatch: drainage; ,True
1849,2019-04-20 19:30:00,188,Bilekahalli,Please repair this footpath. There are many schools around this a...,Please repair this footpath. There are many schools around this area and this is risk to pedestrian and school going children.,Streetlights,Maintenance/Repair Of Streetlights,Resolved,4,"Suraksha Sunflower, Kodichikkanahalli Main Road, Anugraha Layout, Ramanashree Enclave, Bilekahalli, Bengaluru, Karnataka, India",,12.8996017,77.6091814,11,47.83,Possible category mismatch: road; ,True
1891,2019-04-23 10:42:00,78,Pulikeshinagar,Road blocked with Construction material.,More than half of Promenade Road has been blocked . Good info for BBMP staff . I do not expect any action as usual,Traffic and Road Safety,Traffic Jams/Congestion Or Bottlenecks,Closed,2,"32, Promenade Rd, Sindhi Colony, Pulikeshi Nagar, Bengaluru, Karnataka 560005, India",Close to EAST END PEYROL STATION - OPP TO ARMY QUARTERS,12.9915417,77.6147882,1,10.56,Possible category mismatch: road; ,True
1900,2019-04-23 23:56:00,131,Nayandahalli,The service road leading upto Nagarabhavi circle from Nayandahall...,"The service road leading upto Nagarabhavi circle from Nayandahalli junction has garbage problem.  There's no garbage boxes placed and people throw garbage in this stretch on the space belonging to Bangalore university. 

please cleanup",Garbage and Unsanitary Practices,Clearance Of Garbage Dump Or Black Spot,Resolved,4,"11Th Cross Road, Teachers Colony, Nayanda Halli, Bengaluru, Karnataka 560056, India",,12.954544,77.5193507,3,23.5,Possible category mismatch: road; ,True
1919,2019-04-25 10:51:00,187,Puttenahalli,Doresinipalya,Doresinipalya,Garbage and Unsanitary Practices,Clearance Of Garbage Dump Or Black Spot,Resolved,5,"Rose Garden Rd, Anthappa Layout, Phase 4, Panduranga Nagar, Bengaluru, Karnataka 560076, India",,12.9008963,77.5974576,37,76.93,Insufficient information in title; ,True
1926,2019-04-25 18:10:00,149,Varthur,Belandur Road railway underpass expansion,"Belandur road railway underpass is very narrow and only one vehicle can go at a time, with so many complaints for more than a year I dont see any update over there. Even the roads are pathetic there. The underpass has to be widened without any alternate solution. There can be chroma road but still the under pass allows only one vehicle. With more than 20000 families there I dont know the reason why there is not much of progress here. Also dont know why the BBMP is approving projects in this location if they dont have any solution to this under pass. Just getting money from the builder to build in that location I am not sure what is the use . The common people is not getting benefitted in any way. Last year it was supposed to be widened with more than a year i dont see any progress towards it. Please take it in priority or atleast stop the construction of those projects which are going or dont approve any new projects in that area till the pending works are to be completed.",Traffic and Road Safety,Traffic Jams/Congestion Or Bottlenecks,Closed,2,"Panathur Main Rd, Lords Steps Layout, Panathur, Bengaluru, Karnataka 560103, India",Belandur road railway under pass,12.93597075,77.70748757,4,27.84,Possible category mismatch: road; ,True
1938,2019-04-26 11:23:00,27,Banasavadi,Keeping store sign boards on the road blocking traffic,"Hi, this is regarding obstruction of traffic in Banaswadi Traffic Police area. The store - Sri Vigneshwara Medicals (next to icici atm - located on the road from Om Shakti temple towards Rajkummar BDA park in HRBR 2nd Kalyan Nagar) has put their sign boards on the road which blocks traffic. When i asked them to remove saying its against the law and inconvenience to general public, they manhandled me saying it shouldn't bother me and they will keep it on the road itself. I have attached the picture - The guy sitting in the blue shirt didn't care about Bangalore Traffic Laws. Please look into it.",Traffic and Road Safety,Traffic Jams/Congestion Or Bottlenecks,Closed,1,"Pns Layout, Subbayianiah Palyam, Kalyan Nagar, Bengaluru, Karnataka 560043, India",Sri Vigneshwara Medicals,13.01556,77.642013,2,17.95,Possible category mismatch: road; ,True
1949,2019-04-27 11:01:00,25,Horamavu,GRbage being dumped on underpass and also service road. Sewage wa...,GRbage being dumped on underpass and also service road. Sewage water dumped on the roads. People are not able to walk and it’s only one side of the underpass bridge.,Garbage and Unsanitary Practices,Clearance Of Garbage Dump Or Black Spot,Resolved,2,"5Th Cross Road, 5Th Cross Road, Horamavu, Bengaluru, 560043, India",,13.02511033,77.65865262,68,89.0,"Possible category mismatch: drainage, road; ",True
1971,2019-04-28 16:39:00,88,Jeevanbhima Nagar,Roads was dug up for BWSSB water pipeline work after 1 month Stil...,"Roads was dug up for BWSSB water pipeline work after 1 month Still Roads INCOMPLETE stage, we couldn't walk in the Street, kindly rectify the work AS SOON AS POSSIBLE, I REQUEST TO TAKE ACTION ON THE CONTRACTOR","Mobility - Roads, Footpaths and Infrastructure",Fixing/Reparing Potholes,Resolved,4,"9Th Cross, Ananda Puram, Jeevan Bima Nagar, Bengaluru, Karnataka, India",,12.9632265,77.6587686,8,39.8,Possible category mismatch: water; ,True
1973,2019-04-28 17:37:00,193,Arekere,This bus was jumping all signals on Bannerghatta road on 18th Apr...,"This bus was jumping all signals on Bannerghatta road on 18th April 2019 at about 4o clock evening.
Was also constantly honking and driving very rashly harrasing other motorists.",Traffic and Road Safety,Jumping Traffic Signal,Rejected,2,"Bannerghatta Main Road, Arekere, Bengaluru, Karnataka, India",,12.8843712,77.596473,1,10.56,Possible category mismatch: road; ,True
505,2019-05-02 16:25:00,119,Dharmaraya Swamy Temple,STENCH FROM VACANT SITE (FORMERLY REDDY HOSTEL BUILDING) NEAR J.C.ROAD JUNCTION,STENCH OR URINE SMELL SURROUNDS THE TRAFFIC SIGNAL JUNCTION NEAR J.C.ROAD JUNCTION (OPPOSITE STATE BANK OF INDIA). THE VACANT PLOT IS BEING USED AS PUBLIC URINAL.  THIS IS TO REQUEST THE CONCERNED AUTHORITIES TO ENSURE THAT THE PLOT IS CLEANED AND MAINTAINED WELL.,Garbage and Unsanitary Practices,Clearance Of Garbage Dump Or Black Spot,Resolved,2,"Jayachamaraja Rd, Kumbaragundi, Kalasipalya, Bengaluru, Karnataka 560002, India",OPPOSITE STATE BANK OF INDIA,12.9614982,77.5841407,16,56.25,Possible category mismatch: road; ,True
511,2019-05-02 19:24:00,192,Begur,Drainage and path holes,Immediate attention required for clearing and setting the things right.. Roads are in bad shape with lot of disturbance and drainage issues which is pathetic,"Mobility - Roads, Footpaths and Infrastructure",Fixing/Reparing Potholes,Resolved,1,"Yelenahalli Main Rd, Dlf Newtown, Akshayanagar, Bengaluru, Karnataka, India",Opp to safari supermarket,12.874439,77.6167924,108,95.31,Possible category mismatch: drainage; ,True
512,2019-05-02 21:54:00,183,Chikallasandra,Opposite to our house street light is not working from 3 days,Street light is not working past 3 days please resolve ASASP.,Electricity and Power Supply,Regular Supply Of Electricity,Open,2,"111, 3Rd Cross Rd, 5Th Block, Phase 3, Banashankari, Bengaluru, Karnataka 560085, India",Next to Brand factory road,12.9237053,77.55129,2,17.95,Possible category mismatch: streetlight; ,True
939,2019-05-03 08:20:00,145,Hombegowda Nagar,Drainage expansion works started more than 45 days ago. The work...,Drainage expansion works started more than 45 days ago. The work is progressing very slowly. We are unable to use our vehicles & are forced to spend on public transportation like autos and cabs.,"Mobility - Roads, Footpaths and Infrastructure",Tarring Or Asphalting Of Existing Road,Resolved,1,"202/9, 10Th Cross Rd, Lakkasandra Extension, Wilson Garden, Bengaluru, Karnataka 560027, India",,12.94694424,77.59666443,5,31.57,Possible category mismatch: drainage; ,True
945,2019-05-03 15:19:00,176,BTM Layout,In BTM 7thcross below Funky Punjab restaurant there is sewage ove...,In BTM 7thcross below Funky Punjab restaurant there is sewage overflowing. it is very stinky as well. kindly check and resolve.,Garbage and Unsanitary Practices,Clearance Of Garbage Dump Or Black Spot,Resolved,2,"420, 7Th Cross Rd, Stage 2, Btm 2Nd Stage, Bengaluru, Karnataka 560076, India",,12.91383336,77.60903668,60,87.39,Possible category mismatch: drainage; ,True
2684,2019-05-06 23:45:00,25,Horamavu,"The power goes very frequently in Flower Garden Road, Babusapalya...","The power goes very frequently in Flower Garden Road, Babusapalya.  This is a nuisance faced by consumers every day.  Please rectify the issue at the earliest",Electricity and Power Supply,Regular Supply Of Electricity,Open,0,"Flower Garden Main Road, Hennur Gardens, Bengaluru, Karnataka 560043, India",,13.02885631,77.64857737,18,58.39,Possible category mismatch: road; ,True
3296,2019-05-07 09:31:00,139,K R Market,??.??? ?????????? ?? ??????????? ????? ???? ??? ????? ???? ??????...,"??.??? ?????????? ?? ??????????? ????? ???? ??? ????? ???? ???????? ????? ????????????????. ???????? ??????? ????? ??????? ????? ????? ?????, ????,?????? ???????? ???? ???????? ????????? ????????????? ??????????????. ??????? ? ???????? ????????? ??? ???????????? ??? ???????????? ?????? ???????????. ???????? ??? ????? ???????? ?????????????? ???????? ??????? ???? ???????? ???????? ?? ???? ????????????? ?????? ????????????? ??????",Streetlights,Maintenance/Repair Of Streetlights,Resolved,5,"107, Ragipet, Old Tharagupet, Mamulpet, Kalasipalya, Bengaluru, Karnataka 560053, India",,12.96492659,77.57676067,4,27.84,Insufficient information in title; ,True
3941,2019-05-08 16:47:00,6,Thanisandra,Footpath Should clean in Lumbini Garden to veerannapalya service Road,"I am Rahman Sait , I am from Hebbal , North Bangalore , Here i wanted to give a Complaint . The issue is  i am a frequent bus traveller from hebbal to veerannapalaya, because my office is situated near verannapalaya . In this way me and most of the BMTC bus travellers  facing problems in this area. From Lumbini garden garden park to Veerannapalya busstop we are facing the issue Daily, because of huge road traffic most of the BMTC Buses not stop to the Veerannapalaya Bus stop and they stop the buses before veerannapalaya flyover and they take off the buses to flyover, at the same time most of the passengers should get down from veerannapalya flyover not to the Veerannapalya Bus Stop. If we get down from Before flyover we should walk around 300 meters to reach veerannapalya bus stop . here only we facing the problem , the foot path of 300 meter this area is not clean because so may garbage and tree leafs and broken tree wooden sticks are lowdown on the foot path at the same time Internet service providers co-axial cables are cut down on the foot path. for this situation we cant walk on the foot path and another issue is if rain comes  the rain water also struck on the road and foot path . because of this issue so many people are suffering to cross this location. Daily people are struggling and if we try to walk side of the road that also very dangerous for us , why because all the two Wheeler , four Wheeler's are driving like danger. for this reason only i am filing the compliant. So please clean this area and make sure it , at the same time make the proper path for rain water running and rain water should wipe from this area .",Garbage and Unsanitary Practices,Clearance Of Garbage Dump Or Black Spot,Resolved,2,"Service Rd, Dadamastan Layout, Manayata Tech Park, Nagavara, Bengaluru, Karnataka, India",Next to Lumbini Garden Bus Stop Service ROAD Towards Veerannapalya Bus stop,13.0416206,77.6152949,60,87.39,Possible category mismatch: road; ,True
4674,2019-05-09 18:28:00,150,Bellanduru,Takes 20-30 min to travel from ibbalur signal to Harlur road,"It takes 20-30 min to travel from ibbalur signal to harlur road. Please check these issues
1. The barricade/divider in the middle of the road is small, so many bikes jump across the road and create traffic confusion. 
2. Out of every 100 vehicles which enter sarjapur road from ibbalur signal atleast 30 of them take a U turn at fire-station infront of anand sweets to go to harlur road. Can you not have a signal and provide direct entry to harlur road instead of taking U-turn?
3. Please please do smthing to improve road condition as temperory relief on sarjapur road. impossible to travel on bike as it is full of ups and downs and gutter. Putting big stones is not a solution as that makes road more uneven.

Hope some action is taken.",Traffic and Road Safety,Traffic Jams/Congestion Or Bottlenecks,Open,0,"Sarjapur Main Rd, Near Motherhood Hospital, Bellandur, Bengaluru, Karnataka 560035, India",Opp. Anand sweets,12.9168291,77.6738171,23,65.57,Possible category mismatch: road; ,True
6208,2019-05-11 10:42:00,150,Bellanduru,Drainage water flowing on the road,"I think some drainage near Ramdev Medicals , Bellandur has damaged due to which the drainage water is flowing on the entire road which is causing inconvenience to the pedestrian as well as for the localities . Please consider this as serious issue and do the needful for the same",Garbage and Unsanitary Practices,Clearance Of Garbage Dump Or Black Spot,Resolved,2,"Bellandur Main Rd, Adarsh Palm Retreat, Bellandur, Bengaluru, Karnataka 560103, India",Next to Ramdev medicals,12.9260887,77.6762287,68,89.0,"Possible category mismatch: drainage, road; ",True
6221,2019-05-11 20:11:00,191,Singasandra,Pothholes,Full of pothholes,"Mobility - Roads, Footpaths and Infrastructure",Fixing/Reparing Potholes,Open,0,"1758, Aecs Layout - A Block, Singasandra, Bengaluru, Karnataka 560068, India",Mariyamman temple road,12.87574013,77.65450126,59,86.42,Insufficient information in title; ,True
6228,2019-05-11 23:31:00,53,Basavanapura,Potholes,Lot of potholes accident happening,"Mobility - Roads, Footpaths and Infrastructure",Fixing/Reparing Potholes,Resolved,2,"Bethel Nagar, Krishnarajapura, Bengaluru, Karnataka 560049, India",Sunny valley apartment,13.0104553,77.7158771,17,57.08,Insufficient information in title; ,True
6230,2019-05-11 23:50:00,22,Vishwanath Nagenahalli,BWSSB had undertaken sewage line relaying in and near V.Nagenahal...,"BWSSB had undertaken sewage line relaying in and near V.Nagenahalli. It's months since the work is completed and the area is left with only 1 half of the actual road. apparently CIL layout near here has 3 schools, Narayana eTechno, Bright Kid Montessori, Spoorti Vidyalaya. The road that leads to these schools are only 1/2 available. the other half is non motorable. It is a pathetic sight to see children struggling to reach schools through the dust from broken road.","Mobility - Roads, Footpaths and Infrastructure",Fixing/Reparing Potholes,Resolved,2,"Aryan Arcade, Vishwanatha Naganahalli, Hebbal, Bengaluru, Karnataka 560032, India",,13.0397332,77.6010767,11,47.83,Possible category mismatch: drainage; ,True
2231,2019-05-14 15:35:00,67,Nagapura,Kindly clear the cement dumped next to Iskon temple on chord road...,Kindly clear the cement dumped next to Iskon temple on chord road as it is very inconvenient for both drivers and pedestrians,Garbage and Unsanitary Practices,Clearance Of Garbage Dump Or Black Spot,Resolved,2,"Chord Road, Chord Road, Rajaji Nagar, Bengaluru, 560010, India",,13.01151281,77.55149986,27,69.46,Possible category mismatch: road; ,True
2247,2019-05-15 22:04:00,114,Agaram,ORR road near Iblur,No lights on ORR road from Sarjapura and outer ring road junction to road going towards HSR - all the lights on divider are not working,Streetlights,Maintenance/Repair Of Streetlights,Resolved,1,"Outer Ring Rd, Iblur Village, Bellandur, Bengaluru, Karnataka, India",No lights on ORR road from Sarjapura and outer ring road junction to road going towards HSR - all the lights on divider are not working,12.9224697,77.6584137,16,56.25,Possible category mismatch: road; ,True
2253,2019-05-16 08:48:00,193,Arekere,Sewage water coming out for the past two days,Sewage water coming out for the past two days,"Mobility - Roads, Footpaths and Infrastructure",Fixing/Reparing Potholes,Resolved,1,"Tirumala Deluxe Apartment, Sir M Visveswaraya Road, Indira Gandhi Housing Colony, Arekere, Bengaluru, Karnataka, India",,12.8843532,77.6097184,32,73.53,Possible category mismatch: drainage; ,True
2256,2019-05-16 09:37:00,91,Bharathi Nagar,"Vehicle jumping traffic 
signal","Vehicle jumping traffic 
signal","Mobility - Roads, Footpaths and Infrastructure",Tarring Or Asphalting Of Existing Road,Resolved,1,"386, St Johns Church Rd, Bharati Nagar, Shivaji Nagar, Bengaluru, Karnataka 560001, India",,12.99055576,77.6138916,5,31.57,Possible category mismatch: traffic; ,True
2266,2019-05-16 15:38:00,160,Rajarajeshwari Nagar,Stinking foul Drain Smell and Bad air unable to breath,"Stinking, Foul Drain Smell at Pushpagirinagara, Kerekodi. The air is unable to breath. The children, elderly, aged are suffering with Chronic health diseases. Please take immediate measures to clear garbage in Hoskerehalli lake and provide permanent solution from foul Drain Smell Please. Please accord TOP PRIORITY",Garbage and Unsanitary Practices,Clearance Of Garbage Dump Or Black Spot,Resolved,2,"Skanda#¹²¹Hsv Mainroad Pushpagiri Niagara Hosakerehally Kerekodi Bsk3 Stage, Pushpagiri Nagar, Pushpagirihalli, Banashankari, Bengaluru, Karnataka 560085, India",Behind Hebbar Condiments,12.92940814,77.53354715,40,79.46,Possible category mismatch: drainage; ,True
2279,2019-05-17 16:32:00,5,Jakkuru,Roads should be widened or Tar road should be laid,"Roads should be widened or Tar road should be laid properly on the railway crossing. Everyday After the railway gate opens,  I see a huge congestion on this junction. That is because of the huge patholes on railyway crossing. Railway crossing doesn't have to be with patholes.  Recently many stones were laid, which has big gaps/patholes. We can put a proper road, so that commuters can cross the railway crossing seamlessly and quickly.",Traffic and Road Safety,Traffic Jams/Congestion Or Bottlenecks,Closed,1,"Venkateshwara Nagara Cross, Sri Venkateshpura Layout, Sampigehalli, Bengaluru, Karnataka 560077, India",Railway gate,13.07169227,77.61879794,1,10.56,Possible category mismatch: road; ,True
2286,2019-05-18 06:47:00,148,Ejipura,"Water logging at national games village signal, Koramangala","Water logging at national games village signal, Koramangala","Mobility - Roads, Footpaths and Infrastructure",Tarring Or Asphalting Of Existing Road,Resolved,1,"National Games Housing Complex, Khb Games Village, Koramangala, Bengaluru, Karnataka, India",,12.9462606,77.6218629,8,39.8,Possible category mismatch: drainage; ,True
2326,2019-05-20 11:24:00,93,Vasanth Nagar,Traffic,Traffic jam,Traffic and Road Safety,Traffic Jams/Congestion Or Bottlenecks,Open,0,"Bhagwan Mahaveer S Apartment, Vasanth Nagar, Bengaluru, Karnataka 560051, India",ALLIANCE,12.9901117,77.5970169,2,17.95,Insufficient information in title; ,True
2327,2019-05-20 11:36:00,109,Chickpet,Abc,Aqwertyuioooplkjhfdsazczcvbnm,Garbage and Unsanitary Practices,Clearance Of Garbage Dump Or Black Spot,Open,0,"Bvk Iyengar Road, Cross, # 32, Am Ln, Basettypet, Bengaluru, Karnataka 560053, India",AM Ln,12.97022344,77.57606212,23,65.57,Insufficient information in title; ,True
2337,2019-05-20 17:01:00,150,Bellanduru,Haralur Road Widening,"Haralur road is a major road connecting hosur and sarjapur roads. There are more than 6000 apartments and lot more are coming up. The road is too narrow especially at haralur village. Two big vehicles passing in opposite direction jam the entire road.The road was supposed to be widened to 80 feet, but no action so far. Considering the importance of the road, it is important that the road be widened to remove bottle necks.",Traffic and Road Safety,Traffic Jams/Congestion Or Bottlenecks,Closed,1,"Harlur Main Rd, Pwd Quarters, 1St Sector, Harlur, Bengaluru, Karnataka 560103, India",Haralur village,12.90292867,77.66113442,23,65.57,Possible category mismatch: road; ,True
2339,2019-05-20 18:18:00,5,Jakkuru,"Heavy water logging in front of ebisu convention centre, Tanisand...","Heavy water logging in front of ebisu convention centre, Tanisandra road","Mobility - Roads, Footpaths and Infrastructure",Tarring Or Asphalting Of Existing Road,Resolved,3,"Ebisu Convention Center, Balaji Layout, Yelahanka, Bengaluru, Karnataka, India",,13.082785,77.6342475,21,62.29,Possible category mismatch: drainage; ,True
2354,2019-05-21 13:33:00,111,Shantala Nagar,Abc,Wdwudkwbkjsbkjcbkjbd,Garbage and Unsanitary Practices,Clearance Of Garbage Dump Or Black Spot,Resolved,2,"Mahatma Gandhi Road, Mahatma Gandhi Road, Shivajinagar, Bengaluru, Karnataka 560001, India",Abc,12.97562006,77.606728,38,78.17,Insufficient information in title; ,True
2370,2019-05-22 11:36:00,85,Dodda Nekkundi,Footpath encroachment by Petra Harmony apartment,Footpath encroachment by Petra Harmony apartment,Garbage and Unsanitary Practices,Clearance Of Garbage Dump Or Black Spot,Resolved,2,"Immanuel Community Church F1, Petra Harmony Petra Harmony, 39, 60 Feet Rd, Vaikuntam Layout, Lakshminarayana Pura, Aecs Layout, Marathahalli, Bengaluru, Karnataka 560037, India",,12.95772934,77.71452098,52,83.66,Possible category mismatch: road; ,True
2375,2019-05-22 14:00:00,109,Chickpet,"Sanitary discharge onto road, several complaint s given since 10 days not attended.",Sanitary discharge onto road not attended in spite of complaint to the authorities and the Mahantina Math since 10 days,Sewerage Systems,Maintenance And Repair Of Sewage Lines,Open,0,"271, Otc Road, Santhusapet, Chickpet, Bengaluru, Karnataka 560053, India","Behind Mahantina Math,PS Char Lane,CHICKPET, Bangalore  Bangalore",12.96991546,77.57517588,2,17.95,Possible category mismatch: road; ,True
2378,2019-05-22 16:05:00,193,Arekere,Potholes,"The narrow road between Arekere Mico Layout, Ganesha temple and Panduranga Nagar (near Clumax Diagnostics) is in very bad shape and is getting worse by the day.  This road is being used by 1000s of vehicles every day and is causing great inconvenience to road users.  Request that this problem is looked into and is fixed","Mobility - Roads, Footpaths and Infrastructure",Fixing/Reparing Potholes,Resolved,2,"Arekere Mico Layout 2Nd Stage, Lakshmi Layout, Arekere, Bengaluru, Karnataka 560076, India",Near Clumax diagnos,12.8874717,77.5924385,32,73.53,Insufficient information in title; ,True
2401,2019-05-23 17:16:00,81,Vijnana Nagar,Power cut is happening every time and we don’t have any info when...,Power cut is happening every time and we don’t have any info when we call 1912,"Mobility - Roads, Footpaths and Infrastructure",Fixing/Reparing Potholes,Resolved,1,"Basavanagara, Bengaluru, Karnataka, India",,12.9670863,77.6808128,23,65.57,Possible category mismatch: electricity; ,True
2404,2019-05-23 17:32:00,158,Deepanjali Nagar,Roadproblam,Roadproblam,"Mobility - Roads, Footpaths and Infrastructure",Fixing/Reparing Potholes,Resolved,1,"No. 50/10/2, 1St Cross, Pantharapalya, Muthachari Industirial Estate, Nayandahalli, Bengaluru, Karnataka 560039, India",,12.9464704,77.5276314,5,31.57,Insufficient information in title; ,True
2405,2019-05-23 17:32:00,25,Horamavu,"Request your help regarding sewerage/drainage issues at Horamavu, Bangalore","It is observed that, from few days all drainage water of P & T layout is coming and accumulating in front of our house. This is causing very high discomfort and may cause building collapse.

Recently a house in Horamavu got collapsed and we are very afraid that similar fate is for our house. There is no proper outflow of the drainage water and all waste water is coming and accumulating in front of our house.

Please see enclosed photos how all drainage is coming and accumulating our house. It is observed drainage canal is constructed half and left. it raises a question, whether these canals are illegal constructions; How can a canal constructed without proper outflow.

Please help us by giving proper sewerage system for outflow of the drainage water and help our building.

Please see location map 
https://goo.gl/maps/XzTfgRKKbnQW1qqa8",Garbage and Unsanitary Practices,Clearance Of Garbage Dump Or Black Spot,Resolved,10,"No 3,1St Floor, 5Th Cross, P&amp;t Layout, Horamavau, Kalyan Nagar Post, Bengaluru, Karnataka 560043, India",Near Sneha Orphanage,13.02540122,77.65887014,68,89.0,Possible category mismatch: drainage; ,True
2416,2019-05-24 12:18:00,83,Kadugodi,WATER LOGGING HEAVILY UNDER THE UNDERPASS,"A NEW UNDERPASS HAS BEEN MADE UNDER THE RAILWAY TRACKS IN KADUGODI.

WATER IS GETTING HEAVILY LOGGED THERE WITH LITTLE BIT OF RAIN THAT IS HAPPENING, AND CAUSING LOT OF PROBLEM, WHAT KIND OF CONSTRUCTION IS THIS WHEN THE UNDERPASS IS NOT EVEN 6 MONTHS OPERATIONAL.

CAN THE LOGGING OF WATER UNDER THE UNDERPASS BE CLEARED AND A PERMANENT SOLUTION BE MADE FOR IT",Garbage and Unsanitary Practices,Clearance Of Garbage Dump Or Black Spot,Resolved,2,"Ab Vajapayee Rd, V S Reddy Colony, Kadugodi, Bengaluru, Karnataka 560067, India",NEW UNDERPASS MADE UNDER THE RAILWAY TRACK IN KADUGODI,12.9948977,77.7658911,31,73.01,Possible category mismatch: drainage; ,True
2440,2019-05-25 14:02:00,192,Begur,Waterlogged in the front and side of the road,"Due to this Waterlogging, my house and nearby places are filled with mosquitoes and flies and disgusting smell. Request you to please take necessary action on this.",Storm Water Drains,Maintenance And Repair Of Storm Water Drains,Resolved,1,"Yelenahalli Main Rd, Akshayanagara East, Akshayanagar, Bengaluru, Karnataka 560076, India",Next to Karnataka Bank,12.8704632,77.6164625,1,10.56,Possible category mismatch: road; ,True
2454,2019-05-26 08:49:00,190,Mangamannapalya,Manhole is leaking and the smell is pretty bad in the whole area,Manhole is leaking and the smell is pretty bad in the whole area,"Mobility - Roads, Footpaths and Infrastructure",Fixing/Reparing Potholes,Resolved,3,"80, 27Th Cross Rd, Iti Layout, Sector 2, Hsr Layout, Bengaluru, Karnataka 560102, India",,12.90371718,77.64632889,29,71.79,Possible category mismatch: drainage; ,True
2468,2019-05-27 18:19:00,187,Puttenahalli,Sewage blockage on a residential road opposite my plot (A-katha)...,"Sewage blockage on a residential road opposite my plot (A-katha) where houses have been constructed is causing foul smell and an unbearable stench. This blockage needs to be resolved at the earliest before it gets even worse than it is already with the impending monsoon soon approaching. 
The location details are: Site no 8, Internal road, KR Garden, Nataraja Layout, JP Nagar 7th phase Bangalore - 560078",Garbage and Unsanitary Practices,Clearance Of Garbage Dump Or Black Spot,Resolved,4,"Nataraja Layout, Jp Nagar 7Th Phase, Bengaluru, Karnataka, India",,12.8897963,77.5855829,37,76.93,"Possible category mismatch: drainage, road; ",True
2488,2019-05-28 10:02:00,162,Girinagar,There is a huge garbage there and also the roads are in very bad...,There is a huge garbage there and also the roads are in very bad condition.. please clean it up and provide roads for better transportation.. pedestrians are also getting troubled there since there is no proper footpath,"Mobility - Roads, Footpaths and Infrastructure",Tarring Or Asphalting Of Existing Road,On-the-Job,2,"Jalageramma Temple.???????? ????????., Avalahalli Main Road, Srinagar, Banashankari Stage I, Banashankari, Bengaluru, Karnataka, India",,12.9445938,77.5522016,4,27.84,Possible category mismatch: garbage; ,True
2500,2019-05-28 18:04:00,86,Marathahalli,DRAINAGE PIT IS LEAKING WITH DRAIN WATER FROM PAST 1 MONTH NO ONE...,DRAINAGE PIT IS LEAKING WITH DRAIN WATER FROM PAST 1 MONTH NO ONE IS REPLYING FOR THE ISSUE PLS TRY TO RESOLVE IT AS EARLY AS POSSIBLE PUBLIC AND NEIGHBOURS CANT BEAR THE SMELL,"Mobility - Roads, Footpaths and Infrastructure",Fixing/Reparing Potholes,On-the-Job,1,"978/b, Sumitra Bhavan, Krishna Nagar Marthahalli, Hal Central Township, Marathahalli Village, Marathahalli, Bengaluru, Karnataka 560037, India",,12.9547315,77.6911347,12,50.36,Possible category mismatch: drainage; ,True
2509,2019-05-29 01:53:00,54,Hoodi,Drainage sanitary problem,"Hi Sir, Drainage sanitary problem from past 12 months as we have complaint many times to bbmp office as there is no response. Sanitary work not done properly and pipes  are not connected to till end...in the middle they have stopped. So drainage water is coming out in houses and on the roads. So please do the needful as soon as possible, it's a humble request to resolve the problem.","Mobility - Roads, Footpaths and Infrastructure",Fixing/Reparing Potholes,Resolved,4,"34, 12Th Cross Rd, Jinkethimmanahalli, Varanasi, Bengaluru, Karnataka 560016, India","Indain Gas Godown back side, Varanasi road.",13.02335407,77.68592431,37,76.93,Possible category mismatch: drainage; ,True
2512,2019-05-29 08:08:00,38,HMT,"Water leakage repair and save 
water","Water leakage repair and save 
water",Streetlights,Maintenance/Repair Of Streetlights,On-the-Job,1,"Ah47, Yeshwanthpur Industrial Area, Phase 1, Yeswanthpur, Bengaluru, Karnataka 560022, India",,13.02992167,77.538445,4,27.84,Possible category mismatch: water; ,True
2532,2019-05-29 16:45:00,56,A Narayanapura,Abandoned Cars Containers Lorry and Trucks on the Road,"This road is a Link for residents of Ramamurthy Nagar to By pass Kasturi Nagar Flyover and this road reduces stress on KR Puram Traffic

However on both sides of the road Huge Trucks and other vehicles are abandoned on the Road which had reduced the carriage way from 3 lanes to just one

The Owners of the Vehicles should be fined per hour for all these months and Vehicle confiscated",Traffic and Road Safety,Traffic Jams/Congestion Or Bottlenecks,Closed,1,"Aisshwarya Excellency Apartment, Behind Sudhir Weigh Bridge, Old Madras Road, Vijinapura, Jyothi Puram, Dooravani Nagar, Bengaluru, Karnataka 560016, India",Aisshwarya Excellency Apartment,12.99853827,77.66999394,3,23.5,Possible category mismatch: road; ,True
2533,2019-05-29 17:34:00,6,Thanisandra,Fixing/Reparing Potholes and Drain the water,"Hello Team, I would like to bring to your kind notice the miserable condition of roads in my locality
Railway Paralel road near underpass goes towards Samprasiddhi GREEN EDGE ,Rachenahalli, Thanisandra 
Water is logged on that road which is disrupting smooth flow of traffic
Please take steps to drain the water.","Mobility - Roads, Footpaths and Infrastructure",Fixing/Reparing Potholes,On-the-Job,1,"Railway Parallel Rd, Bengaluru, Karnataka, India",Near Samparsiddhi Green Edge,13.0653965,77.6256825,79,90.85,Possible category mismatch: drainage; ,True
2548,2019-05-30 07:25:00,75,Shankar Matt,Disturbing.,Disturbing.,Garbage and Unsanitary Practices,Clearance Of Garbage Dump Or Black Spot,On-the-Job,1,"7Th Cross, 15Th Main Rd, Jc Nagar, Kurubarahalli, Basaweshwara Nagar, Bengaluru, Karnataka 560086, India",,13.0022717,77.5344066,3,23.5,Insufficient information in title; ,True
2554,2019-05-30 11:45:00,193,Arekere,"I live at Indira Gandhi housing colony 1st cross,19th Main Road,...","I live at Indira Gandhi housing colony 1st cross,19th Main Road, Arekere village. The moment you enter into the lane you will find this garbage dumping yard on the street itself that cause stinking and mosquitoes all around. I don't know who all are dumping their garbage  here??
your requested kindly look into the matter and do the needful.

Regards",Garbage and Unsanitary Practices,Clearance Of Garbage Dump Or Black Spot,Resolved,3,"78/2A, 1St Cross Rd, Indira Gandhi Housing Colony, Arekere, Bengaluru, Karnataka 560076, India",,12.88502631,77.6100641,30,72.76,Possible category mismatch: road; ,True
2562,2019-05-30 20:32:00,188,Bilekahalli,Priority to be given for Bannerghatta main road,"Hello,
It is taking 20 to 25 minutes to move from IIM B to Arekere gate junction signal becat low priority given for passing main road traffic. High priority is given for the crossing from Vijaya bank colony to BG road. This causes thik traffic on BG road towards Arekere gate. Pls inform to traffic police who control this traffic there manually.",Traffic and Road Safety,Traffic Jams/Congestion Or Bottlenecks,Closed,1,"Fortis Hospitals, Bannerghatta Main Rd, Sahyadri Layout, Panduranga Nagar, Bengaluru, Karnataka 560076, India",IIM to Arekere gate signal,12.89456397,77.59937626,6,35.12,Possible category mismatch: road; ,True
2578,2019-05-31 14:00:00,151,Koramangala,Drain water is flowing from past one week and no is solve the,Drain water is flowing from past one week and no is solve the,Garbage and Unsanitary Practices,Clearance Of Garbage Dump Or Black Spot,Re-opened,4,"124, 1St A Cross Road, 5Th Block, Koramangala, Bengaluru, Karnataka 560095, India",,12.934462,77.6161651,49,82.0,Possible category mismatch: drainage; ,True
2583,2019-05-31 16:43:00,177,JP Nagar,Unbearable foul smell from SWD in JP Nagar 4th Phase,"W01770C479928 and W01770C423030 complaint was raised several months ago, but the issue is still present even though the status is resolved. Sir, can you please look into the matter at the earliest since it's a concern with health and hygiene. We residents of 3rd Cross, JP Nagar 4th Phase Dollars Colony have been facing an issue of terrible to unbearable foul smell from the Storm water drains since over a year now. Several times the smell becomes so unbearable that we are unable to breathe properly. This is causing a major health hazard. I sincerely request the concerned authorities to look into this and help resolve the issue. The main drain flows from MK Ahmed Supermarket on 2nd Cross. Thank you. 
Note: The previous 2 complaints were just changed to resolved after sometime. I did not recieve any calls too. Plus on contacting Vanaja after the first complaint, I understand that she is shifted to another area. Can you please look into this matter? Thank you",Sewerage Systems,Maintenance And Repair Of Sewage Lines,Open,0,"135, Dollars Colony, Phase 4, J. P. Nagar, Bengaluru, Karnataka 560076, India",JP Nagar 4th Phase,12.90442683,77.59553727,1,10.56,Possible category mismatch: garbage; ,True
2584,2019-05-31 17:11:00,99,Rajaji Nagar,Toyota qualis taxi parked for many months on public road in basav...,Toyota qualis taxi parked for many months on public road in basaveshwaranagar near St Charles school,Garbage and Unsanitary Practices,Clearance Of Garbage Dump Or Black Spot,Resolved,2,"No.597 1St Block, Adarsha Layout, 3Rd Stage, 4Th Cross Rd, Adarsha Layout, 3Rd Stage, Basaveshwar Nagar, Bengaluru, Karnataka 560079, India",,12.99675861,77.54223437,8,39.8,Possible category mismatch: road; ,True
2590,2019-05-31 21:02:00,150,Bellanduru,Roadside Drain has No Cover - Open Electric Cable in Drain,"The storm water and sewerage drain in front of Ramdev Medical Center, Sarjapur Main Road has no Cover. There is a high tension cable going over the drain. Pedestrians face dual danger of open drain and electric cable while walking on the footpath.","Mobility - Roads, Footpaths and Infrastructure",Need Covering Slabs For Roadside Drains,Open,0,"83/11 &amp; 84, Sarjapur Main Rd, Kaikondrahalli, Bengaluru, Karnataka 560035, India",Next to HP Petrol Bunk,12.9100506,77.6874847,1,10.56,Possible category mismatch: drainage; ,True
57,2019-06-01 09:00:00,83,Kadugodi,Drainage is blocked water getting accumulated and smell infront o...,Drainage is blocked water getting accumulated and smell infront of PVS school..Kadugodi,Garbage and Unsanitary Practices,Clearance Of Garbage Dump Or Black Spot,Resolved,3,"Pvs English High School, Kadugodi, Bengaluru, Karnataka, India",,12.999045,77.7608861,31,73.01,Possible category mismatch: drainage; ,True
59,2019-06-01 10:46:00,195,Konankunte,They have put the derbies all over the road. The whole way to my...,They have put the derbies all over the road. The whole way to my house is blocked. if this is not sorted I will go to the news paper.,Streetlights,Maintenance/Repair Of Streetlights,Resolved,4,"369, 9Th Cross Road, Nrupathunga Nagar, Navodaya Nagar, 8Th Phase, Arekere, Bengaluru, Karnataka 560076, India",,12.8811012,77.5852614,7,37.79,Possible category mismatch: road; ,True
72,2019-06-01 22:33:00,160,Rajarajeshwari Nagar,"Hv Halli lake work is still pending . 
there are no footpath laid...","Hv Halli lake work is still pending . 
there are no footpath laid for the citizens to walk around the lake .
If oftens feels like , it. is not safe after 6PM to walk there as there is no lights.
who is the responsible to solve this issue ??",Streetlights,Maintenance/Repair Of Streetlights,Resolved,4,"Rr Nagar, Bengaluru, Karnataka 560098, India",,12.9242199,77.5191195,27,69.46,Possible category mismatch: road; ,True
970,2019-06-03 19:01:00,190,Mangamannapalya,"BAD ROADS, BAD SEWAGE SMELL AND OPEN POTHOLES","Roads are damaged due to broken sewage lines, entire HSR, Somasundar Palya, Harlur area has a bad stinking smell which is coming out from the sewage throughout the day. Roads are in bad shape with potholes which are creating huge traffic jams during peak hours. Road repairing and potholes closure need to be addressed immediately to help the residents live in peace.","Mobility - Roads, Footpaths and Infrastructure",Tarring Or Asphalting Of Existing Road,Re-opened,18,"No. 36/3, Somasundarapalya, Hsr Layout, Sector 2, Bengaluru, Karnataka 560102, India",SOMSUNDARPALYA ROAD TOWARDS HARLUR,12.89924876,77.65037582,18,58.39,Possible category mismatch: drainage; ,True
2693,2019-06-06 06:45:00,28,Kammanahalli,Footpath maintenance required,Footpath maintenance required,Streetlights,Maintenance/Repair Of Streetlights,Resolved,2,"135/1, Kammanahalli Main Road, Kammanahalli Main Road, Kammanahalli, Bengaluru, 560033, India",,13.00703043,77.63574199,3,23.5,Possible category mismatch: road; ,True
2694,2019-06-06 06:46:00,28,Kammanahalli,Footpath maintenance required,Footpath maintenance required,Streetlights,Maintenance/Repair Of Streetlights,Resolved,2,"985, Chikkananjundappa Road, Chikkananjundappa Road, Kammanahalli, Bengaluru, 560033, India",,13.00732462,77.6358009,3,23.5,Possible category mismatch: road; ,True
2705,2019-06-06 09:50:00,190,Mangamannapalya,"Dangerous potholes, increasing traffic congestion, no footpaths","The road condition near the junction where people get into Hosapalya main road from Somasundarapalya lake side or from Mangammanapalya is dangerous. The potholes are now turning into caves and heavy traffic in that area is resulting in miles and miles of jam in the road. During peak hour the entire road is blocked and since the road is bad, traffic moves at snails pace. Residents find it difficult t walk because there is no footpath. Vibgyor school has opened up in the vicinity because of which there is a lot of traffic jam all through the area even at 7:45 AM. Can we STOP HEAVY trucks in the area? FIX THE ROADS so that cars dont get stuck in potholes? Make pavements for people to walk on and SAVE THEIR LIVES?
2nd Main Peekayam layout has not seen tar/cement or any kind of maintenance for many years now. There is no road, only potholes. PLEASE PUT SOME TAR on that road. WE PAY TAXES!!!","Mobility - Roads, Footpaths and Infrastructure",Fixing/Reparing Potholes,On-the-Job,3,"Hosapalya Main Rd, Sector 3, Hsr Layout, Bengaluru, Karnataka, India",Somasudarapalya to Hosapalya junction,12.9053835,77.6392633,29,71.79,Possible category mismatch: traffic; ,True
2721,2019-06-06 16:41:00,187,Puttenahalli,Please add speed breaker at the Junction - Lot of Accidents happening,"Hi, Can you please add two speed breakers at this junction as daily lot of accidents are happening and it may become fatal if not addressed immediately. Request you to take it as priority work",Traffic and Road Safety,Traffic Jams/Congestion Or Bottlenecks,Closed,1,"84, Rbi Layout, Puttenahalli, Jp Nagar 7Th Phase, J. P. Nagar, Bengaluru, Karnataka 560078, India",Minutes Marketing Solutions,12.8921836,77.5817247,4,27.84,Possible category mismatch: road; ,True
2730,2019-06-06 22:51:00,193,Arekere,Unnecessary power cut in Indira Gandhi housing colony locality.,Unnecessary power cut in Indira Gandhi housing colony locality.,Streetlights,Maintenance/Repair Of Streetlights,Resolved,3,"78/2A, 1St Cross Rd, Indira Gandhi Housing Colony, Arekere, Bengaluru, Karnataka 560076, India",,12.8851175,77.6097011,10,45.78,Possible category mismatch: electricity; ,True
3319,2019-06-07 11:27:00,142,Sunkenahalli,ROAD DUG FOR LAYING PIPELINE,"AFTER LAYING PIPELINE ROAD WORK IS NOT COMPLETED PROPERLY AND 

ROAD MUD CAVED IN &  BIG HOLES ERUPTED AT LOT OF PLACES.ITS 

HORRIBLE TO DRIVE 2 WHEELER S AND ALSO  ROAD CAVED IN NEAR 

SEWAGE  MANHOLE  DUE TO MOVEMENT OF JCB & HEAVY CRANES,IN 

FRONT OF SRIDEVI COMPLEX,N.A.T.STREET.",Garbage and Unsanitary Practices,Clearance Of Garbage Dump Or Black Spot,Resolved,2,"Nat Rd, Gavipuram Extn, Gavipuram Extention, Kempegowda Nagar, Bengaluru, Karnataka 560004, India","NEAR SRIDEVI COMPLEX,NORTH ANJANEYA TEMPLE STREET,",12.944986,77.5694616,14,53.23,Possible category mismatch: road; ,True
3325,2019-06-07 15:45:00,13,Mallassandra,Kindly fix the road traffic signage forthwith which has fallen si...,Kindly fix the road traffic signage forthwith which has fallen since June 2019. Prevent HTV from using the narrow Mallasandra roads and causing traffic obstruction and public nuisance especially during morning peak hours traffic. Uphold Article 21 of the Constitution of India.,Traffic and Road Safety,Installation Of Traffic Sign Boards,Open,1,"Shanthi Layout, Mallasandra, Jalahalli West, Bengaluru, Karnataka, India",,13.060238,77.5152325,1,10.56,Possible category mismatch: road; ,True
6241,2019-06-11 10:22:00,12,Shettihalli,"Near Chikkasandra Govt school, Hesaragatta road, their is a big s...","Near Chikkasandra Govt school, Hesaragatta road, their is a big street light which will be glowing for 10mins and off for 30mins. and also another street light exactly opposite to this is not at all working. Need immediate action on this both street lights",Streetlights,Maintenance/Repair Of Streetlights,Resolved,4,"Chikkasandra, Jalahalli West, Bengaluru, Karnataka, India",,13.0663363,77.5117782,7,37.79,Possible category mismatch: road; ,True
6245,2019-06-11 11:43:00,191,Singasandra,1 feet deep pothole in hosa road near chennakeshava school toward...,1 feet deep pothole in hosa road near chennakeshava school towards haralur,Streetlights,Maintenance/Repair Of Streetlights,On-the-Job,1,"321, Parappana Agrahara Main Rd, Chennakeshava Nagar, Hosa Road, Parappana Agrahara, Bengaluru, Karnataka 560068, India",,12.8716961,77.6540813,20,60.93,Possible category mismatch: road; ,True
6268,2019-06-11 22:01:00,192,Begur,Roads dug up and no street lights,"For the past 2 months.. These people have dug up the road for some construction and its been 2 months and no one came back to even check whats happening, just the entire road has been dug up and there are no street lights. It's very difficult to walk and 4 wheelers couldn't move in this road.","Mobility - Roads, Footpaths and Infrastructure",Tarring Or Asphalting Of Existing Road,On-the-Job,1,"250, 12Th B Main Rd, Classic Paradise Layout, Devarachikkana Halli, Bengaluru, Karnataka 560076, India",12th B main road classic paradise layout begur,12.8802481,77.61953423,96,93.64,Possible category mismatch: streetlight; ,True
7022,2019-06-12 11:25:00,114,Agaram,Sarjapura road to Agara fly-over junction is very dark,"Sarjapura road near Agara fly-over junction is very dark. Accidents bound to happen at the point where Sarjapura road meets Agara fly over.

Four lights in that area are not working",Streetlights,Maintenance/Repair Of Streetlights,Resolved,2,"Agara Flyover, Sector 2, Pwd Quarters, Iblur Village, Bellandur, Bengaluru, Karnataka 560102, India",Agara fly over from Sarjapura side,12.9239795,77.6524342,16,56.25,Possible category mismatch: road; ,True
7033,2019-06-12 18:29:00,199,Other,Garbage piling up at roadside,Garbage piling up at roadside,"Mobility - Roads, Footpaths and Infrastructure",Fixing/Reparing Potholes,Resolved,2,"64/1, Hosa Rd, Amrita Nagar, Choodasandra, Bengaluru, Karnataka 560035, India",Near Nandini junction,12.88838148,77.67382484,148,98.51,Possible category mismatch: garbage; ,True
2856,2019-06-13 00:32:00,149,Varthur,Garbage not being collected and mosquitoes,Garbage not being collected and mosquitoe problem.,"Mobility - Roads, Footpaths and Infrastructure",Fixing/Reparing Potholes,Resolved,3,"4Th Cross Rd, Thubarahalli, Munnekollal, Bengaluru, Karnataka 560037, India",Besides railway gate,12.9498054,77.70577123,77,90.21,Possible category mismatch: garbage; ,True
2873,2019-06-13 21:09:00,142,Sunkenahalli,Jumped a red signal dangerously and sped on wrong side of road,Jumped a red signal dangerously and sped on wrong side of road,Traffic and Road Safety,Jumping Traffic Signal,Closed,1,"Ramakrishna Math, Bengaluru, Bull Temple Road, Mahantara Lay Out, Kempegowda Nagar, Bengaluru, Karnataka, India",,12.9487437,77.5668096,1,10.56,Possible category mismatch: road; ,True
2920,2019-06-17 09:09:00,150,Bellanduru,Careless and incomplete drainage construction work,"After three three months of dragging finally the drainage work in front of St.Peters school, Sarjapura main Road has been done but incomplete. The workers have covered the drainage with concrete slabs but the access road is not there. Vehicles cannot go over this because it has not be cemented or tarred yet. How long will it take? This is the main access for hundreds of children and their parents to go to the school. The civic authorities must have the basic common sense not to trouble the children's transportation. Everyday so many vehicles struggle at this place to go in and come out of the school but still no one cares. Please complete the work here and cover the drain with smooth taring or cementing. Kindly have some respect for children's safety and convenience.","Mobility - Roads, Footpaths and Infrastructure",Construction Of Roadside Drains,Resolved,2,"St. Peter's School, Sarjapur Main Rd, Pushpaveni Layout, Kaikondrahalli, Bengaluru, Karnataka 560035, India","In front of St.Peter's school, kaikondrahalli",12.9148791,77.6791123,6,35.12,Possible category mismatch: drainage; ,True
2925,2019-06-17 11:37:00,125,Marenahalli,Debris is always left as it is and no BWSSB ever cleans it and th...,Debris is always left as it is and no BWSSB ever cleans it and the chamber is fully broken inside,"Mobility - Roads, Footpaths and Infrastructure",Fixing/Reparing Potholes,Resolved,1,"296, 8Th Main, Govindaraja Nagar Ward, Sampige Layout, Vijayanagar, Bengaluru, Karnataka, India",,12.9745726,77.5325221,3,23.5,Possible category mismatch: garbage; ,True
2955,2019-06-18 08:28:00,199,Other,Drainage,Mori all block n water coming on road plz take over head plz clear that,Garbage and Unsanitary Practices,Clearance Of Garbage Dump Or Black Spot,Re-opened,3,"K. C. Krishna Reddy Layout, Bengaluru, Karnataka, India",Kare gowdaru layout,13.0435426,77.6854725,116,96.25,Possible category mismatch: drainage; ,True
2979,2019-06-19 10:17:00,181,Kumaraswamy Layout,Manhole had kept open for repair...but its been 2 weeks it's stil...,"Manhole had kept open for repair...but its been 2 weeks it's still not closed ...this in service road and many schools buses passes and also kids walk around...we request immediate attention. a
address 
72nd  cross Kumaraswamy layout 1st stage bwssb  pipe line road","Mobility - Roads, Footpaths and Infrastructure",Fixing/Reparing Potholes,Resolved,2,"Kumaraswamy Layout, Bengaluru, Karnataka, India",,12.9044382,77.5649278,6,35.12,Possible category mismatch: drainage; ,True
2984,2019-06-19 12:18:00,191,Singasandra,Sewage Water Flowing on the Road,"The Drainage water has been stagnant on the road in front of our apartment from one month now. Despite regular complaints to the BDA authorities by the apartment committee members, there is no action taken. This is getting really serious as such conditions may lead to diseases in the rainy season and also the water is corroding the road and creating more and more potholes. I believe it is the right of all citizens to have a all the basic facilities provided in good condition. I hope BDA take this matter seriously and work on resolving it ASAP.",Garbage and Unsanitary Practices,Clearance Of Garbage Dump Or Black Spot,Resolved,2,"Choodasandra Circle, Lakedew Residency- Phase 2, Harlur, Bengaluru, Karnataka 560035, India","Silver Pearl Apartment, Nandini Junction",12.88811824,77.67256014,40,79.46,"Possible category mismatch: drainage, road; ",True
3011,2019-06-20 11:26:00,113,Konena Agrahara,Hanging poles and live wire close to the footpath,Hanging poles and live wire close to the footpath,Streetlights,Maintenance/Repair Of Streetlights,Resolved,2,"Rifco Santosh Apartment, Hal Old Airport Road, Kaveri Nagar, Murgesh Pallya, Bengaluru, Karnataka, India",,12.957695,77.6540175,14,53.23,Possible category mismatch: road; ,True
3021,2019-06-20 13:09:00,119,Dharmaraya Swamy Temple,There is  completely Severage line damaged and Drainage line are...,"There is  completely Severage line damaged and Drainage line are blocked in  GANIGARPET  which  is in chickpete area between Nagrathpet  and Kumbarpet area of Bengaluru city. This area particularly give   more  amount of PROPERTY TAX, GST TAX , INCOME TAX , ROAD TAX, and all types of revenue to state as well central government,  people can't walk due to heavy smell water  flow like river in the street,  peoples of this area facing heavy mosquitoes problems  and there is always  traffic jam  in this area people can't  walk  properly .","Mobility - Roads, Footpaths and Infrastructure",Fixing/Reparing Potholes,On-the-Job,1,"#15,b_, Guru Goutham Complex, 2, Avenue Rd, Ganigarpet, Bengaluru, Karnataka 560002, India",,12.9670001,77.5791782,4,27.84,Possible category mismatch: drainage; ,True
3066,2019-06-23 17:36:00,82,Garudachar Palya,Road divider needed on Sri Krishna Temple Road,"Sri Krishna Temple road is a traffic mess during peak  hours and on one follows traffic rules. Most of the time people drive wrong sides, specially autos and cab drivers. It blocks traffic badly and creates menace daily. Best solution would be to put road diviers like installed near road behind bagmane world technology center on goshala road. Please check and do the needful as earliest.",Traffic and Road Safety,Traffic Jams/Congestion Or Bottlenecks,Closed,1,"Sri Krishna Temple Rd, Brigade Metropolis, Garudachar Palya, Mahadevapura, Bengaluru, Karnataka 560048, India",Behind Brigade Metropolis Apartment,12.98876646,77.70118913,2,17.95,Possible category mismatch: road; ,True
3073,2019-06-24 08:47:00,154,Basavanagudi,Totally dumped to the road nobody can take the vehicle out if ask...,Totally dumped to the road nobody can take the vehicle out if asked to the owner he is telling me to complain to the authority,Garbage and Unsanitary Practices,Clearance Of Garbage Dump Or Black Spot,Resolved,2,"21/23, Basavanagudi, Bengaluru, Karnataka 560004, India",,12.94265542,77.57079894,16,56.25,Possible category mismatch: road; ,True
3074,2019-06-24 13:11:00,111,Shantala Nagar,DckudsygciluG,KHGUDSgiukjbdLVDS;IUVHDO;Irwhegorfgiufgu;vdsgu;dvseguvgiluvd,Garbage and Unsanitary Practices,Clearance Of Garbage Dump Or Black Spot,Open,0,"Parad, Tasker Town, Shivaji Nagar, Bengaluru, Karnataka 560001, India",The,12.9778783,77.60329477,38,78.17,Insufficient information in title; ,True
3091,2019-06-25 09:40:00,85,Dodda Nekkundi,Open defecation and drain causing lot of disease like dengue etc...,Open defecation and drain causing lot of disease like dengue etc to people in this locality,Garbage and Unsanitary Practices,Clearance Of Garbage Dump Or Black Spot,Resolved,3,"Kalyani Platina Entrance Road, Kundalahalli, Brookefield, Bengaluru, Karnataka 560037, India",,12.96973586,77.71931827,52,83.66,Possible category mismatch: drainage; ,True
3123,2019-06-26 11:11:00,111,Shantala Nagar,"Dengue menace, regular fogging required on D'Souza Road","Regular Fogging of D'Souza Road, Off Hayes Road and Residency Road is required.
Water logging in illegal carts set up on D'Souza Road, basements of buildings on D'Souza Road, Hayes Road- Vista Spaces, Skyline, LIC Housing Finance, empty bungalow next to Shalimar Apartments, vacant plot behind Devatha Plaza",Garbage and Unsanitary Practices,Clearance Of Garbage Dump Or Black Spot,Resolved,2,"No. 1 D'souza Road Off Hayes Road Near, Shalimar Apartment, Shanthala Nagar, Ashok Nagar, Bengaluru, Karnataka 560025, India","Near Shalimar Apartments, Vista Spaces on D'Souza Road",12.96706792,77.60057988,38,78.17,Possible category mismatch: road; ,True
3142,2019-06-27 09:31:00,176,BTM Layout,"Bus blocking half the road on 6th main Mico layout ,BTM layout 2n...","Bus blocking half the road on 6th main Mico layout ,BTM layout 2nd stage. Remove the bus, dont put a fine of 100rs",Traffic and Road Safety,Traffic Jams/Congestion Or Bottlenecks,Closed,1,"258, 6Th Main Rd, Mico Layout, Stage 2, Btm Layout, Bengaluru, Karnataka 560076, India",,12.9143724,77.6057285,2,17.95,Possible category mismatch: road; ,True
3153,2019-06-28 07:59:00,143,Vishveshwarapura,Coconut tree debri and food wast spread on the road.,"Dear Respected officer,
We are facing bad road maintainence in our and the neighbouring roads. The road cleaning is not been done deligently and when to to remove the garbage, the garbage pick up auto an the cleaning lady are demanding for hundereds of rupees. The status of our road is pathetic and now because of the rainy season the left over garbage on the road is started to stink and smell which inturn is bringing lots of mosquitos. We are facing this situation for the past 1 month now and no action is been taken to clean the road and pick up the garbage properly. I request you to consider this situation urgent and act accordingly.

Regards
A responsible citizen",Garbage and Unsanitary Practices,Clearance Of Garbage Dump Or Black Spot,On-the-Job,1,"No 36, Second Floor, Sri Ramamandiram Road, Basavanagudi, Bengaluru, Karnataka 560004, India",Sri Rama Mandir Road (Opp to Sri Rama Temple),12.9446181,77.57923294,8,39.8,Possible category mismatch: road; ,True
3158,2019-06-28 14:59:00,111,Shantala Nagar,Garbage dump,Garbage piled up.,"Mobility - Roads, Footpaths and Infrastructure",Construction of new footpaths,Open,0,"Usha Villa B-Block Mg Road Near 32 Mystone Club, Shivaji Nagar, Bengaluru, Karnataka 560001, India",Opp. Karnataka Bank,12.97737647,77.60441057,3,23.5,Possible category mismatch: garbage; ,True
3164,2019-06-28 20:48:00,26,Ramamurthy Nagar,Last week water manhole was digged and they left it without prope...,Last week water manhole was digged and they left it without properly closing and remove the debris around it. it is creating lot of issues including pollution. can you please forward this to concern authorities?,"Mobility - Roads, Footpaths and Infrastructure",Fixing/Reparing Potholes,Resolved,2,"Sani Mahatma Temple Road, Akshaya Nagar 2Nd Block, Akshya Nagar, Ramamurthy Nagar, Bengaluru, Karnataka 560016, India",,13.0188928,77.6835074,30,72.76,Possible category mismatch: drainage; ,True
3176,2019-06-30 07:52:00,78,Pulikeshinagar,"Besides carts parked on the pavement, now even cars are parked he...","Besides carts parked on the pavement, now even cars are parked here outside my house.",Garbage and Unsanitary Practices,Clearance Of Garbage Dump Or Black Spot,Resolved,1,"Coles Road, Coles Road, Frazer Town, Bengaluru, 560005, India",,12.99715601,77.61079325,22,63.9,Possible category mismatch: road; ,True
3178,2019-06-30 09:41:00,126,Maruthi Mandira,Asphalting after BBMP sewage pipe laying,"BBMP sewage pipes were laid in our area more than 5 months back. We are struggling with dust, grime and other respiratory problems beacuse of this unbuilt road. A fully functional asphalted road was dug up by BBMP and left unattended. Vehicular density is quite high on this road. We have infants, children below 5 living in this locality. What is BBMP doing?","Mobility - Roads, Footpaths and Infrastructure",Tarring Or Asphalting Of Existing Road,On-the-Job,1,"#96, Shop No 2, Canara Bank Colony, Nagarabhavi, Bengaluru, Karnataka 560072, India",Opposite Pooja Grocery Stores,12.96356111,77.52581926,3,23.5,Possible category mismatch: drainage; ,True
543,2019-07-02 16:28:00,81,Vijnana Nagar,Way to home is blocked due to drainage work and the remaining mat...,Way to home is blocked due to drainage work and the remaining materials are not moved,"Mobility - Roads, Footpaths and Infrastructure",Tarring Or Asphalting Of Existing Road,Resolved,4,"Gangamma Temple Road, Anjappa Layout, Chinappa Layout, Mahadevapura, Bengaluru, Karnataka, India",,12.9904756,77.6848162,12,50.36,Possible category mismatch: drainage; ,True
545,2019-07-02 18:41:00,81,Vijnana Nagar,Drainage concrete work is over and still the materials are not mo...,"Drainage concrete work is over and still the materials are not moved in front of the house. Our main gate is blocked for over 2 weeks now.  This is not how a work should be done.
We stay at 4th cross, Gangamma temple road, Mahadevapura","Mobility - Roads, Footpaths and Infrastructure",Fixing/Reparing Potholes,Resolved,1,"Gangamma Temple Road, Anjappa Layout, Chinappa Layout, Mahadevapura, Bengaluru, Karnataka, India",,12.9904756,77.6848162,23,65.57,Possible category mismatch: drainage; ,True
974,2019-07-03 01:57:00,177,JP Nagar,Unbearable foul smell from SWD in JP Nagar 4th Phase,"W01770C423030 complaint was raised 3 months ago, but the issue is still present even though the status is resolved. Sir, can you please look into the matter at the earliest since it's a concern with health and hygiene.

We residents of 3rd Cross, JP Nagar 4th Phase Dollars Colony have been facing an issue of terrible to unbearable foul smell from the Storm water drains since a year now. Several times the smell becomes so unbearable that we are unable to breathe properly. This is causing a major health hazard. I sincerely request the concerned authorities to look into this and help resolve the issue. The main drain flows from MK Ahmed Supermarket on 2nd Cross. Thank you.",Storm Water Drains,Maintenance And Repair Of Storm Water Drains,Resolved,1,"135, Dollars Colony, Phase 4, Jp Nagar, Bengaluru, Karnataka 560076, India",Near MK Ahmed,12.90444094,77.59547622,1,10.56,Possible category mismatch: garbage; ,True
975,2019-07-03 02:11:00,27,Banasavadi,Streetlights in outer ring road not working,Street lights in outer ring road from Hebbala to Silkboard is not working. Request you to repair this immediately.,Streetlights,Maintenance/Repair Of Streetlights,Resolved,3,"Outer Ring Rd, Chelekare, Kalyan Nagar, Bengaluru, Karnataka, India",Kalyannagar,13.0242105,77.6433152,27,69.46,Possible category mismatch: road; ,True
988,2019-07-03 13:46:00,81,Vijnana Nagar,"Area-Basavanagara Mai road or Namjoshi road
Landmark-opposite to...","Area-Basavanagara Mai road or Namjoshi road
Landmark-opposite to 1st main road

civilians throwing the garbage on the road itself

And the garbage transfer is happening on the same place with out any hiding scree and they are not cleaning the road which fall on the road side

While transferring from small auto to bigger garbage vehicle and getting polluted 

Please help to resolve this problem",Garbage and Unsanitary Practices,Clearance Of Garbage Dump Or Black Spot,Resolved,4,"Sjp Kalyana Mantapa, Basava Nagar Main Road, Marathalli Area, Bengaluru, Karnataka, India",,12.965025,77.6823903,46,81.6,Possible category mismatch: road; ,True
1624,2019-07-04 21:30:00,9,Vidyaranyapura,Drainage overflow and flowing on the road causing the citizens pr...,Drainage overflow and flowing on the road causing the citizens problem and the road to spoil,Garbage and Unsanitary Practices,Clearance Of Garbage Dump Or Black Spot,Open,0,"180/1, 7Th Cross, Telecom Layout , Kodigehalli, Near. Shriram Shreyas Apartments, Kempe Gowda Nagar, Bengaluru, Karnataka 560097, India",,13.0645519,77.5670669,24,66.94,"Possible category mismatch: drainage, road; ",True
2114,2019-07-05 22:59:00,35,Aramane Nagara,There is power cut for than 12hrs in RMV 2nd Stage. Kindly supply...,There is power cut for than 12hrs in RMV 2nd Stage. Kindly supply power as it stopped raining.,Streetlights,Maintenance/Repair Of Streetlights,Open,0,"28, 2Nd Main Rd, Ag's Layout, Mathikere, Bengaluru, Karnataka 560054, India",,13.0353708,77.5660662,8,39.8,Possible category mismatch: electricity; ,True
3332,2019-07-07 09:08:00,14,Bagalakunte,Garbage not cleared SV,"Since one week not collected waste both dry and wet, but vehicle coming to the road, reason for not collecting from our building not known, however it is segregated properly. This is for your information to resolve the issue. Thanks","Mobility - Roads, Footpaths and Infrastructure",Fixing/Reparing Potholes,Resolved,2,"Maheswari Nagar, T. Dasarahalli, Bengaluru, Karnataka 560057, India",Near Prasanna gangadhareswara temple,13.0500858,77.509885,4,27.84,Possible category mismatch: garbage; ,True
3977,2019-07-08 21:45:00,45,Malleswaram,Hi sir is it permissable to keep a  shop on a footpath and block...,"Hi sir is it permissable to keep a  shop on a footpath and block it completely without allowing for the public to even walk on it?? Don't they have to pay fine for it??In Yeshwanthpur 1st Main road people have kept their shops on footpath completely, leaving no space for us to walk and look at us as if we are entering their property. If any accidents happen on road just because of this people who are blocking the footpath, will they be responsible?? people are walking on busy main road corners even after having footpath it's strange please I request you to take action on this. Thank you",Streetlights,Maintenance/Repair Of Streetlights,Resolved,2,"6/1, Mutha Enclave, Nanjappa Reddy Colony, Yeswanthpur, Bengaluru, Karnataka 560022, India",,13.0227259,77.5571706,6,35.12,Possible category mismatch: road; ,True
3980,2019-07-08 22:34:00,34,Gangenahalli,Pavement slabs have been moved. It has to be put back in 1st C Ma...,"Pavement slabs have been moved. It has to be put back in 1st C Main, Gangananar ext. opp Ganga Hospital.",Garbage and Unsanitary Practices,Clearance Of Garbage Dump Or Black Spot,Resolved,4,"167, 1St C Main Road, 1St C Main Road, Ganga Nagar, Bengaluru, 560006, India",,13.0201268,77.58571146,2,17.95,Possible category mismatch: road; ,True
6272,2019-07-11 00:27:00,86,Marathahalli,No street lights,No street lights,"Mobility - Roads, Footpaths and Infrastructure",Fixing/Reparing Potholes,On-the-Job,2,"Outer Ring Road, Outer Ring Road, Marathahalli, Bengaluru, 560037, India",,12.94775829,77.69882368,12,50.36,Possible category mismatch: streetlight; ,True
6296,2019-07-11 14:17:00,26,Ramamurthy Nagar,No Road,No tar roads and only mud roads. It is very difficult to drive or walk and after rain it is in pathetic conditions and may lead to some accidents. Please provide a permanent road.,Streetlights,Maintenance/Repair Of Streetlights,Open,0,"Kalkere Main Rd, Raghavendra Nagar, Kalkere, Bengaluru, Karnataka 560016, India",Near Koshys Hospital,13.0244771,77.6770976,29,71.79,Possible category mismatch: road; ,True
6305,2019-07-11 17:54:00,32,Kaval Bairasandra,Drainage water logging in front of the house causing mosquito bre...,Drainage water logging in front of the house causing mosquito breeding unbareable smell please help,"Mobility - Roads, Footpaths and Infrastructure",Fixing/Reparing Potholes,On-the-Job,3,"4Th E Cross, Mm Layout, Shampura, Kaval Bairasandra, Bengaluru, Karnataka, India",,13.021689,77.6109068,8,39.8,Possible category mismatch: drainage; ,True
3419,2019-07-13 11:42:00,128,Nagarabhavi,Left overs of drainage repairs were not cleaned up,Left overs of drainage repairs were not cleaned up,"Mobility - Roads, Footpaths and Infrastructure",Fixing/Reparing Potholes,Resolved,4,"12Th Cross, 1St Stage, Stage 1, Chandra Layout, Bengaluru, Karnataka, India",,12.9517752,77.5231526,6,35.12,Possible category mismatch: drainage; ,True
3421,2019-07-13 13:12:00,83,Kadugodi,"Drainage/Mori blocked since long time in front of PVS school,   t...","Drainage/Mori blocked since long time in front of PVS school,   this is definitely not acceptabke in the school zone,  please ask some body to clear it,,",Garbage and Unsanitary Practices,Clearance Of Garbage Dump Or Black Spot,Resolved,3,"Old Pump Houseroad, Kadugodi, Bengaluru, Karnataka 560067, India",,12.99884257,77.76083788,31,73.01,Possible category mismatch: drainage; ,True
3452,2019-07-15 12:21:00,146,Lakkasandra,Drainage is open,Drainage is open causing slury water to come out and incresing bad smella and masquitos,Garbage and Unsanitary Practices,Clearance Of Garbage Dump Or Black Spot,Resolved,3,"3/4, 1St Cross Rd, Nanjappa Layout, Adugodi, Bengaluru, Karnataka 560030, India","Behind Nanajappa layout,Bosch manufacturing unit",12.94159626,77.60629799,9,42.94,Possible category mismatch: drainage; ,True
3472,2019-07-16 10:20:00,149,Varthur,No proper road,Halasahalli road (varthur police station immediate left) starting from varthur police station to till ssvr lotus pond there is no proper road at all it's full of dust. Road was dig by for lying of pipes after that they didn't lay new road. It's very difficult to walk on the road. If any big vehicle goes full of dust comes out. It’s very discomfort for the school children who are standing for the bus in morning time. Request you please look into this. And also there is no proper road at all opposite to vinayaka glass and plywood lane. Please consider this and lay the roads.,Streetlights,Maintenance/Repair Of Streetlights,On-the-Job,1,"Halasahalli Rd, Kavery Nagar, Prakash Layout, Bengaluru, Karnataka 560087, India",Slv bakery,12.9342996,77.7553686,21,62.29,Possible category mismatch: road; ,True
3515,2019-07-18 13:19:00,192,Begur,BBMP started the work of changing the sewage and water pipes abou...,BBMP started the work of changing the sewage and water pipes about 7 months back. Dug up the entire area and now they are absconding. It is very difficult to go out of our house by cars and bikes and impossible to even walk. It is similar to a flood hit region. This needs immediate attention as majority who stay in the area are senior citizens.,"Mobility - Roads, Footpaths and Infrastructure",Tarring Or Asphalting Of Mud/Kutcha/Unpaved Road,Open,0,"172, 6Th Cross Road, 6Th Cross Road, Nobo Nagar, Bengaluru, 560076, India",,12.86751395,77.59594515,23,65.57,Possible category mismatch: drainage; ,True
3544,2019-07-20 08:42:00,6,Thanisandra,Recent tar on top of the drainage pipes has potholes holes due to...,"Recent tar on top of the drainage pipes has potholes holes due to heavy rain. Could you please direct to the concern department or to the contractor who has taken the maintenance? It is in Vidyanagar layout 6th cross, Thanisandra.","Mobility - Roads, Footpaths and Infrastructure",Fixing/Reparing Potholes,On-the-Job,4,"Thanisandra, Bengaluru, Karnataka, India",,13.0559193,77.6324513,79,90.85,Possible category mismatch: drainage; ,True
3556,2019-07-21 01:47:00,54,Hoodi,Very dark and unsafe road,"Hello, I am a working lady and I have recently moved to Bollineni Silas apartment in Belathur Road. There is no street light and extremely dark at night. I feel very unsafe to return home from office. please install street lights as there are approximately 100 families who are facing this same problem as mine",Streetlights,Installation Of New Streetlights,On-the-Job,1,"Belathur Main Rd, Kumbena Agrahara, Krishnarajapura, Bengaluru, Karnataka 560067, India",Near Bollineni Silas apartment,13.0064406,77.7483361,2,17.95,Possible category mismatch: road; ,True
3563,2019-07-21 09:30:00,188,Bilekahalli,"We have cleared and kept forBBMP  CLEARANCE. Ranka Road ,Manish C...","We have cleared and kept forBBMP  CLEARANCE. Ranka Road ,Manish Classic",Garbage and Unsanitary Practices,Clearance Of Garbage Dump Or Black Spot,On-the-Job,1,"46, 4Th A Main Rd, Munivenkatppa Layout, Bilekahalli, Bengaluru, Karnataka 560076, India",,12.9033656,77.604424,43,80.48,Possible category mismatch: road; ,True
3564,2019-07-21 10:45:00,83,Kadugodi,No action taken till now for the blockage of Mori drainage after...,"No action taken till now for the blockage of Mori drainage after white topping and also blocked by garbage in front of pvs school..in ward no 83 kadugodi 7th cross..BBMP persons Bharath,ramesh,Prakash no action taken..Laksmi is responsible for cleaning only garbage",Garbage and Unsanitary Practices,Clearance Of Garbage Dump Or Black Spot,Resolved,2,"Kadugodi Extension, 123, Station Rd, Beside Karnataka Electricity Board Office, Kadugodi, Bengaluru, Karnataka 560067, India",,12.9977692,77.7615068,31,73.01,Possible category mismatch: drainage; ,True
3581,2019-07-22 11:34:00,191,Singasandra,Potholes,"There are many potholes in 11th Main Road, AECS Layout A block Singsandra, Near to Silver Mist apartment and SLS Summerfields Apartment.  These are very dangerous as there is also a gutter running next to it and its curve place, and Many accidents happens. Please fix this asap","Mobility - Roads, Footpaths and Infrastructure",Fixing/Reparing Potholes,Open,0,"Survey No 7, 2, 11Th Main Rd, Aecs Layout - A Block, Singasandra, Bengaluru, Karnataka 560068, India",Near to Silver Mist Apartment,12.8798044,77.6491871,59,86.42,Insufficient information in title; ,True
3584,2019-07-22 15:58:00,85,Dodda Nekkundi,Drainage Block &amp; Mosquito Menace,"THe drainage system in front of our apartment is never cleaned and water is blocked there all the time and it is completely infected with mosquitoes. 

Many people in our apartment has got Dengue due to mosquitos. Kindly clean the drainage in front of MV Residency and kindly help us to keep a healthy environment

Also during rainy season, the water in the drainage system is overfloawing and road is getting blocked. Kindly get it cleared and cleaned

Thanking you

Mathew T Selvin",Garbage and Unsanitary Practices,Clearance Of Garbage Dump Or Black Spot,Resolved,2,"Unnamed Road, Kundalahalli, Brookefield, Bengaluru, Karnataka 560037, India",MV Residency,12.965057,77.721773,52,83.66,Possible category mismatch: drainage; ,True
3594,2019-07-22 20:12:00,117,Shanthi Nagar,Open uncovered Big Drain in Vinay aka Nagar shanthinagar constiency Bangalore,"Dear Sir,  
Vinay aka Nagar therer is a big Open drain,  with lot of mosquito,  foul smell,  24hrs,  and causing many diseases to the residents beside 1st main,  we are waiting from last 3decades to cover the same,  once it came in news paper as BBMP Alloted sufficient fund to cover the Drain,  but it also not happen,  
Hence we are happy to have a really good MLA 2nd time,  and same party corporate 2nd time.  Now we are sorry to say you are not yet covered,  it effecting old people,  small kids and women,  who are spending full day and night here. Moreover we have only small bridge of around 6feet,  but it's always filled with the garbage,  since there is no big boxes or the cleaning people do there jo only some VIP visits here.  
I attach this photograph for your person. 
Hence I request BBMP,  local Corporator, Ms. Suma Shivkumar   and our 2nd Time MLA NA Haris sir,  Mayor Sir,  And Deputy Mayor,  to look into this and do the need full Immediately,  for which Act of Kindness,  I shall ever remain grateful to you. 

Thanks & Regards
Mustaq Ahmed Shaik and residents of 4th cross,  1st Main,  Vinay aka Nagar Constituency. 
Bangalore 560030",Garbage and Unsanitary Practices,Clearance Of Garbage Dump Or Black Spot,On-the-Job,1,"93, 1St Main Rd, Jk Pura, Jalakanteshwara Nagar, Shanti Nagar, Bengaluru, Karnataka 560027, India",Big drain in Vinayakanager,12.9500276,77.6011616,5,31.57,Possible category mismatch: drainage; ,True
3603,2019-07-23 13:08:00,160,Rajarajeshwari Nagar,Corruption,"Officials just are into corruption.
They just want money and to leave the people in problem.
There is a storm water drain which has not been cleaned for long time.
Through influence and money some people got half of the drain covered saying that money for other half is not sanctioned by the government.
This gives a stinking smell and even spread viral diseases.
This is my 5th complaint.
Not even once I got the problem solved.
Please do solve this problem seriously.",Storm Water Drains,Maintenance And Repair Of Storm Water Drains,On-the-Job,1,"5Th Main Road, Pramod Layout, Nayanda Halli, Bengaluru, Karnataka 560039, India",PES college,12.9381992,77.5298261,4,27.84,Insufficient information in title; ,True
3617,2019-07-23 20:55:00,150,Bellanduru,This remains open since they completed the rest of the drain! Thi...,This remains open since they completed the rest of the drain! This is sooo dangerous and there are so many children and old people walking around here cos there’s no place to walk on the side of the road. Who will be responsible if there are any injuries/fatalities?,"Mobility - Roads, Footpaths and Infrastructure",Fixing/Reparing Potholes,Resolved,2,"Keerthi Regalia, Sarjapur Main Road, Rainbow Drive, Doddakannelli, Bengaluru, Karnataka, India",,12.9103529,77.6846989,184,100.0,Possible category mismatch: drainage; ,True
3618,2019-07-23 21:06:00,126,Maruthi Mandira,Asphalting halted after laying of sewage water pipes,"I have already lodged a complaint regarding half work done and the street being left without any tarring. Pedestrians, vehicles and residents are finding it very difficult to commute everyday. Rains add extra agony to the situation. How do we get the officials accountable?","Mobility - Roads, Footpaths and Infrastructure",Tarring Or Asphalting Of Mud/Kutcha/Unpaved Road,On-the-Job,2,"96, 4Th Main Rd, 2Nd Block, Dwaraka Nagar, Canara Bank Colony, Attiguppe, Bengaluru, Karnataka 560040, India",Opposite Pooja stores,12.96350043,77.52596123,1,10.56,Possible category mismatch: drainage; ,True
3621,2019-07-23 21:43:00,6,Thanisandra,"Ward no - 6, I can't say road repair, i say there is no road at all.","This is not a compliant regards just to one street or single resident,  logging on behalf of all the area residents, daily i see people struggling to reach the main road, this road is just like a dirt race track.

I understand there is some BBMP work is on, but my question is why the partiality, compared with other areas, i dont want to point the area, its within the ward no 6.
They have finished the work & thar the complete road.",Garbage and Unsanitary Practices,Clearance Of Garbage Dump Or Black Spot,Resolved,2,"Fathima Layout, Bharath Nagar, Manayata Tech Park, Thanisandra, Bengaluru, Karnataka 560045, India",TNT Appartments,13.0490558,77.6269843,60,87.39,Possible category mismatch: road; ,True
3673,2019-07-26 08:37:00,149,Varthur,Drain water overflowing in front of Dwarikamai Apartment. Also se...,Drain water overflowing in front of Dwarikamai Apartment. Also sewage water leaveage in all the chamber's neat to it which is back side of Parimala Trinity apartment,Streetlights,Maintenance/Repair Of Streetlights,Resolved,2,"Panathur Vilage,, 4, Vidya Vikas School Rd, Kaverappa Layout, Kadubeesanahalli, Bengaluru, Karnataka 560103, India",,12.9333948,77.7022326,21,62.29,Possible category mismatch: drainage; ,True
3675,2019-07-26 09:40:00,75,Shankar Matt,Rain water drainage points have either been missed out or they ar...,"Rain water drainage points have either been missed out or they are blocked to a state where we can't find them, rendering in unusable roads even in light rain.","Mobility - Roads, Footpaths and Infrastructure",Tarring Or Asphalting Of Existing Road,On-the-Job,1,"103, Siddhaiah Puranik Rd, Mahatma Gandhi Nagar, Basaveshwar Nagar, Bengaluru, Karnataka 560079, India",,12.9975108,77.5402526,1,10.56,Possible category mismatch: drainage; ,True
3680,2019-07-26 11:14:00,174,HSR Layout,Very dark at night - sarjapura road next to Agara lake,Road starting from Agara going to koramangala first block - next to Agara lake - none of the lights are working on both sides of the road,Streetlights,Maintenance/Repair Of Streetlights,Re-opened,3,"Heritage Landmark, 304 5Th Floor, Ist Main Road 1St Block, Jakkasandra Extension, Koramangala, Bengaluru, Karnataka 560034, India",Sarjapura road next to  Agara lake,12.92380231,77.64350174,22,63.9,Possible category mismatch: road; ,True
3689,2019-07-26 23:08:00,150,Bellanduru,The road leading to RMZ Ecospace from AET Jn Doddakanelli is havi...,The road leading to RMZ Ecospace from AET Jn Doddakanelli is having lot of traffic jam every evening. Traffic us sometime at standstill mostly because of people breaking rules and creating multiple lanes with cars on the same.direction mostly towards AET Jn. Added to this bikers also create another line and the road looks like a one way road. Same is the condition  infront of GEAR school. Please resolve this as it is getting difficult for people staying beside those roads to get out. the main problem is people breaking rules and coming in other side of the road. Please put a divider or start fining offenders,Traffic and Road Safety,Traffic Jams/Congestion Or Bottlenecks,Open,3,"Aet Junction, Janatha Colony, Doddakannelli, Bengaluru, Karnataka",,12.9154969,77.6987092,23,65.57,Possible category mismatch: road; ,True
3699,2019-07-27 17:19:00,192,Begur,Request for covering slabs for storm water drain,The storm water drain slabs are badly broken on the left side of klassik benchmark apartment gate. It poses a serious danger to pedestrians during monsoons. Kindly fix them before any mishaps happen,"Mobility - Roads, Footpaths and Infrastructure",Need Covering Slabs For Roadside Drains,Open,0,"Kalena Agrahara, Bengaluru, Karnataka 560076, India",Near prestige nottinghill apartment,12.8716449,77.5962133,3,23.5,Possible category mismatch: drainage; ,True
3728,2019-07-28 19:38:00,150,Bellanduru,Road encroached by construction material,"Jail road/Hosa road is already in a bad state for the past one year due to a lot of digging up for one reason or the other. What make the matters worse are things put up on the road eating up an already congested road. There is a construction, which by itself seems fishy as it is too close to the footpath, happening opposite to the Shell petrol pump and all their construction material like bricks and sand is being dumped on the road. They are eating up a lot of place on the road leading to bottleneck on a road that is already choked up to its brim. This needs to be taken notice of and stopped.",Traffic and Road Safety,Traffic Jams/Congestion Or Bottlenecks,Open,0,"9 Central Jail Road, Owners Court Layout Eastwood Township Kasavanahalli, Bengaluru, Karnataka 560035, India",Opposite to Shell petrol pump,12.89932463,77.67546988,23,65.57,Possible category mismatch: road; ,True
3732,2019-07-29 06:59:00,6,Thanisandra,"Near Nagawara Main road towards tannery road from Flyover, there'...","Near Nagawara Main road towards tannery road from Flyover, there's been a garbage spot since 2.5 years. no one is taking action. people have became careless and also opposite resident let his cows graze on road and troubling traffic daily in this spot. causing lots of issues. none of the traffic taking action. please take immidiate action and clear up the road. street Walker finding very difficult to walk here.",Garbage and Unsanitary Practices,Clearance Of Garbage Dump Or Black Spot,On-the-Job,2,"Nagawara, Bengaluru, Karnataka, India",,13.0421565,77.6135776,60,87.39,Possible category mismatch: road; ,True
3733,2019-07-29 07:57:00,80,Hoysala Nagar,Footpath has been closed due to tree trimming by Bescom and branc...,Footpath has been closed due to tree trimming by Bescom and branches on the road. Kindly clear the same since footpath is closed.,Garbage and Unsanitary Practices,Clearance Of Garbage Dump Or Black Spot,Resolved,2,"11Th Cross Road, Stage 2, Hoysala Nagar, Indiranagar, Bengaluru, Karnataka, India",,12.9786319,77.6340801,30,72.76,Possible category mismatch: road; ,True
3734,2019-07-29 08:18:00,90,Ulsoor,Drainage pipes has been left on the footpaths since more than 6 m...,"Drainage pipes has been left on the footpaths since more than 6 months, pedestrians are forced to walk on the road, draining water is overflowing on the roads - opposite to 1MG mall and The Park hotel","Mobility - Roads, Public transport",Repair Of Existing Footpaths,Open,0,"8, Ulsoor Rd, Yellappa Chetty Layout, Sivanchetti Gardens, Bengaluru, Karnataka 560042, India",,12.9746202,77.61988119,2,17.95,Possible category mismatch: drainage; ,True
3744,2019-07-29 15:52:00,84,Hagadur,"I have been a resident of Hagadulr colony,  Immadihalli road, Whi...","I have been a resident of Hagadulr colony,  Immadihalli road, Whitefield for the past 28 years. for the past 3 plus years we have been facing the health, pollution, rodent menace, stink and other extreme problems due to illegal dumping of garbage by the main road. This has lead to my moms extreme health problems, repeated Dengue fevers due to mosquito breeding, fight with neighbours for stopping them to dispose the garbage leading to family members leaving the residence for peaceful pastures. There are no designated rubbish bins and repeated requests and complaints to civic bodies and local leaders have fallen on deaf years.Humbly request the authorities to kindly help us find a solution for the garbage disposal so that we can have atleast access to healthy surroundings.",Garbage and Unsanitary Practices,Clearance Of Garbage Dump Or Black Spot,Re-opened,10,"Immadihalli Rd, Hagadur, Immadihalli, Whitefield, Bengaluru, Karnataka 560066, India",,12.96817836,77.75673859,29,71.79,Possible category mismatch: road; ,True
3761,2019-07-30 08:10:00,81,Vijnana Nagar,Road not cleaned for long time,Road not cleaned for long time,Garbage and Unsanitary Practices,Clearance Of Garbage Dump Or Black Spot,Resolved,2,"16, 9Th Cross Rd, Defence Accounts Employees Layout, B Narayanapura, Mahadevapura, Bengaluru, Karnataka 560016, India",,12.9934967,77.67904479,46,81.6,Possible category mismatch: road; ,True
3767,2019-07-30 12:37:00,198,Hemmigepura,Potholes and drainage overflow,There's a huge pothole in front Global village tech-park front gate and drainage overflow. The condition of road has worsen as all commuters travel through same way. Please repair the roads before any accidents are caused because of the issue.,"Mobility - Roads, Footpaths and Infrastructure",Fixing/Reparing Potholes,On-the-Job,5,"Global Village Tech Park Rd, Rv Vidyaniketan, Rr Nagar, Bengaluru, Karnataka 560098, India",Global village tech park,12.9226025,77.5043613,17,57.08,Possible category mismatch: drainage; ,True
3782,2019-07-30 16:19:00,188,Bilekahalli,Potholes,"I travel daily to my college through Bannerghatta road I find so many potholes which are not visible when it rains 
I have also met an accident due to this","Mobility - Roads, Footpaths and Infrastructure",Fixing/Reparing Potholes,Resolved,2,"Iimb Bus Stop, Appollo Hospital, Bengaluru, Karnataka 560076, India",Apollo hospitals,12.89579356,77.59963952,52,83.66,Insufficient information in title; ,True
3821,2019-07-31 12:05:00,139,K R Market,??.??? ?????????? ????????????? ????? ????? ???? ????? ???????? ?...,??.??? ?????????? ????????????? ????? ????? ???? ????? ???????? ????? ???????????????????. ??????? ???? ????? ???????? ???? ???? ????? ?????? ??????????????. ???? ?????????????? ??????????  ???? ???????? ????? ???????????????? ?????????????????. ???????? ?????? ????? ???? ?????? ?????????? ??? ??????????????????. ???????? ??? ????? ??? ????? ??????????? ????????????. ???????? ????? ???????????? ????????????? ?????? ???????.,Streetlights,Maintenance/Repair Of Streetlights,Resolved,5,"107, Ragipet, Old Tharagupet, Mamulpet, Kalasipalya, Bengaluru, Karnataka 560053, India",,12.96487232,77.57662254,4,27.84,Insufficient information in title; ,True
3826,2019-07-31 15:37:00,32,Kaval Bairasandra,Request to put speed breakers/road humps to reduce speeding of ve...,Request to put speed breakers/road humps to reduce speeding of vehicles for the safety of children and pedestrians in 1st A cross chinnanna layout kavalbairsandra Rt nagar.,Traffic and Road Safety,Maintenance/Repair Of Traffic or Pedestrain Lights,Open,0,"1St A Cross, Chinnanna Layout, Rt Nagar, Kaval Bairasandra, Bengaluru, Karnataka, India",,13.0254961,77.6103221,1,10.56,Possible category mismatch: road; ,True
3834,2019-07-31 20:54:00,149,Varthur,Panathur near bbmp office road 2nd cross which connect to JCR lay...,"Panathur near bbmp office road 2nd cross which connect to JCR layout and bhoganahalli road hear tube light is not working from many years if we ask for bescom maintenance people they will tell  no new tube light ,many children and aged people r using for going for shops and other work  and  many  two wheeler r passing through this road and diged for  Kaveri water connection road is not in good condition so please I request consultant department to do the needful .Thank u",Streetlights,Maintenance/Repair Of Streetlights,Resolved,4,"Panathur Bbmp Office, Kadubeesanahalli, Panathur, Bengaluru, Karnataka, India",,12.9352695,77.705483,21,62.29,Possible category mismatch: road; ,True
558,2019-08-02 11:58:00,191,Singasandra,Waste | No Proper Road's | Unsafe,"Hi Team,

Please fix this issue ASAP. This area is unsafe at night time after 8 no lights, no proper road's and lot of waste on this place. Peoples through all the  plastics wastes here only. 

Peoples struggling to reach main road itself. Even main road also very bad condition.",Garbage and Unsanitary Practices,Clearance Of Garbage Dump Or Black Spot,Resolved,10,"Rayasandra Main Road, Rayasandra, Bengaluru, Karnataka 560099, India",Shiva reddy layout hosa road,12.8762238,77.6735672,40,79.46,Possible category mismatch: road; ,True
1005,2019-08-03 22:39:00,3,Atturu,Sewage and drainage water over flowing...,"From last one month sewage and drainage water over flowing from neighboring house, in the 9th Cross main road. After repeated request no action taken by the owner. Creating un healthy environment and  breed ground of mosquitoes.",Garbage and Unsanitary Practices,Clearance Of Garbage Dump Or Black Spot,Resolved,1,"9Th Cross Bhel Layout, Adityanagar, Vidyaranyapura, Bengaluru, Karnataka 560097, India",Near Hanuman Temple,13.09373949,77.54912577,12,50.36,Possible category mismatch: drainage; ,True
2127,2019-08-05 11:10:00,77,Dattatreya Temple,Footpath encroachment,Sir i daily use bus form link road bus stop just behind the bus stop they cook food on footpath its unhygienic and use gas cylinders which is dangerous pleas remove the encroachments,Traffic and Road Safety,Traffic Jams/Congestion Or Bottlenecks,Closed,1,"196, Link Rd, Malleshwaram, Bengaluru, Karnataka 560003, India",Link road bus stop,12.99435851,77.57375833,1,10.56,Possible category mismatch: road; ,True
2134,2019-08-05 18:18:00,184,Uttarahalli,NO proper drainage and sewage overflow.No proper roads. complete...,NO proper drainage and sewage overflow.No proper roads. complete area with pothole roads worst sewage connection no proper street light,"Mobility - Roads, Footpaths and Infrastructure",Tarring Or Asphalting Of Existing Road,Resolved,2,"3Rd C Cross Road, Maruthi Layout, Subramanyapura, Bengaluru, Karnataka 560061, India",,12.8997242,77.5479293,20,60.93,Possible category mismatch: drainage; ,True
2782,2019-08-06 16:12:00,57,C V Raman Nagar,"Garabag near main road, making it difficult to drive and unhygien...","Garabag near main road, making it difficult to drive and unhygienic overall area",Garbage and Unsanitary Practices,Clearance Of Garbage Dump Or Black Spot,Resolved,3,"22, Kaggadasapura Main Rd, Above Sbi, C V Raman Nagar, Bengaluru, Karnataka 560093, India",,12.9780451,77.6792124,38,78.17,Possible category mismatch: road; ,True
3990,2019-08-08 11:32:00,73,Kottigepalya,"Kindly remove flowers pots, debris and garbage to accomodate safe...","Kindly remove flowers pots, debris and garbage to accomodate safe and clean footpaths for walking to general public. Presently public without alternatives are walking on road risking their life to road accidents. Location: Service road on the ring road, opposite to Annapurneshwarinagar police station, nagarabhavi 2nd stage, 9th block, mahadeshwara layout, kottigepalya BBMP ward, R.r.nagar MLA constituency, Bangalore 560073.","Mobility - Roads, Footpaths and Infrastructure",Tarring Or Asphalting Of Existing Road,On-the-Job,1,"1334, 1St B Main Rd, Shivananda Nagar, Govindaraja Nagar Ward, 9 Block, Naagarabhaavi, Bengaluru, Karnataka 560072, India",,12.967967,77.5132289,10,45.78,Possible category mismatch: garbage; ,True
4001,2019-08-08 18:13:00,188,Bilekahalli,A manhole is almost on completely broken state .Lot of heavy vehi...,A manhole is almost on completely broken state .Lot of heavy vehicles moves over that and kids play in that road.Please get it repaired soon .,"Mobility - Roads, Footpaths and Infrastructure",Fixing/Reparing Potholes,Resolved,3,"Usha Armour Private Limited, Opp, Munivenkatppa Layout, Bilekahalli, Bengaluru, Karnataka, India",,12.9048328,77.604475,52,83.66,Possible category mismatch: drainage; ,True
5460,2019-08-10 17:58:00,4,Yelahanka Satellite Town,More waste kept at road,More waste kept at road,Garbage and Unsanitary Practices,Clearance Of Garbage Dump Or Black Spot,Resolved,2,"3/3, 16Th B Cross Road, Lig Colony, 16Th B Cross Road, Yelahanka New Town, Bengaluru, 560064, India",,13.09782085,77.58027371,20,60.93,Possible category mismatch: road; ,True
6342,2019-08-11 18:40:00,199,Other,Potholes,Big potholes are present . Day by day the size is increasing,"Mobility - Roads, Footpaths and Infrastructure",Fixing/Reparing Potholes,Resolved,1,"Electronic City Phase Ii, Electronic City, Doddanagamangala Village, Karnataka 560100, India",Doddanagamangala to chikkanagamangala,12.8623911,77.6830506,148,98.51,Insufficient information in title; ,True
7062,2019-08-12 09:18:00,45,Malleswaram,Footpath slab has been opened and blockage in footpath near the s...,Footpath slab has been opened and blockage in footpath near the shop plz fix it as soon as possible,Streetlights,Maintenance/Repair Of Streetlights,Resolved,2,"Excel Paints, 6Th Main Road, Gokula 1St Stage, Nanjappa Reddy Colony, Yeswanthpur, Bengaluru, Karnataka, India",,13.024919,77.559469,6,35.12,Possible category mismatch: road; ,True
4086,2019-08-13 21:43:00,7,Byatarayanapura,Illegal Occupancy of Public Road,"Respected Sir/Madam,

I am Navneeth, residence in Byatarayanapura for 28 years. On behalf of my neighbors and public, this is to inform you that we are experiencing the congestion of the road due to illegal occupancy of a public road by one of the neighbors. They have blocked the road by placing flower pots, big stones, water tank, two small trees, and a car and recently constructed one sanitary pit. This is a direct offense and all the time when somebody asked to remove these, either they start vulgar words or also they hit the person with who question them. This has been a massive impact on residence people to shift their things, to take their vehicles out(car, auto). I request the authorities to check for the situation and take respective actions towards it. Please find the attached pictures for reference of how they have occupied the place.",Traffic and Road Safety,Traffic Jams/Congestion Or Bottlenecks,Open,0,"3, Service Rd, Park View Layout, Bengaluru, Karnataka 560092, India","Kunte Nanjappa Road, Opposite to Renaissance Apartment",13.0645455,77.59259924,1,10.56,Possible category mismatch: road; ,True
4091,2019-08-14 09:43:00,1,Kempegowda,The sewage pipe in our area in jayanna Badawane has broken and th...,"The sewage pipe in our area in jayanna Badawane has broken and the sewage water is running across our homes so kindly try to resolve this problem as soon as possible bcoz of very bad smell as well as lot of mosquitoes problems may occur due to this please consider the request and resolve the problem as soon as possible. 
Thanking you","Mobility - Roads, Footpaths and Infrastructure",Fixing/Reparing Potholes,Resolved,2,"3Rd Cross Road, 3Rd Cross Road, Kogilu, Bengaluru, 560064, India",,13.10331221,77.60589532,4,27.84,Possible category mismatch: drainage; ,True
4095,2019-08-14 14:26:00,26,Ramamurthy Nagar,Road not maintained,The removed silt from the storm water drain left on the roadside in front of the house. the road dug up for the laying of the fibre not made good even after a month.,Garbage and Unsanitary Practices,Clearance Of Garbage Dump Or Black Spot,Resolved,2,"Shanthi Layout Main Rd, Muniswamy Reddy Layout, Dr Ambedkar Nagar, Ramamurthy Nagar, Bengaluru, Karnataka 560016, India",Adjacent to VVN Arcade,13.01740993,77.68329702,38,78.17,Possible category mismatch: road; ,True
4119,2019-08-15 23:51:00,150,Bellanduru,Garbage collection issue and poor maintainence of Roads.,"Dear Sir/Madam,

We have made enough complaints reg the poor maintenance of Roads and garbabe issue at KPCL layout, Kasavanhalli Bangalore.

We have formed a social community and decided to dump the garbabe collectively at the Local MLA house and consecutively at the corporator house. The chain goes on until the issue gets resolved and this action will be taken under the supervision of Media.

Since 8 months, the Roads are very pathetic and one of my friends wife has mis carried her baby and this was a very painful phase for him.

Im writing it with grief that, the local residents are suffering a lot due to electing uneducated, irresponsible and corrupted public service members.

We stand together to take any action and face any consequences if the issue is not resolved at the earliest.  None of the BBMP vehicle which comes into this layout will return to the garage again.","Mobility - Roads, Footpaths and Infrastructure",Flooding/Waterlogging Of Roads And Footpaths,Resolved,2,"Kasavanahalli, Karnataka 560035, India",KPCL Layout,12.9066841,77.6757011,12,50.36,Possible category mismatch: garbage; ,True
4160,2019-08-17 07:21:00,176,BTM Layout,Swiggy boys are parking here and making gatherings and doing nuis...,Swiggy boys are parking here and making gatherings and doing nuisance in the dark.,Streetlights,Maintenance/Repair Of Streetlights,Resolved,2,"34, 15Th Cross Road, 15Th Cross Road, Btm Layout Stage 2, Bengaluru, 560076, India",,12.90780948,77.61076466,14,53.23,Possible category mismatch: traffic; ,True
4176,2019-08-17 13:49:00,101,Kamakshipalya,Footpath is completely blocked by vendor selling plastic articles...,Footpath is completely blocked by vendor selling plastic articles. kindly get the footpath cleared,Streetlights,Maintenance/Repair Of Streetlights,Resolved,2,"Jeevamrutha Diagnostics, Khb Colony, Basaveshwar Nagar, Bengaluru, Karnataka, India",,12.9867548,77.5349191,3,23.5,Possible category mismatch: road; ,True
4248,2019-08-20 08:43:00,191,Singasandra,Potholes,Please fix the potholes on the naganathapura main road,"Mobility - Roads, Footpaths and Infrastructure",Fixing/Reparing Potholes,Resolved,2,"Hosa Rd, Sai Sree Layout, Rayasandra, Bengaluru, Karnataka 560100, India",Naganathapura main road,12.87474478,77.66927007,59,86.42,Insufficient information in title; ,True
4256,2019-08-20 10:08:00,150,Bellanduru,Traffic,"Too much traffic on Koramangala to Marthahalli road. Need to do something about it. Travel time for 8kms is 1.5hrs. it's bumper to bumper
Traffic",Traffic and Road Safety,Traffic Jams/Congestion Or Bottlenecks,Open,0,"Marathahalli - Sarjapur Outer Ring Rd, Kodbisanhalli, Bengaluru, Karnataka, India",From Koramangala to RMz ecospace,12.9435087,77.6974863,23,65.57,Insufficient information in title; ,True
4287,2019-08-20 16:36:00,197,Vasanthapura,Kanakapura road is stinking,"Between konakunte signal and Banashankari temple circle, the road is full of garbage on the side. It is in an intolerable state. Needs IMMEDIATE attention",Garbage and Unsanitary Practices,Clearance Of Garbage Dump Or Black Spot,Resolved,2,"Kanakapura Rd, Beereshwar Nagar, Konanakunte, Bengaluru, Karnataka 560062, India",All through kanakapura road,12.8826824,77.5654038,35,75.44,Possible category mismatch: road; ,True
4289,2019-08-20 16:38:00,189,Hongasandra,Begur road very congested and creating lot of traffic daily,"Hello All,

Begur road from long years very congested and its very difficult to travel and its not been extended or broadened and daily kids employees will face lot of difficulties to travel and MLA house is on the main road and hes not doing anything very difficult to travel morning times.",Traffic and Road Safety,Traffic Jams/Congestion Or Bottlenecks,Open,0,"Begur Main Rd, Bommanahalli, Bengaluru, Karnataka, India",Mla sathis reddy house,12.8973486,77.6262425,3,23.5,Possible category mismatch: road; ,True
4293,2019-08-20 19:54:00,199,Other,Open manhole,The manhole lid disappeared and created a open hole. It is not visible for oncoming vehicles and poses a huge risk.,"Mobility - Roads, Footpaths and Infrastructure",Fixing/Reparing Potholes,Resolved,1,"Kommagatta Sulikere Post Kengeri Hobli, Bengaluru, Karnataka 560060, India",Near Nice Road over bridge,12.92669186,77.47022687,148,98.51,Possible category mismatch: drainage; ,True
4316,2019-08-21 13:17:00,191,Singasandra,Pothhole and manhole,"We requested BBMP Engineer regarding road tapping and maintenance. it's been 2 n half years all roads in ward no: 191. and we see that govt is releasing funds to our ward, I don't know what development had done. now naturally created big potholes and manholes are damaged. schoolchildren and officials are suffering due to heavy rain and mud road is pathetic to a walkthrough. Please get the road fixed before monsoon, else the condition will be very serious.","Mobility - Roads, Footpaths and Infrastructure",Fixing/Reparing Potholes,Re-opened,7,"Naganathapura Main Road, Naganathapura, Rayasandra, Bengaluru, Karnataka 560100, India",Eshwara Temple,12.87181621,77.66724232,59,86.42,Possible category mismatch: drainage; ,True
4322,2019-08-21 17:10:00,59,Maruthi Seva Nagar,This is the condition of the road in front of the Ambedkar Dental...,This is the condition of the road in front of the Ambedkar Dental College on Cline Road. the water accumulates as there is no way for it to go and has become a breeding ground for mosquitoes. BBMP needs to take immediate action as this is a residential area and people might start getting sick.,Garbage and Unsanitary Practices,Clearance Of Garbage Dump Or Black Spot,Resolved,2,"Mathrusri Ramabai Ambedkar Dental College & Hospital, Cline Road, Balaji Layout, Cooke Town, Bengaluru, Karnataka, India",,13.0004445,77.6219115,20,60.93,Possible category mismatch: road; ,True
4335,2019-08-21 20:14:00,175,Bommanahalli,Request for Speed breakers/Road Humps,"Please take my request for making Speed breakers/Road Humps and repairing the Street Light on 36th Main, 4th Cross, BTM 2nd Stage, Near Sri Ram PG. Peoples are driving here very rashly as there is no speed Beaker. Even in morning School bus drivers are also doing very harsh driving. We have many neighbours here which do have small kids and its very dangerous for them as well.  This request has been pending from last one Year.

Few months back as dog infront of my house was very badly hit by an Uber High Speed vehicle .But you People won't care bcoz it was just a dog. Once someone's Kid will be hit by some high speed vehicle then only people will come forward. Also two weeks back one guy also met with an accident.

I am attaching the pic of that dog who met with the accident. 

Its almost one year ,this request (W01750C346597) is pending. Please take it seriously this time . You can connect me @ +91-7829787186 once you come for making the speed breaker. . I can help them to tell the exact place where they can make the Speed Breaker.

Thanks,",Streetlights,Maintenance/Repair Of Streetlights,Resolved,6,"Kas Officers Colony, Stage 2, Btm Layout, Bengaluru, Karnataka 560068, India",Opposite to Shree ram Ladies PG,12.9141001,77.621393,7,37.79,Possible category mismatch: road; ,True
4338,2019-08-21 22:25:00,150,Bellanduru,"Full of pothholes, garbage, and stray dogs","The road from the Devarabeesanahalli arch to the other end is full of pothholes, garbage, houses with gates on to the street, no pedestrian path, accumulation of dust and mud on the sides of the road and full of dogs which cause a ruckus at night.

This has been a problem for long, but, recently to fix some underground pipe, they dug up the road and didn't fix it and not it is too uneven to even drive over safely.

Pedestrians are often walking on mud or over very thin and broken slabs of concrete on the side if the road if they aren't already muddy.

Construction material is split on the road too. All over that road is simply not safe. There is a terrible group of dogs at each corner.","Mobility - Roads, Footpaths and Infrastructure",Fixing/Reparing Potholes,Resolved,2,"Adarsh Palm Retreat, Bellandur, Bengaluru, Karnataka 560103, India","Devarabeesanahalli Arch road, next to Ecoworld",12.9275611,77.6891759,184,100.0,Possible category mismatch: garbage; ,True
4351,2019-08-22 13:49:00,118,Sudham Nagara,Drainage and foot path  broken,Drainage and foot path  broken,"Mobility - Roads, Footpaths and Infrastructure",Fixing/Reparing Potholes,On-the-Job,1,"115/2, Vinobha Nagar, Sudhama Nagar, Bengaluru, Karnataka 560002, India",,12.9570007,77.5855384,5,31.57,Possible category mismatch: drainage; ,True
4365,2019-08-22 21:42:00,176,BTM Layout,Potholes,Due to metro work entrie stretch from silk board till jayanagar 5th block is having too many potholes. Respective Dept. has to do there job,"Mobility - Roads, Footpaths and Infrastructure",Fixing/Reparing Potholes,Resolved,2,"B.t.m. 2Nd Stage, Bengaluru, Karnataka 560068, India",Central Silk Board,12.9161665,77.61837952,11,47.83,Insufficient information in title; ,True
4373,2019-08-23 10:20:00,111,Shantala Nagar,A man was riding on the pavement opposite to Koshy's,"Yesterday evening as I was walkimg home from work a man came riding his bike on the pavement behind me a high speed and honking. He tried to push past me when I asked him to get off the pavement and when I threatened to take him to the cops he coolly said please go get the cops.
As you can see this pic was taken at 7pm on St. Marks Road the pavement opposite to Koshy's.",Traffic and Road Safety,Traffic Jams/Congestion Or Bottlenecks,Open,0,"39, St Marks Rd, Shanthala Nagar, Ashok Nagar, Bengaluru, Karnataka 560001, India",Opposite Koshy's,12.9757732,77.6014741,7,37.79,Possible category mismatch: road; ,True
4428,2019-08-25 13:56:00,24,HBR Layout,Water leakage - several thousand litres wasting,Huge dangerous hole on the road - leaking water and that is going to waste unused. This is top most priority given water crisis in other areas.,"Mobility - Roads, Footpaths and Infrastructure",Fixing/Reparing Potholes,Resolved,3,"Meganahalli, Kalyan Nagar, Bengaluru, Karnataka 560043, India",Grace garden 2 apt - in front of west gate,13.0289331,77.6351442,25,68.15,Possible category mismatch: water; ,True
4446,2019-08-26 11:24:00,176,BTM Layout,"There is a broken tree on the road. Kindly clear this.
Address :...","There is a broken tree on the road. Kindly clear this.
Address : 13th Main Rd, 12th Cross. Sunshine Colony. BTM Layout 2nd Stage. 560076.",Garbage and Unsanitary Practices,Clearance Of Garbage Dump Or Black Spot,On-the-Job,1,"Sunshine Colony, Stage 2, Btm 2Nd Stage, Bengaluru, Karnataka, India",,12.9126425,77.6081481,60,87.39,Possible category mismatch: road; ,True
4462,2019-08-27 08:46:00,108,Sriramamandira,Drainage slab left open ever since the new slabs new laid. Now it...,Drainage slab left open ever since the new slabs new laid. Now it has become a breeding ground for Dengue causing mosquitoes as the drain water gets stagnant.,"Mobility - Roads, Footpaths and Infrastructure",Need Covering Slabs For Roadside Drains,Resolved,1,"17/b, 4Th Block, Rajajinagar, Bengaluru, Karnataka 560010, India",,12.98946619,77.55672812,1,10.56,Possible category mismatch: drainage; ,True
4468,2019-08-27 12:42:00,85,Dodda Nekkundi,Every day there is long Traffic queues just infront of the apartment gate itself. Road is like think lane and divider has been put instead of speed breaker!,"Every day there is long Traffic queues just infront of the apartment gate itself. Road is like think lane and divider has been put instead of speed breaker!
I have been saved 3 accidents till date due to this. This is everyday torcher to take U-turn to go to another side of the divider on the thin road on huge terrific traffic.",Traffic and Road Safety,Traffic Jams/Congestion Or Bottlenecks,Open,0,"Opposite Gateway Super Bazar, Near Alpine Eco Apartments, Dodda Nekkundi Extension, Doddanekkundi, Bengaluru, Karnataka 560037, India",Doddanekkundi Industrial Area Rd,12.97274599,77.70103193,8,39.8,Possible category mismatch: road; ,True
4470,2019-08-27 13:49:00,190,Mangamannapalya,The footpath along side the Hosur Road from Roopena Agrahara to B...,"The footpath along side the Hosur Road from Roopena Agrahara to Bommanahalli bus stand is full of debris. It looks like a garbage dumping site. Above all, there is no way for pedestrian to commute as the footpath has debris and the road is possessed by metro construction. Atleast footpath alongside the metro construction site should be made clear.",Garbage and Unsanitary Practices,Clearance Of Garbage Dump Or Black Spot,On-the-Job,1,"Bommanahalli Bus Stand, Bommanahalli, Karnataka, India",,12.8999524,77.6336173,24,66.94,Possible category mismatch: road; ,True
4515,2019-08-29 08:36:00,24,HBR Layout,A manhole is flooding the street right opposite of Manyata tech p...,A manhole is flooding the street right opposite of Manyata tech park. it's been about 10 days since this is happening. people are forced to travel through the dirty water and it is also slowing down traffic. kindly fix it on priority.,"Mobility - Roads, Footpaths and Infrastructure",Fixing/Reparing Potholes,On-the-Job,1,"Manyata Tech Park, Hbr Layout 4Th Block, Nagawara, Bengaluru, Karnataka, India",,13.0307925,77.6333562,25,68.15,Possible category mismatch: drainage; ,True
4529,2019-08-29 17:24:00,103,Kaveripura,Wires near the mid road,Wires near the mid road,Streetlights,Maintenance/Repair Of Streetlights,Resolved,2,"Shiva1Securities Md House, Unnamed Road, Govindaraja Nagar Ward, Priyadarshini Layout, Vijayanagar, Bengaluru, Karnataka, India",,12.980066,77.52671,3,23.5,Possible category mismatch: road; ,True
4532,2019-08-29 21:22:00,83,Kadugodi,Horrible roads without a single street light,"Full of pathetic roads, when it rains, people can't even walk.In addition, there is no single street light","Mobility - Roads, Footpaths and Infrastructure",Flooding/Waterlogging Of Roads And Footpaths,On-the-Job,1,"Immadihalli Rd, Chansandra, Bengaluru, Karnataka 560067, India",Opposite satyanarayana swamy temple,12.9785035,77.7688177,5,31.57,Possible category mismatch: streetlight; ,True
4550,2019-08-30 11:42:00,199,Other,Open storm water drain. So hazardous for pedestrians because the...,Open storm water drain. So hazardous for pedestrians because the road is full of vehicles and we cant walk on the pavement cos there’s no pavement!,"Mobility - Roads, Footpaths and Infrastructure",Fixing/Reparing Potholes,Resolved,1,"Wipro Technologies Kodathi, Sarjapur Road, Carmelaram, Ambedkar Nagar, Chikkabellandur, Bengaluru, Karnataka, India",,12.897032,77.7118433,148,98.51,Possible category mismatch: drainage; ,True
121,2019-09-01 15:30:00,149,Varthur,Streetlights not working on Varthur - Varthur Kodi lakeside road,Streetlights not working on Varthur - Varthur Kodi lakeside road. No action yet to repair the lights. The authorities are waiting for major accidents happen on this SH 35,Streetlights,Maintenance/Repair Of Streetlights,Resolved,5,"Sh 35, Sorahunase, Bengaluru, Karnataka 560087, India",Varthur Kodi,12.95355411,77.74430676,21,62.29,Possible category mismatch: road; ,True
1008,2019-09-03 08:48:00,27,Banasavadi,This drainage work was done 100day back.. now it is in Dangerous...,This drainage work was done 100day back.. now it is in Dangerous condition.. it's a good sample for poor quality work. by BBMP. how can Such A big government agency accept this kind of poor quality work. where  qualified engineers are being paid huge salary.. this is at 7th cross subbanapalaya Banaswadi ward 27. chikka Banaswadi road.,"Mobility - Roads, Footpaths and Infrastructure",Tarring Or Asphalting Of Existing Road,Resolved,2,"Lohan's Regent, 7Th Cross Jai Jawan Nagar, Chikka Banaswadi, Banswadi, Bengaluru, Karnataka 560043, India",,13.00642257,77.64345417,21,62.29,Possible category mismatch: drainage; ,True
1650,2019-09-04 23:06:00,84,Hagadur,Power cut frequency is too high,Power cut frequency is too high,Streetlights,Maintenance/Repair Of Streetlights,Resolved,1,"Someshwara Road, Hagadur, Immadihalli, Whitefield, Bengaluru, Karnataka 560066, India",,12.9656449,77.7574207,4,27.84,Possible category mismatch: electricity; ,True
4765,2019-09-09 11:46:00,111,Shantala Nagar,Obstruction on footpath,This is to check if the photo upload has any issue or not.,Garbage and Unsanitary Practices,Clearance Of Garbage Dump Or Black Spot,Open,0,"Mahatma Gandhi Road, Mahatma Gandhi Road, Shivajinagar, Bengaluru, Karnataka 560001, India",MG Road,12.97612189,77.60792963,38,78.17,Possible category mismatch: road; ,True
4767,2019-09-09 17:13:00,152,Suddagunte Palya,Potholes and Road maintenence,"Respected Sir,

I am an employee who travels for work everyday to your ward( SG palya opposite to fire station). I really appreciate that initiative you take up to improve roads and construct new road which is helpful for the people. 

Sir my sincere suggestion for you would be that you have to make the timings accordingly, Today while I was travelling to work I was stuck in terrible traffic which was caused by the road repair( Tar ). As the road is small and considering it is a very busy area you need to make timings for these work accordingly. There were hundreds of people who faced this issue today. 

I hope this is taken care next time.

Sincerely,
Roopa",Streetlights,Maintenance/Repair Of Streetlights,Resolved,2,"Opp To Fire Station, 4, 1, Bannerghatta Main Rd, Bhavani Nagar, S.g. Palya, Bengaluru, Karnataka 560029, India",IBC techpark,12.9333439,77.6012865,5,31.57,Possible category mismatch: road; ,True
5471,2019-09-10 01:27:00,191,Singasandra,"Open dumping yard kudlu road Infront of idfc ATM
inviting lot of...","Open dumping yard kudlu road Infront of idfc ATM
inviting lot of diseases.
main road, eateries, medical shops, apartments near by",Garbage and Unsanitary Practices,Clearance Of Garbage Dump Or Black Spot,Resolved,2,"48/1, Kudlu Rd, Kudlu Gate, Hosapalaya, Muneshwara Nagar, Bengaluru, Karnataka 560068, India",,12.8910585,77.6448588,40,79.46,Possible category mismatch: road; ,True
6360,2019-09-11 06:40:00,32,Kaval Bairasandra,Water logging and mosquito issue people have made illegal speed b...,Water logging and mosquito issue people have made illegal speed breaker without BBMP permission. please resolve it asap,"Mobility - Roads, Footpaths and Infrastructure",Fixing/Reparing Potholes,On-the-Job,1,"4Th E Cross, Mm Layout, Shampura, Kaval Bairasandra, Bengaluru, Karnataka, India",,13.021689,77.6109068,8,39.8,Possible category mismatch: drainage; ,True
4859,2019-09-13 15:15:00,25,Horamavu,No streetlights on Elu's road,There are no streetlights on Elu's road. This has become a huge security risk and inconvenience for residents of this area,Streetlights,Installation Of New Streetlights,On-the-Job,1,"Elu's Rd, Hanumanthappa Layout, Kyalasanahalli, Bengaluru, Karnataka 560077, India",Elu's road,13.06365576,77.66078841,9,42.94,Possible category mismatch: road; ,True
4880,2019-09-14 15:10:00,54,Hoodi,Lot of potholes filled with sewage water,Lot of potholes filled with sewage water in this road. Please fix this at the earliest.,"Mobility - Roads, Footpaths and Infrastructure",Fixing/Reparing Potholes,Resolved,1,"Cambridge Garden, Kodigehalli Main Rd, Kodigehalli, Krishnarajapura, Bengaluru, Karnataka 560036, India",Kodigehalli Main Road,13.00417593,77.72078626,37,76.93,Possible category mismatch: drainage; ,True
4895,2019-09-15 11:46:00,42,Lakshmi Devi Nagar,Sewage water flowing in rain water line (gutter ) and also blocka...,"Sewage water flowing in rain water line (gutter ) and also blockage of potholes near RVS school , 427, 8th main , 8 the cross , Lakshmi Devi nagar , ward no 42 Bangalore -560096. increase number of musquitoes and smells 24*7, request you to please take action ASAP","Mobility - Roads, Footpaths and Infrastructure",Fixing/Reparing Potholes,Resolved,1,"375, 7Th Main Rd, Lakshmi Devi Nagar, Sanjay Gandhi Nagar, Bengaluru, Karnataka 560058, India",,13.016973,77.5276089,9,42.94,Possible category mismatch: drainage; ,True
4894,2019-09-15 11:46:00,42,Lakshmi Devi Nagar,Sewage water flowing in rain water line (gutter ) and also blocka...,"Sewage water flowing in rain water line (gutter ) and also blockage of potholes near RVS school , 427, 8th main , 8 the cross , Lakshmi Devi nagar , ward no 42 Bangalore -560096. increase number of musquitoes and smells 24*7, request you to please take action ASAP","Mobility - Roads, Footpaths and Infrastructure",Fixing/Reparing Potholes,Resolved,1,"368, 7Th Main Rd, Sanjay Gandhi Nagar, Bengaluru, Karnataka 560058, India",,13.01688709,77.52767233,9,42.94,Possible category mismatch: drainage; ,True
4911,2019-09-16 11:48:00,150,Bellanduru,Potholes,Potholes in many places in Hosa Road,"Mobility - Roads, Footpaths and Infrastructure",Fixing/Reparing Potholes,Resolved,2,"Kasavanahalli Lake, Eastwood Twp, Haralur, Karnataka 560103",Opposite to Vidyarambh Play school and complete Hosa Road,12.9035762,77.6672134,184,100.0,Insufficient information in title; ,True
4918,2019-09-16 14:05:00,152,Suddagunte Palya,"School kids not able to walk in this road, every day if bbmp clea...","School kids not able to walk in this road, every day if bbmp cleans it also the same problem have to take very strict action against this",Garbage and Unsanitary Practices,Clearance Of Garbage Dump Or Black Spot,Resolved,2,"83, 1St Cross Road, 1St Cross Road, Sadduguntepalya, Bengaluru, 560029, India",,12.93116801,77.60937895,17,57.08,Possible category mismatch: road; ,True
4926,2019-09-16 18:28:00,6,Thanisandra,Broken Sign board on ring road near manyata.,Broken Sign board on ring road near manyata.,Traffic and Road Safety,Installation Of Traffic Sign Boards,Resolved,1,"Manyata Tech Park, Outer Ring Road, Kaverappa Layout, Kadubeesanahalli, Thanisandra, Bengaluru, Karnataka, India",,13.0428244,77.6191039,1,10.56,Possible category mismatch: road; ,True
4927,2019-09-16 18:38:00,27,Banasavadi,"Hi,
Gopal reddy layout, 2nd main road, is facing issues of garbag...","Hi,
Gopal reddy layout, 2nd main road, is facing issues of garbage, where the residents are throwing up garbage on road.
Even the bbmp garbage collectors, throw them back .

We have taken up issue of cleaning our area, can you please place garbage bins in our area , so that they find place to throw.",Garbage and Unsanitary Practices,Clearance Of Garbage Dump Or Black Spot,Resolved,2,"2Nd Ma, Gopal Reddy Layout Rd, Gopal Reddy Layout, Annaiah Reddy Layout, Banasawadi, Bengaluru, Karnataka 560043, India",,13.0163943,77.6562451,38,78.17,Possible category mismatch: road; ,True
4971,2019-09-18 17:25:00,84,Hagadur,Many vehicles parked on both side of Borewell road near whitefield post office,"Many vehicles parked on both side of Borewell road near whitefield post office
Can we avoid it to reduce the traffic",Traffic and Road Safety,Traffic Jams/Congestion Or Bottlenecks,Open,1,"88, Borewell Rd, Palm Meadows, Dodsworth Layout, Whitefield, Bengaluru, Karnataka 560066, India",Near Post office- Whitefield,12.9684377,77.7481346,6,35.12,Possible category mismatch: road; ,True
4972,2019-09-18 17:31:00,84,Hagadur,Vehicles are parked both sides of the borewell road,Vehicles are parked both sides of the borewell road is causing inconvenience.,Traffic and Road Safety,Traffic Jams/Congestion Or Bottlenecks,Open,0,"271, Borewell Rd, Phase 2, Dodsworth Layout, Whitefield, Bengaluru, Karnataka 560066, India",Borewell road,12.96800878,77.74871342,6,35.12,Possible category mismatch: road; ,True
4993,2019-09-19 19:44:00,83,Kadugodi,No Road Lights,Absence of road lights on channasandra road till Thirumalashettyhalli Police Station makes this place very unsafe,Streetlights,Maintenance/Repair Of Streetlights,Re-opened,3,"Channasandra Main Rd, Thirumalashettyhally, Bengaluru, Karnataka 560067, India",From this junction till thirumalashettyhalli police station,12.98465291,77.77547113,13,51.41,Possible category mismatch: road; ,True
4999,2019-09-20 09:15:00,78,Pulikeshinagar,"Dear sir /Medam 
This is Nagaraj G from tannery road Frazer town...","Dear sir /Medam 
This is Nagaraj G from tannery road Frazer town bassappa lane I send photo n complaint to my public toilet problem I complaint so many times in BBMP no body answer n no body come my area pls engineer sir pls come verify to my area bcs I have 200 people living to area pls solved problem as soon as possible 

Regards 
 NAGARAJ G
7019072413

THANKS.",Garbage and Unsanitary Practices,Clearance Of Garbage Dump Or Black Spot,On-the-Job,1,"Frazer Town, Bengaluru, Karnataka, India",,12.9970483,77.6144076,22,63.9,Possible category mismatch: road; ,True
5066,2019-09-23 13:40:00,5,Jakkuru,"Water logging in front of
Plot No 68/69, Opp Regal Hospital Hegde...","Water logging in front of
Plot No 68/69, Opp Regal Hospital Hegde Nagar Main Road Jakkur Post, Chokkanahalli, Balaji Layout, Yelahanka, Bengaluru, Karnataka 560064","Mobility - Roads, Footpaths and Infrastructure",Fixing/Reparing Potholes,On-the-Job,1,"Ebisu Convention Center, Balaji Layout, Yelahanka, Bengaluru, Karnataka, India",,13.082785,77.6342475,23,65.57,Possible category mismatch: drainage; ,True
5080,2019-09-24 08:21:00,81,Vijnana Nagar,Drainage not closed properly causing people to dump waste and mak...,Drainage not closed properly causing people to dump waste and making footpath unhealthy,"Mobility - Roads, Footpaths and Infrastructure",Fixing/Reparing Potholes,On-the-Job,3,"74, 9Th Cross Rd, Defence Accounts Employees Layout, B Narayanapura, Mahadevapura, Bengaluru, Karnataka 560016, India",,12.99369441,77.67924433,23,65.57,Possible category mismatch: drainage; ,True
5091,2019-09-24 12:28:00,54,Hoodi,Roads are all broken because of sewage pipeline,"Respected Sir,
Roads are all broken because of new sewage pipeline and no one is making the roads again. Because of same I slipped and broke my arm.
Please have some concerned team take action on this and get it repaired.

Thanks and Regards
Lovenish Taneja
9999755842","Mobility - Roads, Footpaths and Infrastructure",Fixing/Reparing Potholes,On-the-Job,3,"5Th Main Rd, Varanasi, Bengaluru, Karnataka 560016, India",Vinutha water service,13.02615285,77.68413604,37,76.93,Possible category mismatch: drainage; ,True
5109,2019-09-24 19:57:00,149,Varthur,Waterlogging near panathur underpass,2ft waterlogging near both the underpass on Panathur Road.. Next to impossible to commute when it rains. Very risky for 2 wheelers.. Please do something. Today only my bike got stuck inside the water and I fell down and got some severe injury on my hand and legs.. BBmp authorities are not doing anything to fill the potholes on that route..,"Mobility - Roads, Footpaths and Infrastructure",Fixing/Reparing Potholes,On-the-Job,1,"Panathur, Bengaluru, Karnataka, India",Near to underpass,12.9355734,77.7057495,77,90.21,Possible category mismatch: drainage; ,True
5114,2019-09-24 22:26:00,174,HSR Layout,Sewage Blocked,Sewage treatment  is not proper in our road.If heavy rain falls rain water is not flowing in the sewage and water is stagnant in front of the house due to this we are not able to go outside.,"Mobility - Roads, Footpaths and Infrastructure",Fixing/Reparing Potholes,Resolved,2,"2775, 21St Main Rd, Agara Village, 1St Sector, Hsr Layout, Bengaluru, Karnataka 560102, India",Agara lake,12.92218443,77.64677014,32,73.53,Possible category mismatch: drainage; ,True
5116,2019-09-24 22:33:00,53,Basavanapura,This is Seegahalli Main Road. This is near the bridge before Shas...,This is Seegahalli Main Road. This is near the bridge before Shastry Memorial School. This is the condition of road. Rain water will be stuck due to to dumping of debris and garbage. See how the vehicles will drive on the other side of the road to avoid this dirty water and probable pot hole. Request you to action on this since the rains have started to increase these days. Pin code is 560049.,Garbage and Unsanitary Practices,Clearance Of Garbage Dump Or Black Spot,Resolved,2,"Seegehalli Main Road, Krishnarajapura, Bengaluru, Karnataka, India",,13.0161229,77.7161179,40,79.46,Possible category mismatch: road; ,True
5148,2019-09-25 19:08:00,4,Yelahanka Satellite Town,Garbag kept in road,Garbag kept in road,Garbage and Unsanitary Practices,Clearance Of Garbage Dump Or Black Spot,Open,0,"961, 16Th B Cross Road, 16Th B Cross Road, Yelahanka New Town, Bengaluru, 560064, India",,13.09745299,77.57794666,20,60.93,Possible category mismatch: road; ,True
5161,2019-09-26 05:10:00,199,Other,The entire stretch near AMC college on Bannerghatta Road is fille...,The entire stretch near AMC college on Bannerghatta Road is filled with garbage. Please help. Due to rain the garbage is rotting and chances of cholera outbreak is there. I'm worried if there is any medicinal waste or contamination lurking in those areas. We need your help.,Garbage and Unsanitary Practices,Clearance Of Garbage Dump Or Black Spot,Resolved,1,"Unnamed Road, Bannerughatta, Bengaluru, Karnataka 560083, India",,12.80696901,77.58535638,116,96.25,Possible category mismatch: road; ,True
5194,2019-09-27 06:49:00,160,Rajarajeshwari Nagar,"Water leakage near nimishamba temple 
Raja Rajeshwari Nagar","Water leakage near nimishamba temple 
Raja Rajeshwari Nagar","Mobility - Roads, Footpaths and Infrastructure",Tarring Or Asphalting Of Existing Road,Resolved,1,"Pizza Hut, 12Th Cross Road, Remco Bhel Layout, Raja Rajeswari Nagar, Rr Nagar, Bengaluru, Karnataka, India",,12.9248068,77.5182407,24,66.94,Possible category mismatch: water; ,True
5210,2019-09-27 21:10:00,174,HSR Layout,In this location in silk board signal no drainage. water blocks c...,In this location in silk board signal no drainage. water blocks causes traffic jam,"Mobility - Roads, Footpaths and Infrastructure",Tarring Or Asphalting Of Existing Road,Resolved,2,"Central Silk Board (Towards Hebbala), Santhosapuram, Sector 6, Hsr Layout, Bengaluru, Karnataka 560034, India",,12.9172443,77.62339379,16,56.25,Possible category mismatch: drainage; ,True
5217,2019-09-28 14:02:00,109,Chickpet,Any time these BBMP vehicles are parking in two wheelers parking...,Any time these BBMP vehicles are parking in two wheelers parking area no one tacking action about this issue please clarify this issue as early as possible from this issue public can't able park there two wheelers and from this garbage BBMP vehicles getting very bad smell and behind this vehicles some new sence are going on like smoking and urinating like this please take the action immediately.,Garbage and Unsanitary Practices,Clearance Of Garbage Dump Or Black Spot,Resolved,2,"6, Hospital Rd, Anchepet, Chickpet, Bengaluru, Karnataka 560053, India",,12.972279,77.5801636,23,65.57,Possible category mismatch: traffic; ,True
134,2019-10-01 16:46:00,1,Kempegowda,Street lights are not working,Street lights are not working,Garbage and Unsanitary Practices,Clearance Of Garbage Dump Or Black Spot,Resolved,2,"Yelahanka, Bengaluru, Karnataka, India",,13.1004849,77.5940134,15,54.56,Possible category mismatch: streetlight; ,True
588,2019-10-02 10:46:00,151,Koramangala,????? ????????????????? ??????,"??????????,

?????? ????? ???? ??????? ??????? ? ?? ?????? ???? ???? ??? ?????? ????? ??????? ???????????????, ??? ????? ?????? ? ?????? ???? ?????????? ???? ???? ???????????????. ???? ??????????? ????? ??????????????, ??????, ????????? ???????? ????????????????. ???? ???????? ? ?????? ?? ?? ????? ??????????? ???? ???????? ????????? ??????? ??????? ????????????. ???? ???? ??????? ????? ?????????? ?????? ??????????? ??????????????? ?????????????? ?????????????????. ? ????? ????? ???? ?????? ???????? ??????????, ?????? ?????????? ???? ?????? ?????? ????????? ???????????.???????? ????? ???????????,?????????? ??????? ?????? ???????? ??????????? ????? ????????????? ???????????? ? ???? ??????????????.",Storm Water Drains,Maintenance And Repair Of Storm Water Drains,Resolved,2,"815, Koramangala 4Th Block, Koramangala, Bengaluru, Karnataka 560034, India",Near Maharaja signal food mall,12.93347513,77.62983426,1,10.56,Insufficient information in title; ,True
1025,2019-10-03 12:37:00,176,BTM Layout,Drainage closure not placed properly. This is causing lot of inco...,Drainage closure not placed properly. This is causing lot of inconvenience and a hazard right in the middle of the road,"Mobility - Roads, Footpaths and Infrastructure",Fixing/Reparing Potholes,Resolved,3,"1555, 13Th Main Rd, Sunshine Colony, Stage 2, Btm 2Nd Stage, Bengaluru, Karnataka 560076, India",,12.9119536,77.6087859,11,47.83,Possible category mismatch: drainage; ,True
1652,2019-10-04 00:48:00,55,Devasandra,Unable to cross outer ring road in fast moving traffic near B Nar...,Unable to cross outer ring road in fast moving traffic near B Narayanpura bus stop. Request for foot over bridge to avoid accidents etc. Thanks,Traffic and Road Safety,Installation Of Traffic or Pedestrain Lights,Closed,2,"Bnarayanpura Bus Stop, Kamadhenu Nagar, B Narayanapura, Mahadevapura, Bengaluru, Karnataka, India",,12.9960036,77.6841337,1,10.56,Possible category mismatch: road; ,True
2173,2019-10-05 17:47:00,185,Yelchenahalli,Mud debris dumped in front of house,Mud debris dumped in front of house,"Mobility - Roads, Footpaths and Infrastructure",Fixing/Reparing Potholes,Resolved,2,"2241, 12Th Main Rd, Kumaraswamy Layout Ii Stage, Chandra Nagar, Kumaraswamy Layout, Bengaluru, Karnataka 560078, India",,12.9013077,77.5625555,19,59.47,Possible category mismatch: garbage; ,True
2177,2019-10-05 21:06:00,199,Other,"Dumping parts for chicken , next to main Road on 8th cross Shikaripalya Main road","Shopkeeper from Chicken shop Dumping parts for chicken , next to main Road on 8th cross Shikaripalya Main road, causing faual smell can open the windows and door, cant stand near the road of pass.",Garbage and Unsanitary Practices,Clearance Of Garbage Dump Or Black Spot,Resolved,1,"Electronic City, Bengaluru, Karnataka, India",Electronic City,12.8439867,77.6739127,116,96.25,Possible category mismatch: road; ,True
2807,2019-10-06 13:51:00,58,New Tippasandra,Blocking of Road,There is a huge ramp coming out of Baghmane Tech park back road that blocks more than half the road causing difficulty in driving on that road and unsafe for 2 wheelers. This is an unauthorized ramp created outside their premise to ease the movement of their construction vehicles but causes a nuisance to other commuters,Traffic and Road Safety,Traffic Jams/Congestion Or Bottlenecks,Closed,1,"Bagmane Tech Park, Krishnappa Garden, C V Raman Nagar, Bengaluru, Karnataka 560093, India",Bairasandra Main road - Baghmane Tech Park Back gate,12.978502,77.658055,1,10.56,Possible category mismatch: road; ,True
3379,2019-10-07 16:08:00,184,Uttarahalli,Unmaintained Roads and Non-Street Lights,"The road connecting between uttarahalli main road and sai image magna apartment having around 45ft width big road, this road is not maintained (tarred) and lighting in night is also absent, roads are in bad condition, request the corporator and other officials of BBMP to sincerely do the needful and","Mobility - Roads, Footpaths and Infrastructure",Tarring Or Asphalting Of Existing Road,On-the-Job,1,"48, 4Th Main Rd, Friends Colony, Uttarahalli Hobli, Bengaluru, Karnataka 560061, India",Near shanimahatma temple,12.90552589,77.5469201,20,60.93,Possible category mismatch: streetlight; ,True
4042,2019-10-08 13:10:00,44,Marappana Palya,"Waste on the street 
6th main road Shankar nagar Nandini Layout","Waste on the street 
6th main road Shankar nagar Nandini Layout",Garbage and Unsanitary Practices,Clearance Of Garbage Dump Or Black Spot,Resolved,3,"16, 6Th Main Road, 6Th Main Road, Nandini Layout, Bengaluru, 560096, India",,13.01474214,77.54221241,7,37.79,Possible category mismatch: road; ,True
4047,2019-10-08 18:31:00,188,Bilekahalli,A manhole is almost completely broken.Lot of kids play on that ro...,A manhole is almost completely broken.Lot of kids play on that road and heavy vehicles moves .Please take action soon.,"Mobility - Roads, Footpaths and Infrastructure",Fixing/Reparing Potholes,Resolved,3,"Vasthav Residency, Munivenkatppa Layout, Bilekahalli, Bengaluru, Karnataka, India",,12.9045255,77.6044882,52,83.66,Possible category mismatch: drainage; ,True
5494,2019-10-10 07:59:00,13,Mallassandra,Road whole,Road should get repaired because of due to rain whole will get bigger please make sure that repair as soon as possible,Garbage and Unsanitary Practices,Clearance Of Garbage Dump Or Black Spot,Resolved,2,"2067, 3Rd Cross Rd, Prashanth Nagar, Jalahalli West, Bengaluru, Karnataka 560057, India",Near ayyappa school 3rd cross,13.04925922,77.51839076,1,10.56,Possible category mismatch: road; ,True
5495,2019-10-10 08:06:00,130,Ullalu,Drainage water flowing out of manhole on the road.,Drainage water flowing out of manhole on the road.,Garbage and Unsanitary Practices,Clearance Of Garbage Dump Or Black Spot,Open,0,"V6 Golden Nest Appartment, Jnana Ganga Nagar, Bengaluru, Karnataka 560056, India",,12.9471246,77.4915815,29,71.79,"Possible category mismatch: drainage, road; ",True
5500,2019-10-10 09:03:00,111,Shantala Nagar,"This is a regular view on this foot path on rest house road . 
sc...","This is a regular view on this foot path on rest house road . 
school children use this foot path . 
this spreads disease also invites strays and is dangerous .",Garbage and Unsanitary Practices,Clearance Of Garbage Dump Or Black Spot,Resolved,2,"14, Rest House Rd, Shanthala Nagar, Ashok Nagar, Bengaluru, Karnataka 560001, India",,12.972618,77.6057265,38,78.17,Possible category mismatch: road; ,True
5536,2019-10-10 17:36:00,170,Jayanagar East,This rain water drain gets clogged and has been developed unscien...,"This rain water drain gets clogged and has been developed unscientifically, from yesterday I.e. 9/10/2019 till today the water has remained stagnant right in front of drain. This happens in front of my house and I have fallen twice into this. Please get this repaired",Streetlights,Maintenance/Repair Of Streetlights,Resolved,2,"2Nd Cross Road, Nal Layout, 4Th T Block East, Tilak Nagar, Jayanagar, Bengaluru, Karnataka, India",,12.9260777,77.599611,4,27.84,Possible category mismatch: drainage; ,True
5540,2019-10-10 19:34:00,148,Ejipura,"Pipe line Road. near Chavara Church, Egipura, Viveknagar P.O. Ban...","Pipe line Road. near Chavara Church, Egipura, Viveknagar P.O. Bangalore 560047. 
People are throwing Garbage on the road and no cleaning has happened for the past 1 week.",Garbage and Unsanitary Practices,Clearance Of Garbage Dump Or Black Spot,Resolved,2,"St. Chavara Church, Pipe Line Road, Gowda Muniswamy Garden, Ejipura, Bengaluru, Karnataka, India",,12.9439116,77.6273454,22,63.9,Possible category mismatch: road; ,True
7103,2019-10-12 15:27:00,111,Shantala Nagar,Please reduce the signal timings in Ejipura signal for other two side of inner ring road,"Hi Sir,
Currently the signal timing is more in Ejipura signal for people come from Viveknagar police station to ejipura road and opposite side of that signal.

Two sides [Left & right side] of inner ring road signal timing is more even though the vehicles is less or even nothing it is green. On the inner road, the traffic is about 1 km just because of the more signal timings on the sides. Please reduce the signal timing on Ejipura junction.

Thanks
Sathish V",Traffic and Road Safety,Traffic Jams/Congestion Or Bottlenecks,Open,0,"Bengaluru, Karnataka, India",Ejipura signal,12.9715987,77.5945627,7,37.79,Possible category mismatch: road; ,True
7108,2019-10-12 21:21:00,114,Agaram,Black spot opposite to corporation school on john bull road,Black spot of garbage and debris on John bull road opposite to corporation school to be cleared and banners to be fixed,Garbage and Unsanitary Practices,Clearance Of Garbage Dump Or Black Spot,Resolved,2,"14/1, John Bull Rd, Yerappa Garden, Neelasandra, Bengaluru, Karnataka 560047, India",John bull road opposite to corporation school,12.95899374,77.61848433,9,42.94,Possible category mismatch: road; ,True
5631,2019-10-13 17:35:00,25,Horamavu,The drainage is open and is prone to accident,The drainage is open and is prone to accident,Streetlights,Maintenance/Repair Of Streetlights,Resolved,2,"Kalkere Main Rd, Ashirvad Colony, Horamavu, Bengaluru, Karnataka 560113, India",,13.0277841,77.6622773,39,78.48,Possible category mismatch: drainage; ,True
5633,2019-10-13 18:10:00,198,Hemmigepura,The signal at Kengeri-Uttarahalli road junction is chaotic. The s...,"The signal at Kengeri-Uttarahalli road junction is chaotic. The signal forbthe road coming from Kengeri underpass(railway station) side sometimes works, sometimes does not. Sometimes the red goes off and no light comes, what does that mean? Should we go or stop? And even when red light is on many people jump this signal. The traffic police constable will almost always be present at the signal sitting in front of a temple beside the signal, not doing anything. If the Bengaluru Traffic Police wants us to follow the rules, atleast make the rules clearly and check if it functions well. Also of that traffic police doesnt do anything there, why are we wasting our tax money to pay their salaries?",Traffic and Road Safety,Jumping Traffic Signal,Open,0,"Kengeri Bus Terminal, Mysore Road, Harsha Layout, Kengeri Satellite Town, Bengaluru, Karnataka, India",,12.9138187,77.4868402,1,10.56,Possible category mismatch: road; ,True
5654,2019-10-14 08:59:00,177,JP Nagar,"Sreeji Chai opened recently in South End B Road, Jayanagar 9th Bl...","Sreeji Chai opened recently in South End B Road, Jayanagar 9th Block. Garbage started accumulating next to it. I request the concerned to resolve this issue at the earliest.",Garbage and Unsanitary Practices,Clearance Of Garbage Dump Or Black Spot,Resolved,5,"#1897 S End 2Nd Cross Near Ragi Gudda Temple, Jayanagara 9Th Block, Bengaluru, Karnataka 560069, India",,12.9160946,77.5932318,27,69.46,Possible category mismatch: road; ,True
5655,2019-10-14 09:03:00,177,JP Nagar,Ragigudda Main Road was clean all these years. It doesn't look ni...,Ragigudda Main Road was clean all these years. It doesn't look nice garbage in the proximity of the temple. Required to be cleaned on war footing basis,Garbage and Unsanitary Practices,Clearance Of Garbage Dump Or Black Spot,Resolved,4,"Ragigudda Sri Prasanna Anjaneyaswamy Temple, Ksrtc Layout, 9Th Block, Jayanagar, Bengaluru, Karnataka, India",,12.9142864,77.593172,27,69.46,Possible category mismatch: road; ,True
5658,2019-10-14 10:14:00,111,Shantala Nagar,"Flooded with Drainage water.Stinking Road

Road adjacent to Garud...","Flooded with Drainage water.Stinking Road

Road adjacent to Garuda Mall has been flooding with stinking drain water for several days plus the storm water drain is completely blocked near Home Town.. needs urgent attention. creating traffic jams and unhealthy atmosphere",Garbage and Unsanitary Practices,Clearance Of Garbage Dump Or Black Spot,Resolved,3,"Garuda Mall, Magrath Road, Ashok Nagar, Bengaluru, Karnataka, India",,12.9701772,77.6101031,38,78.17,"Possible category mismatch: drainage, road; ",True
5662,2019-10-14 11:13:00,90,Ulsoor,Hdhrhey3yeg,Hdhrhey3yeg,"Mobility - Roads, Footpaths and Infrastructure",Fixing/Reparing Potholes,Open,0,"# 813-816, 'b' Wing, Mittal Tower, Mahatma Gandhi Road, Bengaluru, Karnataka 560001, India",,12.9737052,77.6161525,10,45.78,Insufficient information in title; ,True
5725,2019-10-15 20:52:00,24,HBR Layout,"From past three years this road work is going on, no one is fixin...","From past three years this road work is going on, no one is fixing this road but damaging even more. Please take immidiate action. 
1040, 19th A Cross, HBR Layout, Raj Elegance Hotel road next to Nagawara Flyover.",Streetlights,Maintenance/Repair Of Streetlights,Resolved,2,"Hotel Raj Elegance (Manayata Tech Park), Service Road, 5Th Block, 1St Stage, Nagavara Village, Nagavara, Bengaluru, Karnataka, India",,13.0389051,77.6249137,22,63.9,Possible category mismatch: road; ,True
5745,2019-10-16 11:51:00,86,Marathahalli,Waterlogging due to potholes,"Tulsi Theatre Road near more supermarket has a deep and wide potholes. These get waterlogged leading to big traffic jams. Since all traffic coming from old airport road going to ORR if forced to take Tulsi Theatre Road due to lack of right turn at Marathahalli junction, this has become major source of traffic jams.

The location is near SBR Palace which gets lot of vehicles whenever there is any event at that place. During those days, ithe jams extend till outer ring road.

The key issue leading to potholes is that the water drain on that road seems to be blocked. You would need to fix that issue as well for a long term solution.","Mobility - Roads, Footpaths and Infrastructure",Fixing/Reparing Potholes,Resolved,2,"90/5, Tulasi Theatre Road, Marathahalli Village, Marathahalli, Bengaluru, Karnataka 560037, India","More supermarket, outer ring road, Marathahalli",12.94829104,77.69799006,12,50.36,Possible category mismatch: drainage; ,True
5759,2019-10-16 21:08:00,162,Girinagar,Delayed work of water supply board,"80 feet road which connects from srinivasanagar to 100feet road is blocked from past 2 months. We do not see any progress of work. 

Because of this. It is been a chaotic situation in all residential roads parallel to this 80feet road, especially 2nd cross. Where all vehicles, cars, 2 wheelers, HTV, are taking this route. Already there were 2 accidents because of this in residential roads because people are driving so fast in residential roads. 
Honking at times when people are sleeping. This is very frustrating for all the residential people in 2nd cross especially. 

Before this contruction, 100feet road was also undergoing some construction (underpass) which took more than 4 years to complete. And now this construction is taking for ever. 

With all the modern technology available, BBMP is taking so long for these works. It shows clear indication on how irresponsible are BBMP with these timelines.

I would like to bring this issue to BBMP authorities and solve this issue ASAP and allow the residential people to stay in peace.","Mobility - Roads, Footpaths and Infrastructure",Fixing/Reparing Potholes,On-the-Job,1,"3317, 80 Feet Rd, Banashankari 3Rd Stage, Banashankari, Bengaluru, Karnataka 560050, India",Auden School,12.93334287,77.5458858,7,37.79,Possible category mismatch: water; ,True
5800,2019-10-18 09:43:00,198,Hemmigepura,Starting from Ganesha temple to Pavani layout in park road and bo...,Starting from Ganesha temple to Pavani layout in park road and both the roads of Pavani layout - None of the street lights are working since today evening,Streetlights,Maintenance/Repair Of Streetlights,Resolved,2,"Chartered Hummingbird, Raghuvanahalli, Uttarahalli Hobli, Bengaluru, Karnataka, India",,12.8775798,77.5402131,18,58.39,Possible category mismatch: road; ,True
5809,2019-10-18 13:24:00,174,HSR Layout,"Respected team,  there needs to be drainage closure in front of o...","Respected team,  there needs to be drainage closure in front of our building in HSR LAYOUT 6TH SECTOR 14TH MAIN  . THIS IS CAUSING LOT OF UNBEARABLE SMELL AND CAUSING HEALTH PROBLEMS.  REQUEST TO CLOSE THE DRAIN ASAP. THANKS","Mobility - Roads, Footpaths and Infrastructure",Fixing/Reparing Potholes,On-the-Job,2,"14Th Main Road, Sector 6, Hsr Layout, Bengaluru, Karnataka, India",,12.9143167,77.6381504,32,73.53,Possible category mismatch: drainage; ,True
5870,2019-10-21 14:31:00,27,Banasavadi,"??????? ?????? ????? ???? """"""??????? ?????""""""?????? ?????? ??????...","??????? ?????? ????? ???? """"""??????? ?????""""""?????? ?????? ?????????????.? ???? B B M P .A E E,,? ?????? ????? ??????? ?????? ??????????..??? ?????  ?????????? ??????????? 
?????. 100??? ????????????? ???? ??????.????????.","Mobility - Roads, Footpaths and Infrastructure",Tarring Or Asphalting Of Existing Road,Resolved,1,"Unnamed Road, Pns Layout, Subbayianiah Palyam, Banasawadi, Bengaluru, Karnataka 560043, India",,13.0144313,77.6404108,21,62.29,Insufficient information in title; ,True
5871,2019-10-21 14:50:00,102,Vrushabhavathi Nagar,"A ground water leakage near shankarnag bus station, kamalanagar....","A ground water leakage near shankarnag bus station, kamalanagar. lot of water is getting vain so related authorities (BWSSB) must take action or get to be cleared as soon as possible.","Mobility - Roads, Footpaths and Infrastructure",Fixing/Reparing Potholes,Resolved,1,"938/5, 3Rd Main Rd, Kamakshipalya, Bengaluru, Karnataka 560079, India",,12.9922555,77.5248586,2,17.95,Possible category mismatch: water; ,True
5929,2019-10-22 23:23:00,86,Marathahalli,Major potholes stretch combined with sewage leak,Road leading to Tulasi theatre road is in a very bad condition with potholes and stagnant sewage water.  The 2 way road is extremely busy during peak hours and 80% of the road is too bad to drive on,"Mobility - Roads, Footpaths and Infrastructure",Fixing/Reparing Potholes,Resolved,2,"Shop No.3, Ground Floor, More Mega Store, Outer Ring Rd, Marathahalli, Bengaluru, Karnataka 560037, India",Road next to More Megastore,12.94817285,77.69817592,12,50.36,Possible category mismatch: drainage; ,True
5939,2019-10-23 11:08:00,25,Horamavu,Current,There is no current from morning either it goes after 6pm or else mrng that too for long hours when is current gonna come now..,Electricity and Power Supply,Regular Supply Of Electricity,Open,0,"Lakshmamma Layout, Horamavu Agara, Horamavu, Bengaluru, Karnataka 560043, India",Gandhi statue horamavu,13.0298643,77.6576215,18,58.39,Insufficient information in title; ,True
5975,2019-10-24 14:43:00,119,Dharmaraya Swamy Temple,Drainage issue,Drainage issue,"Mobility - Roads, Footpaths and Infrastructure",Fixing/Reparing Potholes,Resolved,1,"Sri Dharmaraya Swamy Temple Road, Sri Dharmaraya Swamy Temple Road, Nagartapete, Bengaluru, 560002, India",,12.96566702,77.58517501,4,27.84,Possible category mismatch: drainage; ,True
5982,2019-10-24 21:13:00,143,Vishveshwarapura,Signal timing at Lal bagh krubiegel road not proper,Signal timing at Lal bagh krubiegel road not proper,Traffic and Road Safety,Traffic Jams/Congestion Or Bottlenecks,Open,1,"Krumbigal Road, Upparahalli, Sudhama Nagar, Bengaluru, Karnataka, India",,12.9501443,77.5822277,2,17.95,Possible category mismatch: road; ,True
5987,2019-10-24 22:54:00,98,Prakash Nagar,Poorly Lit Street Lights / CCTV Installation / Fixing/Reparing Potholes / Provision for Metro Parking / Clearance of Garbage Dump,"Sir,
With all due respect,

I am writing on behalf  of the Residents and Shop Owners/Tenants, in regards to the lack of street lights in the residential areas C.H.Road, Rajajinagar 2nd Stage. 

Requesting you to kindly take care of the street lights situation. As the sun sets the society’s roads to become poorly-lit streets that it’s almost impossible to see. 
We also request that along with street lights, CCTV camera to be installed as early as possible. 

Its been days since the garbage has not been collected from our area. We request your attention to this issue as it would lead to mosquitoes and health issues.

There are pothole in the road It is very dangerous and life threatening.  It is very difficult for kids and senior citizens to cross the road Please do the needful at the earliest

I hope that you will take this into concern as a priority very soon.

Thanking You,
On Behalf Of The Residents
Rachana Hegde
9845627749
rachana2709@gmail.com","Mobility - Roads, Footpaths and Infrastructure",Fixing/Reparing Potholes,Resolved,2,"No 2970, B-20, 13Th Main Near Kuvempu Metro Station, Landmark: Venkateshwara Driving School, M.r Palya, 2Nd Stage, Rajajinagar, Bengaluru, Karnataka 560021, India",Near Venkateshwara Driving School,12.9970683,77.5592052,3,23.5,"Possible category mismatch: garbage, streetlight, traffic; ",True
5988,2019-10-25 01:57:00,24,HBR Layout,Potholes,Residents of our area face difficulty even walking in this lane because we find a pot hole every inch of the street. And it's been dug and left unclear for 3months now. Where people are suffering from ashtma and dust allergies,"Mobility - Roads, Footpaths and Infrastructure",Fixing/Reparing Potholes,On-the-Job,1,"222, 9Th Main Rd, Stage 1, Kadugondanahalli, Bengaluru, Karnataka 560084, India",Opp Sr function hall,13.0161589,77.6247944,25,68.15,Insufficient information in title; ,True
6021,2019-10-26 14:49:00,199,Other,Sewage is stagnant on road. Please provide proper drainage system...,Sewage is stagnant on road. Please provide proper drainage system.,Garbage and Unsanitary Practices,Clearance Of Garbage Dump Or Black Spot,Resolved,1,"Seegehalli, Krishnarajapura, Bengaluru, Karnataka, India",,13.0117454,77.7644234,116,96.25,"Possible category mismatch: drainage, road; ",True
6043,2019-10-28 13:20:00,85,Dodda Nekkundi,Transformer installation in dangerous position at AECS Layout Mai...,"Transformer installation in dangerous position at AECS Layout Main road, Kundanahalli",Streetlights,Maintenance/Repair Of Streetlights,Resolved,2,"Aecs Layout Main Road, Aecs Layout, Marathahalli, Bengaluru, Karnataka, India",,12.9634338,77.709288,25,68.15,Possible category mismatch: electricity; ,True
6055,2019-10-28 22:16:00,79,Sarvagna Nagar,Asphalting,"This concern is being raised to bring to your kind notice is tarring work is desperately required to wheeler road flyover, cox town.
As many number of two wheeler commute to & fro using this flyover & also help all of the commuters with good light for better & clear vision of roads. Thank you.","Mobility - Roads, Footpaths and Infrastructure",Tarring Or Asphalting Of Existing Road,Resolved,1,"Wheeler Rd Flyover, Cox Town, Bengaluru, Karnataka 560005, India",Wheeler road flyover,12.9973188,77.6204769,4,27.84,Insufficient information in title; ,True
6061,2019-10-29 14:58:00,151,Koramangala,The drainage is still over flowing near JNC college and it’s been...,The drainage is still over flowing near JNC college and it’s been weeks since it has been like this.,Garbage and Unsanitary Practices,Clearance Of Garbage Dump Or Black Spot,Resolved,2,"1St Cross Road, 1St Cross Road, Koramangala, Bengaluru, 560095, India",,12.93394846,77.61697411,49,82.0,Possible category mismatch: drainage; ,True
6121,2019-10-31 19:27:00,114,Agaram,"Riding on pavement at St Patrick's, Museum Road, Ashoknagar stati...","Riding on pavement at St Patrick's, Museum Road, Ashoknagar station area",Traffic and Road Safety,Installation Of Traffic or Pedestrain Lights,Open,0,"9/2, South Rd, Austin Town, Neelasandra, Bengaluru, Karnataka 560047, India",,12.9585693,77.6152642,1,10.56,Possible category mismatch: road; ,True
150,2019-11-01 14:03:00,111,Shantala Nagar,Checking,Checking the complaints,Garbage and Unsanitary Practices,Clearance Of Garbage Dump Or Black Spot,Open,0,"Manipal Centre, Fm Cariappa Colony, Sivanchetti Gardens, Bengaluru, Karnataka 560001, India",Location,12.97570369,77.61265032,38,78.17,Insufficient information in title; ,True
606,2019-11-02 17:59:00,5,Jakkuru,Near anjaneya temple kattigenhalli to kogilu road fast one year i...,Near anjaneya temple kattigenhalli to kogilu road fast one year its not cleaned and water not flowing the drain. the concern officer to resolve this problem,Sewerage Systems,Maintenance And Repair Of Sewage Lines,Open,0,"Lumbini International Public School, Kovempu Nagar, Srinivaspur, Bengaluru, Karnataka, India",,13.1159212,77.6247378,4,27.84,Possible category mismatch: road; ,True
1051,2019-11-03 18:22:00,67,Nagapura,Construction materials are dumped on footpath on tender sure mode...,Construction materials are dumped on footpath on tender sure modeled Modi hospital road near benaka service station and complaints are not attended by BBMP.,Garbage and Unsanitary Practices,Clearance Of Garbage Dump Or Black Spot,On-the-Job,3,"882, Dr Mc Modi Hospital Rd, West Of Chord Road 2Nd Stage, West Of Chord Road, Stage 2, Basaveshwar Nagar, Bengaluru, Karnataka 560086, India",,12.99760342,77.54486084,27,69.46,Possible category mismatch: road; ,True
1054,2019-11-03 22:46:00,193,Arekere,"Due to laying of drainage & water pipes,  good tarred roads have...","Due to laying of drainage & water pipes,  good tarred roads have been dug up completely & not redone. Lot of dust rises  adding to the pollution  in these hot summers affecting the health of many pedestrians & travellers.","Mobility - Roads, Footpaths and Infrastructure",Tarring Or Asphalting Of Existing Road,Open,0,"6Th Main Talakaveri Rd, Akshayanagara West, Akshaya Vana, Akshayanagar, Bengaluru, Karnataka 560076, India",,12.8710691,77.614548,11,47.83,Possible category mismatch: drainage; ,True
1671,2019-11-04 06:25:00,188,Bilekahalli,Wet and dry waste is thrown and burnt at the road side which is c...,"Wet and dry waste is thrown and burnt at the road side which is creating lot of pollution and inconvenience for the public. 
Gangaparmeshwari nagar, Kodichikanahalli main road Bangalore..",Garbage and Unsanitary Practices,Clearance Of Garbage Dump Or Black Spot,Resolved,5,"Gangaparameshwari Nagar, Kodichikknahalli, Bengaluru, Karnataka, India",,12.8938396,77.6114526,43,80.48,Possible category mismatch: road; ,True
1672,2019-11-04 07:41:00,26,Ramamurthy Nagar,Streetlights,"My area street lights are not working form the last 1month, please Repair the lights",Streetlights,Maintenance/Repair Of Streetlights,Resolved,4,"599, Kalkere Main Rd, Nri Layout, Bengaluru, Karnataka 560016, India","Nri layout,watertank",13.0267938,77.6778457,29,71.79,Insufficient information in title; ,True
2183,2019-11-05 11:22:00,115,Vannarpet,No tar roads and the drainage and sewer is broken leaking into th...,No tar roads and the drainage and sewer is broken leaking into the road,"Mobility - Roads, Footpaths and Infrastructure",Tarring Or Asphalting Of Existing Road,Resolved,1,"2Nd Main Road, 12/2, Rose Garden, Sonena Halli, Viveka Nagar, Bengaluru, Karnataka 560047, India",,12.95333103,77.61952697,2,17.95,Possible category mismatch: drainage; ,True
2187,2019-11-05 20:41:00,25,Horamavu,Hennur ringroad bus stop is become  garbage dump n jcb stand.its...,Hennur ringroad bus stop is become  garbage dump n jcb stand.its been so many months now,Streetlights,Maintenance/Repair Of Streetlights,Resolved,1,"Hennur Junction (Towards Kalyana Nagara), Meganahalli, Kalyan Nagar, Bengaluru, Karnataka 560043, India",,13.02789815,77.6333663,39,78.48,Possible category mismatch: garbage; ,True
2824,2019-11-06 09:07:00,199,Other,Toilet waste on road,Lots of kids wait on road for school bus but they have to walk on the toilet waste from a nearby shed. Fearlessly they flow them in to the public road and no respect to people around. Need immediate solution else kids and neighbors will fall sick. Not good for swatch bharat initiatives.,Garbage and Unsanitary Practices,Clearance Of Garbage Dump Or Black Spot,Resolved,1,"7, Neeladri Rd, Electronic City, Bengaluru, Karnataka 560100, India","SRP nursery, Neeladri Road",12.8510379,77.643232,116,96.25,Possible category mismatch: road; ,True
2837,2019-11-06 20:30:00,162,Girinagar,Bescom cut branches lying in footpath from long time,Bescom cut branches of tree few weeks back. Still the garbage lying in front of house. Raised ticket in bbmp sahaya but it was closed without doing the work. Leaves have turned dry and smells bad if it rains,Garbage and Unsanitary Practices,Clearance Of Garbage Dump Or Black Spot,Resolved,5,"3190, 80 Feet Rd, 1St Phase Girinagar, 4Th Phase Girinagar, Banashankari 3Rd Stage, Banashankari, Bengaluru, Karnataka 560085, India",Seetha circle,12.93602272,77.54683717,30,72.76,Possible category mismatch: road; ,True
5555,2019-11-10 10:06:00,182,Padmanabha Nagar,Underground Electric Cable Ruptured while digging up for laying new drain pipes,"During the last week of September, in order to lay new drain pipes, the road was dug by contractor and in the process the electric cable drawn from the pole to my house was damaged. As a result there was no electricity for a day and the contractor had some electrician in the team to have this fixed. Apparently this fix has given way again and the electricity is lost. The complaint is that this is responsibility of BBMP/BWSSB department to ensure that the residents are less impacted due to their maintenance work and this needs to be fixed by them.

Name: Pramod
Contact: 9845265529

Kindly advise who must be contacted to have this complaint raised/addressed.",Streetlights,Maintenance/Repair Of Streetlights,On-the-Job,2,"614, 17Th Main Road, Padmanabhanagar, Bengaluru, Karnataka 560070, India",Near Royal Mart,12.9195526,77.5557172,7,37.79,Possible category mismatch: drainage; ,True
5561,2019-11-10 17:48:00,197,Vasanthapura,Potholes,The full road has potholes,"Mobility - Roads, Footpaths and Infrastructure",Fixing/Reparing Potholes,Resolved,2,"2Nd Main Rd, Vittal Nagar, Stage 2, Kumaraswamy Layout, Bengaluru, Karnataka 560078, India",Vasantapura,12.9031475,77.5546476,34,75.16,Insufficient information in title; ,True
6410,2019-11-11 08:30:00,188,Bilekahalli,"A manhole dangerously broken in front of Ranka colony apartment ,...","A manhole dangerously broken in front of Ranka colony apartment , Bilekhalli , Main gate of aprtment left side on the road . Please repair it soon before any one get effected by it.","Mobility - Roads, Footpaths and Infrastructure",Fixing/Reparing Potholes,Resolved,1,"Ranka Colony, Bilekahalli, Bengaluru, Karnataka, India",,12.9019819,77.6042056,52,83.66,Possible category mismatch: drainage; ,True
7125,2019-11-12 09:26:00,26,Ramamurthy Nagar,Open drainage of 12feet open wide,"There is no road safety or cover for drainage of 12 feet wide opening for 300 meters, it is danger for two wheelers and people walking on road side their is no foot path also.","Mobility - Roads, Footpaths and Infrastructure",Need Covering Slabs For Roadside Drains,Open,0,"1, Manjunatha Layout, Ramamurthy Nagar, Bengaluru, Karnataka 560016, India",Opposite hdfc bank ramamurthy nagar bangalore 560016,13.01141082,77.67984708,2,17.95,Possible category mismatch: drainage; ,True
6473,2019-11-13 13:20:00,142,Sunkenahalli,"Hi,I am a resident of mahantha layout,Bull temple road I have tri...","Hi,I am a resident of mahantha layout,Bull temple road I have tried a lot to keep my street clean but still people don’t care. This would be the everyday menance in front of my house.I have informed several times to my area corporator but still it’s just waste of time. I have called several times to garbage supervisor in my street he is least bothered about all these things.He never comes and visit to see what’s happening. So I request to you kindly take the necessary step to make the street clean.Thanking you.",Garbage and Unsanitary Practices,Clearance Of Garbage Dump Or Black Spot,Resolved,2,"Mahantara Lay Out, Kempegowda Nagar, Bengaluru, Karnataka, India",,12.9522068,77.5661477,14,53.23,Possible category mismatch: road; ,True
6477,2019-11-13 16:36:00,151,Koramangala,Road Hijacked by vendors,"Vendors eatery's gutka and cigarette sellers.
Tender coconut etc.
Two vendors have parked there Maruti Omni vans on the main road imagine the confidence of a road side vendor can he do it with out the support of the authorities and why do citizens have to complain and get the JOB done hundreds of officials must be communicating on the same road.
When are we going to wake up.??",Traffic and Road Safety,Traffic Jams/Congestion Or Bottlenecks,Open,0,"John Nagar, Koramangala, Bengaluru, Karnataka 560034, India",Opposite Saint John hospital Koramangala Bengaluru,12.931503,77.6187837,6,35.12,Possible category mismatch: road; ,True
6490,2019-11-13 21:30:00,79,Sarvagna Nagar,"Potholes and street light fixing, security guards for women safety in this area","Dear Sir,
There are lot of potholes in this route and street lights are not working. Since it is a non residence area(graveyard is present alongside), it became insecure for women to travel by this route. So i request to arrange atleast 2 security guards for women safety during night times. Also it is one way road, so it became a problem to drive due to heavy traffic and lot of potholes.","Mobility - Roads, Footpaths and Infrastructure",Fixing/Reparing Potholes,Resolved,1,"Kathalipalya, Sarvagnanagar, Bengaluru, Karnataka, India",Graveyard road,12.9910687,77.6357139,6,35.12,Possible category mismatch: streetlight; ,True
6493,2019-11-14 08:06:00,27,Banasavadi,No streetlights at 4th main road bhuvangiri ombr layout.,No streetlights at 4th main road bhuvangiri ombr layout.,Streetlights,Maintenance/Repair Of Streetlights,Resolved,2,"528, 4Th A Main Rd, Ombr Layout, Banasawadi, Bengaluru, Karnataka 560043, India",,13.0102262,77.6547198,27,69.46,Possible category mismatch: road; ,True
6517,2019-11-14 21:19:00,26,Ramamurthy Nagar,No one are coming to clean roads  and drainage please send one pe...,No one are coming to clean roads  and drainage please send one person to clean  at least once a week  so that masqutios will come less,Garbage and Unsanitary Practices,Clearance Of Garbage Dump Or Black Spot,Resolved,3,"Rajkumar Rd, Punyabhoomi Layout, Kalkere, Bengaluru, Karnataka 560016, India",,13.0300421,77.6742811,38,78.17,Possible category mismatch: drainage; ,True
6562,2019-11-16 15:24:00,150,Bellanduru,Jio telephone service people dig road,Jio telephone service people dig road,Streetlights,Maintenance/Repair Of Streetlights,Resolved,4,"102, Champa Ln, Green Glen Layout, Bellandur, Bengaluru, Karnataka 560103, India",,12.9288401,77.6692825,26,68.36,Possible category mismatch: road; ,True
6564,2019-11-16 16:28:00,57,C V Raman Nagar,Water leakage from the valve,Water leakage from the valve,"Mobility - Roads, Footpaths and Infrastructure",Fixing/Reparing Potholes,Resolved,1,"Veerannaswamy Nilaya, Bayarappa Layout 1St Main, Ellamma Temple St, Bayarappa Layout, Suddaguntapalya, C V Raman Nagar, Bengaluru, Karnataka 560093, India",,12.9841477,77.6569621,25,68.15,Possible category mismatch: water; ,True
6581,2019-11-17 18:00:00,149,Varthur,Garbage garbage garbage all the place.. Wake up BBMP.. it's high...,Garbage garbage garbage all the place.. Wake up BBMP.. it's high time...,"Mobility - Roads, Footpaths and Infrastructure",Tarring Or Asphalting Of Existing Road,Resolved,2,"217, Kadubeesanahalli, Panathur, Bengaluru, Karnataka 560103, India",,12.9351613,77.7036357,55,84.55,Possible category mismatch: garbage; ,True
6583,2019-11-17 20:33:00,193,Arekere,No streetlights on the 15th Main Road,"There are no streetlights on the 15th main road opposite the water tank. The road is filled with potholes and the road is pitch dark. Inspite of sending multiple requests to the corporator, there has been no action",Streetlights,Installation Of New Streetlights,On-the-Job,1,"F202, Muthuraya Swamy Layout, Hanuman Nagar, Arekere, Bengaluru, Karnataka 560076, India",Opposite water tank,12.8818649,77.60829036,2,17.95,Possible category mismatch: road; ,True
6593,2019-11-18 09:59:00,8,Kodigehalli,Clearance of big drainage and cover drainage,"Dear sir, 

The drainage getting lot of smell 24/7 and public and school student also travel more here.  This drainage   covered  in top "" DOLLARS COLONY"" near park.  Same kind cover can make full drainage will help more who have staying near drainage public.

Thank you.",Garbage and Unsanitary Practices,Clearance Of Garbage Dump Or Black Spot,On-the-Job,1,"#1 Near Shanthi Niketan School, Kodigehalli Main Rd, Bhadrappa Layout, Bengaluru, Karnataka 560094, India",Shantiniketan school,13.04937875,77.57582895,51,82.82,Possible category mismatch: drainage; ,True
6603,2019-11-18 15:13:00,193,Arekere,Very Poor Maintenance of Road,"Few years ago this road was dug up to construct Raja kalvuve connecting to the nearby Akshayanagar Lake. As a process of excavation,all the debris was piled on either side of the road only to narrow the space adding misery to residents & commuters.
No storm water drains were built & uneven roads, piles of sand , litter of garbage in vacant sites. 
Defunct street lights are also  worrisome for commuters who reach late after the day's work.",Garbage and Unsanitary Practices,Clearance Of Garbage Dump Or Black Spot,Open,0,"Mahaveer Rd, Akshayanagara West, Akshaya Vana, Akshayanagar, Bengaluru, Karnataka 560076, India","Akshayanagar West, Opposite Village Supermarket/Andhra Bank,Near Hiranandani Club Meadows",12.8744887,77.6134509,30,72.76,Possible category mismatch: road; ,True
6649,2019-11-19 23:12:00,189,Hongasandra,Pathhole,There is huge pathhole in Manipal county road till hongsandra,"Mobility - Roads, Footpaths and Infrastructure",Fixing/Reparing Potholes,On-the-Job,1,"29, 4Th Cross Road, Maruthi Layout, Hongasandra, Bengaluru, Karnataka 560076, India",Begur to Manipal county road,12.8899782,77.6215482,25,68.15,Insufficient information in title; ,True
6651,2019-11-20 05:29:00,186,Jaraganahalli,Potholes and Garbage dumping,This is very small narrow road where potholes and garbage dumping on road side makes airtight situation while walking in this street.,"Mobility - Roads, Footpaths and Infrastructure",Fixing/Reparing Potholes,On-the-Job,1,"33Rd Main Sarakki Garden Jp Nagar 6Th Phase Near Siddeshwara Theatre, Mg Layout, Jp Nagar Phase 6, J. P. Nagar, Banglore, Karnataka 560078, India",Siddeshwara Theater,12.9041503,77.5802776,3,23.5,Possible category mismatch: garbage; ,True
6667,2019-11-20 16:16:00,6,Thanisandra,???????? ?????? ????????? ???????????????? (?????? - ??????? ????...,"???????? ?????? ????????? ???????????????? (?????? - ??????? ?????) BBMP ??????? ??? ??????????? ???????? ???? ??????????? ?????? ????????? ??????????? ???? ???? ????? ??????????? ????? ??????? ??????????????.
BBMP ????????? ??? ??? ????????????? ??????????.
???????? ??????????, ?????????? ??????? ?????????? ??? ?????????????.
???????? ???????? ??????? ????????? ????? ???????????? ???? ??????? ???? ????????? BBMP ????????????? ???? ??????????.",Streetlights,Maintenance/Repair Of Streetlights,Resolved,2,"Geddalahalli, Karnataka, India",,13.0523478,77.6368536,22,63.9,Insufficient information in title; ,True
6702,2019-11-21 13:30:00,35,Aramane Nagara,"Always traffic on new BEL road


New BEL road is always congested...","Always traffic on new BEL road


New BEL road is always congested. just to cover 5km road, we have started taking 1/2n hr. This is due to signal  lights at every cross which clogs at each passing traffic signal lights. 
Second is the dividers which congests the roads. parking of vehicles, bus stops just after the signal light, cows on the road, everything is leading to congestion. 
previously, there was just one signal light bear ramiah hospital and the traffic was smooth. Even ambulance face this issue.
Please put only blinkers in  all the signal lights except ramiah. this will definitely decongest the entire New BEL road.",Traffic and Road Safety,Traffic Jams/Congestion Or Bottlenecks,Open,0,"Dominics Fear Tatoo Studio, New Bel Road, Rmv 2Nd Stage, Jaladarsini Layout, Mathikere, Bengaluru, Karnataka, India",,13.028273,77.5713851,1,10.56,Possible category mismatch: road; ,True
6707,2019-11-21 18:06:00,6,Thanisandra,Drainage is overflowing on the road and it is very difficult for the people to walk on the road to reach manyata .,Please clear the drainage on the road. It's the only path to reach manyata for people who walk from Mariyannapalya.,Garbage and Unsanitary Practices,Clearance Of Garbage Dump Or Black Spot,Resolved,4,"No. 3&amp;4, Insight Gokula, Dynasty Layout, Mariannapalya, Bengaluru, Karnataka 560024, India",Near Nokia shortcut,13.04837484,77.61821899,60,87.39,"Possible category mismatch: drainage, road; ",True
6745,2019-11-22 14:36:00,195,Konankunte,Sewage cleaned waste lying on the road,Sewage cleaned waste lying on the middle of the road,Garbage and Unsanitary Practices,Clearance Of Garbage Dump Or Black Spot,On-the-Job,1,"No: 17, 4Th Cross 8-9 Main, Gaurav Nagar, J. P. Nagar 7Th Phase, Bengaluru, Karnataka 560078, India","Shreyas Colony 1st Main, 4th cross",12.88352809,77.57939388,29,71.79,"Possible category mismatch: drainage, road; ",True
6752,2019-11-22 17:39:00,150,Bellanduru,Drainage overflow from last one month. Very difficult to walk on...,Drainage overflow from last one month. Very difficult to walk on footpath as drainage water splashes,"Mobility - Roads, Footpaths and Infrastructure",Fixing/Reparing Potholes,Resolved,2,"2Nd Cross Road, 2Nd Cross Road, Hsr Layout, Bengaluru, 560102, India",,12.89843996,77.6574742,184,100.0,Possible category mismatch: drainage; ,True
6758,2019-11-23 01:08:00,83,Kadugodi,Potholes,It as been 6 month digging and damage our roads. Due to this all are having dust allergies and breathing problems,"Mobility - Roads, Footpaths and Infrastructure",Fixing/Reparing Potholes,On-the-Job,1,"Pappaiyah Layout, Chansandra, Bengaluru, Karnataka 560067, India",Near samudhaya Bhavana,12.98041969,77.76781301,23,65.57,Insufficient information in title; ,True
6792,2019-11-24 10:23:00,184,Uttarahalli,Drainage,"Dear Officers,
This is to inform you that, there is no drainage facility in the road side as well as there is no underground drainage facility for wastage water.
Waste water is floating on the road side which creates bad smell and which causes increase in mosquitos.
Request your early intervention to resolve the same.

Thanks and Regards,
Jeevaraju","Mobility - Roads, Footpaths and Infrastructure",Construction Of Roadside Drains,On-the-Job,1,"976/30/1, Jr Swarna, Gubballa Village, 80 Ft Road, Off, Kanakapura Rd, Bengaluru, Karnataka 560061, India","80 feet road,gubbalala",12.8848685,77.5407545,1,10.56,Possible category mismatch: drainage; ,True
6813,2019-11-25 07:38:00,151,Koramangala,Drain cover middle of rod broken,Drain cover middle of rod broken,"Mobility - Roads, Footpaths and Infrastructure",Tarring Or Asphalting Of Existing Road,On-the-Job,3,"Madiwala Underpass, Madiwala, 1St Stage, Btm Layout, Bengaluru, Karnataka, India",,12.924778,77.618048,16,56.25,Possible category mismatch: drainage; ,True
6825,2019-11-25 16:31:00,151,Koramangala,Road blocking and harassment to public,"One site digging work for new construction is going on opposite to sipani apartment for that one JCB and one Truck are standing on the middle of the road and blocking the road at the school time and in the day time for which lot of jams and disturbance is going on so when public requested the JCB person to do your work at night time because it's getting full jam than he is doing Rowdisam and scholding in bad language to the public
Regarding this I have taken neededphotos and video recording if needed
Please do the neefful and help the public",Traffic and Road Safety,Traffic Jams/Congestion Or Bottlenecks,Open,0,"346/1, Adugodi Main Rd, Koramangala 8Th Block, Koramangala, Bengaluru, Karnataka 560030, India",Opposite to sipani apartment,12.94089087,77.61955862,6,35.12,Possible category mismatch: road; ,True
6826,2019-11-25 18:42:00,163,Katriguppe,Frequent Sewage/Drainage water blocked and overflow outside,Drainage blocked and sewage water overflowing on road. Please rectify it,"Mobility - Roads, Footpaths and Infrastructure",Fixing/Reparing Potholes,Resolved,1,"80 Feet Rd, 2Nd Block, Phase 1, Banashankari Stage I, Banashankari, Bengaluru, Karnataka, India",Opposite to Cool Juice Corner,12.9382437,77.55653,1,10.56,Possible category mismatch: drainage; ,True
6847,2019-11-26 15:50:00,99,Rajaji Nagar,Playground,"We are part of KLE school we use the BBMP playground for sports we are facing following issues

1. People smoking near playground
2. Vehicles being parked near playground
3. No gate for the ground",Garbage and Unsanitary Practices,Clearance Of Garbage Dump Or Black Spot,Open,0,"S. Nijilingappa College Campus, Ii Block, Rajajinagar, 2Nd Block, Rajajinagar, Bengaluru, Karnataka 560010, India",Opposite KLE school,12.9961666,77.5529452,8,39.8,Insufficient information in title; ,True
6856,2019-11-27 08:39:00,198,Hemmigepura,The signal at Kengeri-Uttarahalli road junction is a chaos even w...,The signal at Kengeri-Uttarahalli road junction is a chaos even with the traffic lights. Most of the times it will be malfunctioning. And the traffic police there just sits and puffs up cigarettes. They do not do anything. Its very tough to follow rules when the rules themselves are not clear. Check all the lights and how the traffic moves while being undercover. Then you will know how the system works,Traffic and Road Safety,Maintenance/Repair Of Traffic or Pedestrain Lights,Open,0,"Kengeri Bus Terminal, Mysore Road, Harsha Layout, Kengeri Satellite Town, Bengaluru, Karnataka, India",,12.9138187,77.4868402,1,10.56,Possible category mismatch: road; ,True
6886,2019-11-28 18:37:00,36,Mattikere,Transformer giving out sparks at regular intervals,Transformer giving out sparks at regular intervals,Streetlights,Maintenance/Repair Of Streetlights,Resolved,2,"355/a, Shri M S Ramaiah Rd, Gokula 1St Stage, Nanjappa Reddy Colony, Yeswanthpur, Bengaluru, Karnataka 560054, India",,13.0297174,77.5605867,6,35.12,Possible category mismatch: electricity; ,True
167,2019-12-01 19:59:00,191,Singasandra,Entry to Hosur road blocked resulting in HUGE traffic jams due to metro construction,"Hello,

Direct entry from Basapura road to Hosur road is blocked and traffic has to take u-turn near poonam furniture to cross the junction. Also left turn from junction is blocked several times due to incoming traffic from service road. These days it takes 45minutes to just cross the signal.
Request to open the junction and allow direct entry of Basapura road traffic onto Hosur road. Additional traffic policemen can be deployed for 2-3 hours durin peak hours.

Photo taken from http://bengaluru.citizenmatters.in/hosur-road-metro-construction-traffic-problems-bangalore-30449",Traffic and Road Safety,Traffic Jams/Congestion Or Bottlenecks,Resolved,1,"Hosa Road, Parappana Agrahara, Bengaluru, Karnataka, India",Hosa Road junction,12.8705558,77.6557601,4,27.84,Possible category mismatch: road; ,True
1059,2019-12-03 08:22:00,81,Vijnana Nagar,"Irregular water supply
before there use to be frequent water supp...","Irregular water supply
before there use to be frequent water supply but now only on Saturday that to evening 7pm they open the valves","Mobility - Roads, Footpaths and Infrastructure",Fixing/Reparing Potholes,Resolved,19,"Basavanagar, Adarsh Vista, Doddanekkundi, Bengaluru, Karnataka 560037",,12.9730728,77.6859361,23,65.57,Possible category mismatch: water; ,True
1060,2019-12-03 08:26:00,81,Vijnana Nagar,"No water supply 
there is no frequent water supply in Saturday at...","No water supply 
there is no frequent water supply in Saturday at evening the valve man opens valve and he closes at 9pm even sumps are not fully filled hope it will be resolved","Mobility - Roads, Footpaths and Infrastructure",Tarring Or Asphalting Of Existing Road,Resolved,20,"Basavanagar, Adarsh Vista, Doddanekkundi, Bengaluru, Karnataka 560037",,12.9730728,77.6859361,12,50.36,Possible category mismatch: water; ,True
1696,2019-12-04 13:07:00,102,Vrushabhavathi Nagar,????? ????? ??? ??????? ??????,????? ????? ??? ??????? ??????,"Mobility - Roads, Footpaths and Infrastructure",Fixing/Reparing Potholes,Resolved,1,"Unnamed Road, Sannakki Bayalu, Vrishabha Nagar, Kamaksipalya, Bengaluru, Karnataka 560079, India",,12.9895924,77.5209167,2,17.95,Insufficient information in title; ,True
2197,2019-12-05 10:31:00,150,Bellanduru,No Streetlights on the Road,There are no Streetlights on this road which connects to back gate of Ecoworld. This road is used by many office goers including women. Having a well lit road will help improve safety as well as in preventing any accidents.,Streetlights,Installation Of New Streetlights,Resolved,4,"Doddakannelli Road, Adarsh Palm Retreat, Bellandur, Bengaluru, Karnataka 560035, India",Near Gear School,12.915591,77.6922714,14,53.23,Possible category mismatch: road; ,True
2846,2019-12-06 12:19:00,53,Basavanapura,Sewage overflow,"Sewage overflowing on road since many days,  the near by residence getting very bad smell and more mosquito.  It is getting worse daily.  

Had given complaint in BWSSB but no one had taken action yet.  Please kindly help us on this matter.","Mobility - Roads, Footpaths and Infrastructure",Fixing/Reparing Potholes,Open,0,"1St Cross Road, Lourdu Nagar, Swathantra Nagar, Krishnarajapura, Bengaluru, Karnataka 560049, India",Basavanapura,13.00896889,77.71326534,17,57.08,Possible category mismatch: drainage; ,True
2848,2019-12-06 13:03:00,193,Arekere,Arekere off Bannerghatta road JPNagar Ganesa temple crossing near...,Arekere off Bannerghatta road JPNagar Ganesa temple crossing near bus stand is always jammed early morning8AM onwards. there is  no police. school buses office goers stand for long,Traffic and Road Safety,Traffic Jams/Congestion Or Bottlenecks,Closed,1,"Arekere Mico Layout, Lakshmi Layout, Arekere, Bengaluru, Karnataka, India",,12.8900706,77.5913132,3,23.5,Possible category mismatch: road; ,True
4066,2019-12-08 13:43:00,53,Basavanapura,Drainage blockage both the sides of the road( 3rd cross),The drainage was blocked from last 2 months and dirty water and wastes are coming on the road. Complaint was given twice thru BBMP call centre  but nothing was happened. In this area Dengue is spreading like any thing.  Please do the needful to clear the drainage.,Garbage and Unsanitary Practices,Clearance Of Garbage Dump Or Black Spot,Resolved,2,"Kodigehalli Main Rd, Sri Satya Sai Baba Layout, Krishnarajapura, Bengaluru, Karnataka, India","Kodigehalli main road, Sri satya sai baba layout, 3rd cross.",13.0044639,77.7157434,40,79.46,"Possible category mismatch: drainage, road; ",True
4840,2019-12-09 20:45:00,110,Sampangiram Nagar,People using footpath as Open Toilet,"The footpath is completely covered we garbage, rainwater causing dengue, malaria as a result of mosquito, flies and smell causing health issues around the place. Please feel free to call me anytime and I happy to help personally too - 9886194322",Garbage and Unsanitary Practices,Clearance Of Garbage Dump Or Black Spot,On-the-Job,1,"Veera Pillai St, Bharati Nagar, Shivaji Nagar, Bengaluru, Karnataka, India",Opposite Agro Farm Equipements and Armsports Store,12.9834393,77.6094497,36,75.73,Possible category mismatch: road; ,True
6432,2019-12-11 07:43:00,174,HSR Layout,For past one week in front of pg drainage water is there no actio...,For past one week in front of pg drainage water is there no action taken. kindly take action before it might affect the surrounding people's,"Mobility - Roads, Footpaths and Infrastructure",Fixing/Reparing Potholes,Resolved,2,"31, 4Th Cross Rd, Popular Colony, Mangammanapalya, Bengaluru, Karnataka 560068, India",,12.9046747,77.632175,32,73.53,Possible category mismatch: drainage; ,True
6447,2019-12-11 13:06:00,151,Koramangala,"Live wire on footpath behind BDA complex
Koramangala 4th block.","Live wire on footpath behind BDA complex
Koramangala 4th block.",Streetlights,Maintenance/Repair Of Streetlights,Resolved,4,"Koramangala Bda Complex, Koramangala 3 Block, Koramangala, Bengaluru, Karnataka, India",,12.9309455,77.6228362,16,56.25,Possible category mismatch: road; ,True
6453,2019-12-11 17:30:00,3,Atturu,Big holes on the whole road,"Dear Sir,
there are lot of big holes on this road from starting to ending which will connect to akashvani layout and swagath layout. kindly ask your team to close the big holes and do the needful. Local people done some repair work but it will not be enough and we cannot do full road repair. please take action and close all big holes on the roads.",Streetlights,Maintenance/Repair Of Streetlights,Resolved,3,"5, 1St Cross Street, Hmt Layout 1St Block, Nti Layout, Vidyaranyapura, Bengaluru, Karnataka 560097, India",Near medical Shop and School - Venugoapl layout,13.08455275,77.56034022,24,66.94,Possible category mismatch: road; ,True
6454,2019-12-11 17:43:00,3,Atturu,Big hole on main road,There was a very big hole on main road itself and it went almost 6 to 6 ft. down to earth and very dangerous for children's and two wheelers. Now water people came and done some repair work for the pipe inside which was broken. but road was not done fully and may be it's not there job. it's going down when big cars and tempos go through on that. Kindly close this big hole and do the needful. and on start of the 1st cross akashvani layout  there was road not clear and apartment people done put some mud to close the big holes on the road. kindly do it and make the roads safer to drive for any vehicles.,Streetlights,Maintenance/Repair Of Streetlights,Resolved,3,"14, 2Nd Cross Road, Akashavani Layout, Swagath Layout, Ams Layout, Vidyaranyapura, Bengaluru, Karnataka 560097, India",1st cross akashvani layout,13.08589956,77.56102778,24,66.94,Possible category mismatch: road; ,True
7152,2019-12-12 18:02:00,4,Yelahanka Satellite Town,Garbag at road,Garbag at road,Garbage and Unsanitary Practices,Clearance Of Garbage Dump Or Black Spot,Resolved,2,"49, 1St B Main Road, 1St B Main Road, Yelahanka New Town, Bengaluru, 560064, India",,13.09501841,77.58255978,20,60.93,Possible category mismatch: road; ,True
7164,2019-12-14 09:10:00,195,Konankunte,Unnecessary drain work. The jelly stone and sand all over the toa...,Unnecessary drain work. The jelly stone and sand all over the toad. People not able to walk.,"Mobility - Roads, Footpaths and Infrastructure",Tarring Or Asphalting Of Existing Road,On-the-Job,1,"9Th Cross Road, 9Th Cross Road, Jp Nagar Phase 7, Bengaluru, 560078, India",,12.88813517,77.57800503,10,45.78,Possible category mismatch: drainage; ,True
7170,2019-12-14 17:44:00,88,Jeevanbhima Nagar,Parking space meant for BBMP park is used by Tristar  TVS service...,Parking space meant for BBMP park is used by Tristar  TVS service center at Jeevanbheema nagar main road. can the concerned authorities do the needful to ensure parking available for park visitors?,"Mobility - Roads, Footpaths and Infrastructure",Tarring Or Asphalting Of Existing Road,Resolved,1,"556, Jeevan Bima Nagar Main Rd, Hal 3Rd Stage, Jeevan Bima Nagar, Bengaluru, Karnataka 560075, India",,12.9681228,77.6514621,4,27.84,Possible category mismatch: traffic; ,True
7181,2019-12-16 09:26:00,24,HBR Layout,Drainage water over flow on man hole for last one month..no one i...,Drainage water over flow on man hole for last one month..no one is fixing the problem,"Mobility - Roads, Footpaths and Infrastructure",Fixing/Reparing Potholes,Resolved,2,"1130 No, 18Th Main Rd, 5Th Block, Ashwath Nagar, Hbr Layout, Bengaluru, Karnataka 560045, India",,13.0401031,77.628118,25,68.15,Possible category mismatch: drainage; ,True
7227,2019-12-18 17:52:00,150,Bellanduru,Drainage destruction,Builders have completely destroyed the drainage built by BBMP recently. Complained many times but of no use.,"Mobility - Roads, Footpaths and Infrastructure",Construction Of Roadside Drains,On-the-Job,8,"Kadubeesanahalli, Bengaluru, Karnataka, India",Near Kia Motors,12.9394137,77.6952031,6,35.12,Possible category mismatch: drainage; ,True
7243,2019-12-19 21:58:00,53,Basavanapura,In Krishna Nagar 2nd cross door no 21 house in storm water drain. Hence the,In Basavanapura ward no 53 Krishna Nagar Devasandra main road  2nd cross door no 21 constructed house above storm water drain. Hence the contractor not made any storm water drain in front of the house. this will block the water flow. in 3rd cross also house no12 and 14 and another 2 new house concrete storm water drain not made. this will block the water flow. pl instruct the contractor to do worth in proper manner to avoid the future problem of rain water flow. they are taking money and not doing the work in these places.,"Mobility - Roads, Footpaths and Infrastructure",Construction of new footpaths,On-the-Job,1,"121, Devasandra Main Rd, Ist Block, Thippiah Layout, Krishnarajapura, Bengaluru, Karnataka 560036, India",Opp bwssb service station devasandra,13.0048233,77.7047043,3,23.5,Possible category mismatch: drainage; ,True
7267,2019-12-22 15:52:00,150,Bellanduru,Worst roads (Dust road),"I don’t know why dis responsible people are appointed for.
Remove this people and get a new leader.
They are working but not up to the mark..
Shame on them",Streetlights,Maintenance/Repair Of Streetlights,Resolved,2,"Hk Dress Code Opp La Casa Hotel, Off Sarjapur Rd, Ias Layout, Eastwood Twp, Kasavanahalli, Karnataka 560035, India",Kasavanahalli,12.90430529,77.67584698,26,68.36,Possible category mismatch: road; ,True
7268,2019-12-22 16:18:00,55,Devasandra,Encroachment of footpath and road,Encroachment of footpath and road,Garbage and Unsanitary Practices,Clearance Of Garbage Dump Or Black Spot,Resolved,3,"Bmtc24 Doorvani Nagar Krpuram, Duravani Nagar, Krishnarajapura, Bengaluru, Karnataka 560016, India",,13.0019987,77.6831387,7,37.79,Possible category mismatch: road; ,True
7273,2019-12-22 22:07:00,177,JP Nagar,Shoe vendor occupies in Ragigudda Road daily in the evening till...,Shoe vendor occupies in Ragigudda Road daily in the evening till night. No parking space to vehicles. Is permission granted by BBMP?,Garbage and Unsanitary Practices,Clearance Of Garbage Dump Or Black Spot,Open,0,"1506, S End B Cross Rd, Ksrtc Layout, 2Nd Phase, Jp Nagar, Bengaluru, Karnataka 560078, India",,12.9160896,77.5931437,27,69.46,Possible category mismatch: road; ,True
7277,2019-12-23 08:45:00,193,Arekere,"Drainage  Water line is not flowing properly seems clogged.
Arake...","Drainage  Water line is not flowing properly seems clogged.
Arakere, Shanthinikethan layout, Vysya bank colony. D main, near to  house no 618.
pls take an action","Mobility - Roads, Footpaths and Infrastructure",Fixing/Reparing Potholes,Resolved,1,"618, D Main Road, Shantiniketan Layout, Arekere, Bengaluru, Karnataka, India",,12.8821665,77.6041561,32,73.53,Possible category mismatch: drainage; ,True
7282,2019-12-23 12:56:00,82,Garudachar Palya,This is a common sight at pattandur Agrahara Road Whitefield near...,This is a common sight at pattandur Agrahara Road Whitefield near ITPL gate 3. each time garbage is cleared more gets dumped. please deploy marshals here and clear the garbage,Garbage and Unsanitary Practices,Clearance Of Garbage Dump Or Black Spot,Resolved,4,"Pattandur Agrahara, Whitefield, Bengaluru, Karnataka, India",,12.9825102,77.7379943,13,51.41,Possible category mismatch: road; ,True
7291,2019-12-24 11:11:00,6,Thanisandra,Overflowing drain near nagawara,Overflowing drain near nagawara,"Mobility - Roads, Footpaths and Infrastructure",Fixing/Reparing Potholes,Resolved,1,"Hungry Daze, Vyalikaval Hbcs Layout, Nagavara, Bengaluru, Karnataka, India",,13.0409589,77.6225106,79,90.85,Possible category mismatch: drainage; ,True
7294,2019-12-24 13:53:00,199,Other,????????? ????? ????? ?????? ?????? ?????????-?????? ?????. ?????...,????????? ????? ????? ?????? ?????? ?????????-?????? ?????. ????? ????? ???? ?????? ???? ????????????????.,Streetlights,Maintenance/Repair Of Streetlights,Resolved,1,"Bannerghatta Main Rd, Jigani, Karnataka 560105, India",,12.7892451,77.6262265,33,74.33,Insufficient information in title; ,True
7299,2019-12-24 20:51:00,194,Gottigere,"Lamp not working, the housing bent away from the road.","Lamp not working, the housing bent away from the road.",Streetlights,Maintenance/Repair Of Streetlights,Resolved,2,"Raghavanpalya Rd, 7Th Block, Jp Nagar 9Th Phase, J. P. Nagar, Raghavana Palya, Karnataka 560062, India",,12.8655853,77.570317,12,50.36,Possible category mismatch: road; ,True
7305,2019-12-25 13:34:00,133,Hampi Nagar,"After cleaning the manhole, this is what remains on road. when u...","After cleaning the manhole, this is what remains on road. when u do something can't it be done completely. this is lying for a month with bad smell, people around can't breath good air due to this.",Garbage and Unsanitary Practices,Clearance Of Garbage Dump Or Black Spot,On-the-Job,1,"Vijayanagar Garage, Hampi Nagar, Rpc Layout, Vijayanagar, Bengaluru, Karnataka 560104, India",,12.964083,77.5348635,5,31.57,"Possible category mismatch: drainage, road; ",True
7350,2019-12-29 09:08:00,109,Chickpet,Till now all road lights is on at akkipet main Road please check,Till now all road lights is on at akkipet main Road please check,Streetlights,Maintenance/Repair Of Streetlights,On-the-Job,2,"C-1, Akkipette Main Rd, Akkipete, Chickpet, Bengaluru, Karnataka 560053, India",,12.9705092,77.5717929,11,47.83,Possible category mismatch: road; ,True
7370,2019-12-30 12:49:00,164,Vidya Peeta,Debris not cleared,Debris not cleared after storm water drain repair,Storm Water Drains,Maintenance And Repair Of Storm Water Drains,Open,0,"20, 3Rd C Cross Rd, Iti Layout, Banashankari 3Rd Stage, Banashankari, Bengaluru, Karnataka 560050, India",OPP to appolo pharmacy road,12.9314235,77.5561793,1,10.56,Possible category mismatch: garbage; ,True
7385,2020-01-01 12:33:00,91,Bharathi Nagar,Water Leakage,Due to water leakage pot hole formed.,"Mobility - Roads, Footpaths and Infrastructure",Fixing/Reparing Potholes,On-the-Job,1,"1, Sindhi Colony, Pulikeshi Nagar, Bengaluru, Karnataka 560042, India","St Johns chruch road, opposite KV MEG school",12.9888974,77.61682383,3,23.5,Possible category mismatch: water; ,True
9353,2020-01-05 20:07:00,185,Yelchenahalli,"@BBMPCOMM  40Feet Road Fayazabad Kanaka Nagar, Yelachenahalli who...","@BBMPCOMM  40Feet Road Fayazabad Kanaka Nagar, Yelachenahalli whole road is full of garbage and no one to clean it up and it is smelling badly. Due to this there are lot of Mosquitos and we are already fighting with #COVID__19 we don't want Maleria now.
@",Garbage and Unsanitary Practices,Clearance Of Garbage Dump Or Black Spot,Open,0,"40 Feet Road, Fayazabad, Yelachenahalli, Naidu Layout, Bengaluru, Karnataka, India",,12.9029808,77.5687769,15,54.56,Possible category mismatch: road; ,True
9354,2020-01-05 21:36:00,84,Hagadur,Collapsed drain and roads,"Drainages are filled with mud and debris due to heavy rains recently and sewage waters are overflowing on roads, even roads dont have asphalt..","Mobility - Roads, Footpaths and Infrastructure",Construction Of Roadside Drains,Open,0,"Hagadur, Immadihalli, Whitefield, Bengaluru, Karnataka 560066, India",Near SV Techno school,12.9661204,77.7570099,1,10.56,Possible category mismatch: drainage; ,True
9598,2020-01-06 10:41:00,79,Sarvagna Nagar,No Sweeping of the Road,The road has not been swiped since last one month. Pile of dry leaves and garbage is left on the road side with no garbage collection facility. Only road towards the main road is being cleaned while the end of the road is left. Repeated complaints to the engineer in charge has not yielded any results.,Garbage and Unsanitary Practices,Clearance Of Garbage Dump Or Black Spot,Open,0,"Bachammal Rd, Cox Town, Bengaluru, Karnataka 560005, India",Opp: Royal Link Apartment,12.9979056,77.6180445,9,42.94,Possible category mismatch: road; ,True
9600,2020-01-06 13:21:00,55,Devasandra,Rainwater Injection Well needs to be constructed to drain the underpass water flooding,"Team, 
This underpass is getting flooded during rains and the road gets jammed , can you please expedite Rainwater harvesting/injection well . please refer to the BBMP pilot project on the same approach. 

https://timesofindia.indiatimes.com/city/bengaluru/bbmp-banks-on-injection-wells-to-prevent-underpass-flooding/articleshow/73179057.cms","Mobility - Roads, Footpaths and Infrastructure",Fixing/Reparing Potholes,Open,0,"Whitefield Main Rd, Kamadhenu Nagar, Chinappa Colony, Mahadevapura, Bengaluru, Karnataka 560036, India",KR Puram Railway Station Old Madras Underpass Cross,13.00058506,77.68127195,2,17.95,Possible category mismatch: drainage; ,True
10023,2020-01-08 18:44:00,6,Thanisandra,Entry road to The Icon apartment has been dumped with waste remov...,Entry road to The Icon apartment has been dumped with waste removed from rain water overflow canal. Kindly remove it,Garbage and Unsanitary Practices,Clearance Of Garbage Dump Or Black Spot,Open,0,"Icon North, Tower D, Thanisandra Main Rd, Bharath Nagar, Manayata Tech Park, Sinthan Nagar, Bengaluru, Karnataka 560045, India",,13.0491772,77.6256486,60,87.39,Possible category mismatch: road; ,True
10250,2020-01-09 01:09:00,25,Horamavu,Huge sinkholes due to poor closure after sewage pipes digging.,Having sinkholes appearing every now & then while vehicles move on the roads due to the sewage pipelines were laid but not closed properly. Had proper tarr road before but not we merely have any road left.,"Mobility - Roads, Footpaths and Infrastructure",Tarring Or Asphalting Of Existing Road,Open,1,"Raika Rd, Narayanapura, Bengaluru, Karnataka 560077, India",Shiva temple,13.0595692,77.6470549,80,92.14,Possible category mismatch: drainage; ,True
11141,2020-01-12 16:40:00,56,A Narayanapura,Please fix the roads urgently. the roads were dug up for drain wo...,"Please fix the roads urgently. the roads were dug up for drain work and still have not been closed. if work is still pending please put safety barriers as it's dangerous for 2 wheelers and children, especially when it rains.","Mobility - Roads, Footpaths and Infrastructure",Fixing/Reparing Potholes,Open,0,"264, 1St Main Rd, Vsr Layout, Iti Employess Housing Colony, B Narayanapura, Mahadevapura, Bengaluru, Karnataka 560016, India",,12.9940248,77.6749516,10,45.78,Possible category mismatch: drainage; ,True
7607,2020-01-14 08:59:00,7,Byatarayanapura,Foot over bridge cinstruction or traffic signal for pedstrian,"Hi All,

This is very important to construct a foot over bridge at this place, I have seen several accidents and it is very unsafe.
Please take further actions as soon as possible.
Thank you.","Mobility - Roads, Footpaths and Infrastructure",Construction of new footpaths,On-the-Job,1,"Yogesh Nagar, Nagavara, Bengaluru, Karnataka, India",At Kempapura Bus stop,13.0447024,77.6011617,3,23.5,Possible category mismatch: traffic; ,True
7614,2020-01-14 11:23:00,5,Jakkuru,"Sewage water spilling on road.. between 5th and 4th Cross, Nirant...","Sewage water spilling on road.. between 5th and 4th Cross, Niranthara layout, Kattigenahalli, Bagalur cross road, Bangalore 560063, Near HP petrol pump. this is creating bad smell and unhygienic scene and lot of mosquitoes and diseases are popping up. please help in clearing the same",Garbage and Unsanitary Practices,Clearance Of Garbage Dump Or Black Spot,On-the-Job,1,"Niranthara Layout, Sathnur Village, Sathanur, Karnataka, India",,13.1232782,77.6309959,33,74.33,"Possible category mismatch: drainage, road; ",True
7635,2020-01-15 19:34:00,199,Other,"Want to bring your attention on RAYANSANDRA road, from essar petr...","Want to bring your attention on RAYANSANDRA road, from essar petrol pump to till sjr parkway homes no street lights, very unsafe during night time for women's and kids. 
please do the needful.",Street lighting,Maintenance/Repair Of Streetlights,Re-opened,2,"Unnamed Road, Choodasandra, Bengaluru, Karnataka 560099, India",,12.8781735,77.6783445,33,74.33,Possible category mismatch: road; ,True
7651,2020-01-16 21:41:00,177,JP Nagar,Beer bottles lying on the road,This is a prime mostly residential locality and it has been noticed that beer bottles are lying on the road by the pavement. There are two schools on the opposite side of the road and children take this road regularly to and and from school. Request you to come up with a solution which can prevent people from doing this - either using this pavement as a dumping area and/ or sitting on the pavement and drinking in the night.,Garbage and Unsanitary Practices,Clearance Of Garbage Dump Or Black Spot,On-the-Job,1,"508, 8Th Cross Rd, 3Rd Phase, J. P. Nagar, Bengaluru, Karnataka 560078, India",Brahmin tiffins,12.91078029,77.59555793,27,69.46,Possible category mismatch: road; ,True
7671,2020-01-18 08:22:00,52,K R Puram,"Worst cement roads, no proper drain holes, result is others dirty...","Worst cement roads, no proper drain holes, result is others dirty water in front of our house
BBMP officer giving false promises,
Never turned back till now
Is Someone thr to wake up these BBMP officials before clashes begin as ppl of diff community stay here..","Mobility - Roads, Footpaths and Infrastructure",Tarring Or Asphalting Of Existing Road,On-the-Job,3,"20/2, V B Layout, Krishnarajapura, Bengaluru, Karnataka 560036, India",,13.0110753,77.6964507,1,10.56,Possible category mismatch: drainage; ,True
7675,2020-01-18 10:36:00,162,Girinagar,????? ??????????? ?????????? ????????? ?????????????.  ?????????...,"????? ??????????? ?????????? ????????? ?????????????.  ????????? ??????????????, ?????? ???? ???? ???????? ????? ??????????.  ? ?????????? ????? ??????????? ??????? ??????????? ????? ???? ????????? ??????????.  ????? ???????????? ?????? ??????????? ??????????????","Mobility - Roads, Footpaths and Infrastructure",Tarring Or Asphalting Of Existing Road,Resolved,2,"70, 80 Feet Road, Girinagar, Ii Phase, Banashankari Stage I, Banashankari, Bengaluru, Karnataka, India",,12.9407047,77.5464375,4,27.84,Insufficient information in title; ,True
7676,2020-01-18 10:39:00,162,Girinagar,?????? ????????? ???? ????? ???.  ?????? ??????? ????? ?????? ???...,?????? ????????? ???? ????? ???.  ?????? ??????? ????? ?????? ??????? ??????????????? ????????,"Mobility - Roads, Footpaths and Infrastructure",Fixing/Reparing Potholes,Resolved,1,"Raghavendra Swamy Temple, Girinagar, Phase 2, Banashankari, Bengaluru, Karnataka, India",,12.9405848,77.5425513,7,37.79,Insufficient information in title; ,True
7680,2020-01-18 13:16:00,155,Hanumantha Nagar,Where to walk there is no place to walk on footpath,Where to walk there is no place to walk on footpath,Street lighting,Maintenance/Repair Of Streetlights,Resolved,2,"825, 4Th Cross Rd, 5Th Phase, Hanumanthnagar, Banashankari Stage I, Banashankari, Bengaluru, Karnataka 560019, India",,12.943468,77.5589025,4,27.84,Possible category mismatch: road; ,True
7682,2020-01-18 17:04:00,144,Siddapura,Wilson Garden 8th cross manjunth Hospital footpath covering cable...,Wilson Garden 8th cross manjunth Hospital footpath covering cable roller ...faderation walkers complete plz remove,Street lighting,Maintenance/Repair Of Streetlights,On-the-Job,1,"221, Hosur Main Road, Vinayaka Nagar, Arekempanahalli, Mavalli, Bengaluru, Karnataka 560027, India",,12.94819423,77.59376614,4,27.84,Possible category mismatch: road; ,True
7739,2020-01-21 16:08:00,86,Marathahalli,Footpath Nalli  ?????? ????????????????,Footpath Nalli  ?????? ????????????????,Street lighting,Maintenance/Repair Of Streetlights,Resolved,1,"Marathahalli, Bengaluru, Karnataka, India",,12.956924,77.701127,4,27.84,Possible category mismatch: road; ,True
7800,2020-01-23 21:23:00,166,Karisandra,Construction of house going blocked half of the road. with jelly...,Construction of house going blocked half of the road. with jelly n concrete unable to commute please take action,Garbage and Unsanitary Practices,Clearance Of Garbage Dump Or Black Spot,On-the-Job,2,"64, 3Rd Main Rd, 7Th Block, Jayanagar, Bengaluru, Karnataka 560070, India",,12.9280873,77.5784303,12,50.36,Possible category mismatch: road; ,True
7818,2020-01-24 16:25:00,187,Puttenahalli,Potholes,Terrible road filled with potholes. Please get it repaired immediately as it's impossible to use this road for anything.,"Mobility - Roads, Footpaths and Infrastructure",Fixing/Reparing Potholes,Open,0,"Govind Reddy Layout Road, Arekere Mico Layout 2Nd Stage, Lakshmi Layout, Arekere, Bengaluru, Karnataka 560076, India",1st main road,12.891518,77.5944157,28,70.14,Insufficient information in title; ,True
7845,2020-01-26 10:35:00,185,Yelchenahalli,Potholes,A 50 Mt stretch outside Sujatha Military Hotel ok no Kanakapura Main Road is in an usable condition filled with potholes. Please get this fixed immediately.,"Mobility - Roads, Footpaths and Infrastructure",Fixing/Reparing Potholes,Open,0,"Kanakapura Rd, Jp Nagar 6Th Phase, Krishna Devaraya Nagar, Yelachenahallli, Kumaraswamy Layout, Bengaluru, Karnataka, India",Opposite Sujatha Military Hotel,12.8986562,77.5722154,19,59.47,Insufficient information in title; ,True
7850,2020-01-26 16:50:00,54,Hoodi,Car parked on the road more than an year.,Car parked on the road more than an year.,Garbage and Unsanitary Practices,Clearance Of Garbage Dump Or Black Spot,Resolved,2,"Debesh Nayak, G4,green Meadows, Apartmentkaverilayout, Karnataka, Ssv Infrastructure, Kodigehslli, Kaveri Layout, Kodigehalli, Kadugodi, Bengaluru, Karnataka 560067, India",,13.0082212,77.7293622,29,71.79,Possible category mismatch: road; ,True
7872,2020-01-27 21:59:00,84,Hagadur,All vehicles going very fast we need speed breakers,"All vehicles going very fast we need speed breakers .
 More than 10 schools are here but there was no speed breakers on the road 
Today morning also one accident happens pls take a responsibility and put speed breakers please",Traffic and Road Safety,Traffic Jams/Congestion Or Bottlenecks,Open,0,"Borewell Rd, Palm Meadows, Nallurhalli, Whitefield, Bengaluru, Karnataka 560066, India",Icici ATM,12.9693704,77.7403697,6,35.12,Possible category mismatch: road; ,True
7879,2020-01-28 13:58:00,44,Marappana Palya,??? ????,???????...????????? ???????? ???? ?? ?????? ????????????? ???? ???? ????? ??? ???? ???????????????.????? ?????? ??? ?????? ???? ??? ???? ??? ????????????  ..??????? ?????????????.???????? ???????? ??? ???? ????.?????????? ? ?? ???? ????????????.???? ??? ??? ????????????..????? ??????????? ???????? ??????? ???????????  ????????? ?????? ???? ???? ????? ??????????.???? ???? ????? ?? ??????? ???.?????????? ???? ???????????????....?????????? ??????? ????????????? ???? ???? ??? ???? ??????? ??????..? ????????? ?????????? ???? ??????? ???????? ??? ??????????? ??????.,Garbage and Unsanitary Practices,Clearance Of Garbage Dump Or Black Spot,On-the-Job,1,"Mahalakshmi Layout, Bengaluru, Karnataka, India",Near BBMP park. N old BNES college r new orchard international school,13.0145937,77.5514047,7,37.79,Insufficient information in title; ,True
7898,2020-01-29 11:12:00,198,Hemmigepura,DECK SLAB FOR TERTIARY STORM WATER DRAIN,"Respected Sir,

I hereby inform you that the Deck slab for storm water drain is still not done inspite of several complaints done to BBMP officers.  

There are of school children walking around this road and it is on a higher risk. Also the sewerage water of the complete Reshmenagar, Balaji layout, ganigarapalya residents have connected to this open storm water drain which is also a breeding center for mosquitos which is causing serious health issues to the residents of Adithya layout.","Mobility - Roads, Footpaths and Infrastructure",Need Covering Slabs For Roadside Drains,Open,1,"2Nd Main Road, Reshme Nagara, Bayyanapalya, Off, Kanakapura Rd, Ganigarapalya, Adarsha Layout, Bengaluru, Karnataka 560062, India","66, 4th cross, Adithya Layout, Ganigarapalya, Reshmenagar, Bangalore - 560 109",12.8735924,77.5340876,2,17.95,Possible category mismatch: drainage; ,True
7899,2020-01-29 11:16:00,24,HBR Layout,Footpath occupied by Shop Keeper and no place for Walkers,"There are shop Extended to foot path... in Hennur cross, Indian Academy PU college to AVIS (World courier). Shop keeper have made foot path as there property and kept Items on Road/Good on road. There are accident happening due to traffic on road and people cant use footpath/ no space to walk.. No officials are looking in this matter. Now a days traffic have gone up.. causing problem.. for people.. Plz try to clean up the foot up for Walking space.. as Foot Path is for Walking and not for Shops to come up.",Traffic and Road Safety,Traffic Jams/Congestion Or Bottlenecks,Open,0,"1, 10Th Cross Rd, 4Th Block, Hbr Layout 4Th Block, Kalyan Nagar, Bengaluru, Karnataka 560043, India",Indian Acedemy PU college to Good Year English School,13.0324672,77.63471417,4,27.84,Possible category mismatch: road; ,True
7912,2020-01-29 19:00:00,5,Jakkuru,BBMP has clean the drainage on 23rd Jan 2020 and left the drainag...,"BBMP has clean the drainage on 23rd Jan 2020 and left the drainage dirt/garbage on street. Its very unhygienic to use this road for pedestrians. Its been 5th day and still they have not cleaned it and due to this the area has become smelly and even number of mosquitoes has also been increased. They have also left the drainage open.
Kindly do the needful.",Garbage and Unsanitary Practices,Clearance Of Garbage Dump Or Black Spot,Resolved,2,"5Th Main Rd, Vijaynagar, Dwarka Nagar, Bengaluru, Karnataka 560063, India",,13.125268,77.6187241,33,74.33,Possible category mismatch: drainage; ,True
7932,2020-01-30 15:37:00,174,HSR Layout,Request the concern team to look into this and clear the debris....,"Request the concern team to look into this and clear the debris. 
Also provide us with proper road , kindly refer the pics. One of the pathetic lanes ever witnessed!!!!","Mobility - Roads, Footpaths and Infrastructure",Fixing/Reparing Potholes,Open,0,"81, 4Th Cross Rd, Rajiv Gandhi Nagar, Hsr Layout, Bengaluru, Karnataka 560068, India",,12.9078376,77.6310636,32,73.53,Possible category mismatch: garbage; ,True
7937,2020-01-30 18:37:00,175,Bommanahalli,Drainage work in progress for last one month,Drainage work in progress for last one month,"Mobility - Roads, Footpaths and Infrastructure",Fixing/Reparing Potholes,On-the-Job,2,"161, Muneshwara Layout Main Rd, Kodichikknahalli, Seenappa Layout, Bommanahalli, Bengaluru, Karnataka 560068, India",,12.8937211,77.6185959,9,42.94,Possible category mismatch: drainage; ,True
7990,2020-02-02 09:34:00,199,Other,The drainage is closed in the two ends and the water can't flow a...,"The drainage is closed in the two ends and the water can't flow and it is motionless.And it is not closed on top so it is stinking. 
Due to this the mosquito are coming and biting us and it is causing a lot of disease.
Please take necessary action.
Concern Officer",Street lighting,Maintenance/Repair Of Streetlights,Resolved,1,"Hennagara Main Rd, Suryanagar, Bengaluru, Karnataka 560099, India",,12.8045909,77.6975884,33,74.33,Possible category mismatch: drainage; ,True
7999,2020-02-02 14:27:00,59,Maruthi Seva Nagar,Tree branches dumped and blocking footpath.,Tree branches dumped and blocking footpath.,Garbage and Unsanitary Practices,Clearance Of Garbage Dump Or Black Spot,On-the-Job,1,"94, Wheeler Road Extension, D Costa Layout, Cooke Town, Bengaluru, Karnataka, India",,12.9992089,77.6226709,20,60.93,Possible category mismatch: road; ,True
8002,2020-02-02 16:41:00,167,Yediyur,Very old and rusted vehicle (Auto) dumped on road side,"A Very old and rusted vehicle (Auto) is dumped on road side of KR Road, Tata silk farm, Bengaluru 04. Request traffic department to clear the same. Vehicle number: KA 02 A 9272V",Garbage and Unsanitary Practices,Clearance Of Garbage Dump Or Black Spot,On-the-Job,6,"47, Kr Cross Rd, Tata Silk Farm, Basavanagudi, Bengaluru, Karnataka 560070, India",Garddi Apartment,12.9358,77.5738713,10,45.78,Possible category mismatch: road; ,True
8230,2020-02-13 06:50:00,113,Konena Agrahara,Old Airport Road near Rajeshwari theatre day time on but night of...,Old Airport Road near Rajeshwari theatre day time on but night off,Street lighting,Maintenance/Repair Of Streetlights,Open,0,"Old Airport Road, Hal Airport Area, Bangalore, In, India",,12.95919664,77.66044824,14,53.23,Possible category mismatch: road; ,True
8232,2020-02-13 09:30:00,73,Kottigepalya,There is no sweepers are cleaning the road from 1 week,There is no sweepers are cleaning the road from 1 week,Garbage and Unsanitary Practices,Clearance Of Garbage Dump Or Black Spot,Resolved,1,"53A, 11Th Cross Rd, Ramakrishna Layout, Malagala, 2Nd Stage, Naagarabhaavi, Bengaluru, Karnataka 560091, India",,12.9780995,77.5150895,22,63.9,Possible category mismatch: road; ,True
8238,2020-02-13 13:19:00,192,Begur,BBMP pourakarmikas are burning road side tree leaves in NOBONAGAR...,BBMP pourakarmikas are burning road side tree leaves in NOBONAGAR instead of disposing them as per rules. This is creating hazardous smoky environment in the layout,Garbage and Unsanitary Practices,Clearance Of Garbage Dump Or Black Spot,Open,0,"Nobo Nagar, Kalena Agrahara, Bengaluru, Karnataka, India",,12.8680604,77.595969,54,84.1,Possible category mismatch: road; ,True
8239,2020-02-13 14:25:00,149,Varthur,Water Tankers Speed at Panathur Road and Balegere Road,"Hi BBMP Team, Thanks for doing the road at Panathur and Balegere Road.But Please control the Water Tankers Speed at Panathur Road and Balegere Road. The roads are getting bad because of them. Their speed is minimum 80km/hr and they are like very speed and keep on horn. Please control them or else roads will go bad in just few days and again same situation as earlier. Please control them",Water Supply and Services,Regular Water Supply,Open,0,"Panathur Main Rd, Munireddy Layout, Panathur, Bengaluru, Karnataka, India",JCR LAYOUT,12.9381056,77.6988393,3,23.5,Possible category mismatch: road; ,True
8252,2020-02-14 08:58:00,82,Garudachar Palya,Unused cable lying blocking footpath,Unused cable lying blocking footpath,Garbage and Unsanitary Practices,Clearance Of Garbage Dump Or Black Spot,Open,0,"Gr Signature Apartment, Pattandur Agrahara Rd, Near Itpl Back Gate, Kiadb Export Promotion Industrial Area, Whitefield, Bengaluru, Karnataka, India",,12.9835312,77.7330291,13,51.41,Possible category mismatch: road; ,True
8254,2020-02-14 16:12:00,151,Koramangala,Plastic waste disposal on road and burning in night,There has been tradition of throwing waste on the Road near Nur-E-Masjid which stinks and breeds mosquitoes. Wall adjacent to Bhaskara building which is opposite to Masjid-E-Nur is shelter of a homeless family. Since these people face mosquito problem in night they burn this waste which includes plastic. This causes problem to the Bhaskara resident during the night. Please resolve this issue asap.,Garbage and Unsanitary Practices,Clearance Of Garbage Dump Or Black Spot,Open,0,"Masjid-E-Noor, 100 Feet Rd, Santhosapuram, Koramangala 2Nd Block, Koramangala, Bengaluru, Karnataka 560034, India",Opposite to masjid,12.924925,77.6183664,49,82.0,Possible category mismatch: road; ,True
8273,2020-02-15 16:35:00,174,HSR Layout,Road clearing material is just left. This place can be used to pl...,Road clearing material is just left. This place can be used to plant trees,Garbage and Unsanitary Practices,Clearance Of Garbage Dump Or Black Spot,Resolved,1,"6Th Main Road, Bellandur, Bangalore, In, India",,12.92323839,77.66591406,72,89.58,Possible category mismatch: road; ,True
8284,2020-02-16 09:41:00,181,Kumaraswamy Layout,Illegal construction on the road blocking the traffice,"HI,

A person is constructing an illegal temple on the road side that is blocking the traffic . This illegal construction is causing the nuisance to the locality and also to the people staying in front of the house.

Drunkards come and sit in the night and cause lot of problems to the locaclity people. Though we ask for permission from bbmp, he threatens us and still continues to construct the temple.

We do not know who can help here.

Pls do the needful.

Thanks,
Local residents",Traffic and Road Safety,Traffic Jams/Congestion Or Bottlenecks,Open,0,"1St Main Rd, Vittal Nagar, Stage 2, Kumaraswamy Layout, Bengaluru, Karnataka 560078, India",Near Balamurti ganapathi temple on pipe line road,12.9004156,77.557595,4,27.84,Possible category mismatch: road; ,True
8292,2020-02-16 19:46:00,25,Horamavu,Mishandling of BBMP drainage pipe work,Mishandling of BBMP drainage pipe work,"Mobility - Roads, Footpaths and Infrastructure",Fixing/Reparing Potholes,Open,1,"Horamavu Agara Main Road, Sangliana Layout, Horamavu Agara, Prakruthi Township, Bengaluru, Karnataka, India",,13.0310723,77.6533149,99,94.44,Possible category mismatch: drainage; ,True
8311,2020-02-17 14:04:00,189,Hongasandra,12thB main kaveri nagar kC Halli road bommanahali 560068,12thB main kaveri nagar kC Halli road bommanahali 560068,Garbage and Unsanitary Practices,Clearance Of Garbage Dump Or Black Spot,Open,0,"Kaveri Nagara, Kaveri Nagar, Bommanahalli, Bengaluru, Karnataka 560068, India",,12.900304,77.62259,14,53.23,Possible category mismatch: road; ,True
8324,2020-02-17 21:50:00,150,Bellanduru,Firestation TO outer ring road junction - no lights - Sarjapura road,On Sarjapura road - from Firestation TO outer ring road junction - no lights are working,Street lighting,Maintenance/Repair Of Streetlights,Open,0,"Sarjapur Main Rd, Near Motherhood Hospital, Bellandur, Bengaluru, Karnataka 560035, India",From firestation to outer ring road junction on sarjapura road,12.9168291,77.6738171,26,68.36,Possible category mismatch: road; ,True
8345,2020-02-18 18:17:00,14,Bagalakunte,??? ????,"??????? ?????  ??????? ?????? ????????
?? ???? ????? ??????? 
???? ??????? ???? ?????????? 
??? ???????? ???
???? ???? ?? 
????? ???? ??????????? 
??? ??????  ?????? ???
???? ??? ?????? ???????? ??????
??????? ???????? ?????? ???",Garbage and Unsanitary Practices,Clearance Of Garbage Dump Or Black Spot,Open,0,"Ismail Garden, New Layout Manjunathnagar, Near Veeranjinaya Temple, Manjunatha Nagar, Bagalakunte, Bengaluru, Karnataka 560073, India",Veeranjaneya swamy temple manjunathanagara  bnlr560073,13.0560837,77.4957184,7,37.79,Insufficient information in title; ,True
8353,2020-02-19 07:22:00,151,Koramangala,This overflow of drainage has been there from last few days and n...,This overflow of drainage has been there from last few days and nothing has been done. The place smells too bad and too unhygienic.,Garbage and Unsanitary Practices,Clearance Of Garbage Dump Or Black Spot,Open,0,"Koramangala, Bangalore, In, India",,12.93393613,77.61657126,49,82.0,Possible category mismatch: drainage; ,True
8421,2020-02-21 19:43:00,14,Bagalakunte,Drainage problems,Drainage problems,Garbage and Unsanitary Practices,Clearance Of Garbage Dump Or Black Spot,Open,0,"Manjunath Nagar Park ??????? ??? ????????, Manjunatha Nagar, Bagalakunte, Bengaluru, Karnataka, India",,13.0529349,77.4981862,7,37.79,Possible category mismatch: drainage; ,True
8458,2020-02-23 13:07:00,164,Vidya Peeta,"Dumping of construction material on the road, blocking the way","One Building construction opposite the house 750, has dumped the stones and sand on the road obstructing the road. Unable to reverse and take out the cars especially when there is lot of traffic. When the construction engineer was told, he refused to clear the same for the past several days. He also threatened my 80 year old mother who is a frail woman.",Garbage and Unsanitary Practices,Clearance Of Garbage Dump Or Black Spot,Open,0,"750, 5Th Cross Rd, 2Nd Block, Sbm Colony, Banashankari Stage I, Banashankari, Bengaluru, Karnataka 560050, India",Near BSK 1st Stage Post Office and Blossom Play Home,12.93933087,77.55824455,11,47.83,Possible category mismatch: road; ,True
8469,2020-02-23 20:29:00,192,Begur,The manhole is open for long time,The manhole is open for long time,Garbage and Unsanitary Practices,Clearance Of Garbage Dump Or Black Spot,Open,0,"Balaji Residency 2Nd Cross Doddakammanahalli Noble Residency Road, Bannerghatta Main Rd, Central Excise Layout, Phase 2, Tejaswini Nagar, Bengaluru, Karnataka 560083, India",,12.86113,77.6010344,54,84.1,Possible category mismatch: drainage; ,True
8484,2020-02-24 09:58:00,174,HSR Layout,"This is in 16th cross road ,muneshwarnagar,hsr layout,sector 6, o...","This is in 16th cross road ,muneshwarnagar,hsr layout,sector 6, opposite to SS bakery,lot of garbage dump,no provision on garbage box ,please remove it ,make it strict to fine people who dump",Garbage and Unsanitary Practices,Clearance Of Garbage Dump Or Black Spot,Open,0,"20, 16Th B Cross Rd, Muneswara Nagar, Sector 6, Hsr Layout, Bengaluru, Karnataka 560068, India",,12.9118785,77.6295714,72,89.58,Possible category mismatch: road; ,True
8498,2020-02-24 16:27:00,84,Hagadur,Fixing of roads after sewage repair,"Roads were recently dug up for sewage related work and the road is only covered with mud. No proper re fix has been done and the road is full of dust when vehicles pass by and also dangerous for motorcyclists and scooters. The drainage covering cement slab is also broken in some places which can be dangerous for children, pedestrians and vehicle users as well","Mobility - Roads, Footpaths and Infrastructure",Tarring Or Asphalting Of Existing Road,Open,0,"5Th Cross Rd, Vinayaka Layout, Whitefield, Bengaluru, Karnataka 560066, India",Near Annapoorneshwari Temple,12.9672093,77.753784,29,71.79,Possible category mismatch: drainage; ,True
8505,2020-02-24 19:51:00,8,Kodigehalli,Complete stretch of service road from Hebbal towards kuvmepuc cir...,"Complete stretch of service road from Hebbal towards kuvmepuc circle, is filled with garbage and it stinks... it's a curse for pedestrians

no ward is ready to take responability

but serious action is needed here

raised this complaint before also, but no action",Garbage and Unsanitary Practices,Clearance Of Garbage Dump Or Black Spot,Open,0,"Mayura St, Nagashetty Halli, R.m.v. 2Nd Stage, Bengaluru, Karnataka 560024, India",,13.0477388,77.5792353,51,82.82,Possible category mismatch: road; ,True
8545,2020-02-26 19:52:00,94,Gandhi Nagar,Littering,There are no proper dustbins around mejestic bus stop or anywhere around tht place,Garbage and Unsanitary Practices,Clearance Of Garbage Dump Or Black Spot,Open,0,"Majestic, Bengaluru, Karnataka, India",Opposite to bus stop,12.9766637,77.5712556,5,31.57,Insufficient information in title; ,True
8546,2020-02-27 00:33:00,193,Arekere,???????? ????? ????? ?????? ????????? ????????? ?????? ???? ????...,"???????? ????? ????? ?????? ????????? ????????? ?????? ???? ???? ???? ????? ???????????? ????? ????????????????? ??????? 24/7 ???? ??????? ???, ????????, ?????? ?????? ???? ??????? ?????? ???? ??????????????.",Garbage and Unsanitary Practices,Clearance Of Garbage Dump Or Black Spot,Open,0,"Hulimavu, Bengaluru, Karnataka, India",,12.8790623,77.6097513,30,72.76,Insufficient information in title; ,True
8547,2020-02-27 00:56:00,193,Arekere,"??????????? ????? ?????? ??????, ???????? ????? ????? ?????? ????...","??????????? ????? ?????? ??????, ???????? ????? ????? ?????? ????????? ????????? ?????? ???? ???? ???? ????? ???????????? ????? ???????? ???????????? ??????? 24/7 ???? ??????? ???, ????????, ?????? ?????? ???? ??????? ?????? ???? ??????????????. ?? ???? ?????? ?????? ????????. ?????? ?????/???????? ??????????????????????? ??? ??? ???? ??? ???? ????????? ????????!",Public Toilets,Construction Of New Public Toilet,Open,0,"????????, Bengaluru, Karnataka, India",,12.8790623,77.6097513,2,17.95,Insufficient information in title; ,True
8549,2020-02-27 08:13:00,120,Cottonpete,Repair of Cottonpet Main road from 1 year,"As mentioned the Cottonpet main road being repaired from past 1 year & the road is still not completed creating problems, it’s been 1 year Even ambulances were not allowed in this road as they were repairing & they are still doing the same with their wimps & fancies 
See the GARBAGE accumulated at the entrance & it’s from past 1 year, actually this is limits of Corruption, when we here China made 1000 beds hospital within 6 days, & our Bangalore BBMP repaired 850 Meters stretch  of Cottonpet main road in Astonishing 1 Year & still counting.
We also heard that the Government has sanctioned 250 crores for this super High speed work which is still in progress on whomps & fancies of the Contractors.",Garbage and Unsanitary Practices,Clearance Of Garbage Dump Or Black Spot,Open,0,"14, Cottonpet Main Rd, Manivartapete, Sultanpete, Bengaluru, Karnataka 560053, India",Near hotel Shivalaya Lodge,12.96932614,77.57027142,3,23.5,Possible category mismatch: road; ,True
8599,2020-02-29 07:09:00,145,Hombegowda Nagar,"Local food vendor are dumping there wastage on road,picture taken...","Local food vendor are dumping there wastage on road,picture taken near Vijaysagar hotel lakkasandra public toilet on main road",Garbage and Unsanitary Practices,Clearance Of Garbage Dump Or Black Spot,Open,0,"Vijay Sagar, 14Th Cross Road, Lakkasandra, Lakkasandra Extension, Wilson Garden, Bengaluru, Karnataka, India",,12.9442534,77.5972855,14,53.23,Possible category mismatch: road; ,True
8027,2020-03-02 16:31:00,185,Yelchenahalli,"Ward 185 Yelachenahalli Bangalore, sewage overflowing which is ve...","Ward 185 Yelachenahalli Bangalore, sewage overflowing which is very close to School zone. can someone look into this immediately. 
world has enough deseases and we don't want more deseases.","Mobility - Roads, Footpaths and Infrastructure",Fixing/Reparing Potholes,On-the-Job,2,"Furqan International School, Fayazabad, Kanka Nagar, Kumaraswamy Layout, Bengaluru, Karnataka, India",,12.904506,77.5672924,19,59.47,Possible category mismatch: drainage; ,True
8650,2020-03-03 10:30:00,188,Bilekahalli,Drainage leakage in multiple spots,Drainage has been leaking in multiple spots in this area from past 1 week and no initiative has been taken to close the pits,"Mobility - Roads, Footpaths and Infrastructure",Fixing/Reparing Potholes,Open,0,"Bilekahalli, Bengaluru, Karnataka, India",Sai brindavan apartment,12.8984604,77.6057848,52,83.66,Possible category mismatch: drainage; ,True
10037,2020-03-08 13:35:00,199,Other,Dsdfstrdyeryeryer,Sfsdgdhdyutyiytuoyuoyo,"Mobility - Roads, Footpaths and Infrastructure",Fixing/Reparing Potholes,Open,0,"Shri Kempamma Jaajuramma Temple, Kadabagere,, Kadabagere, Bengaluru, Karnataka 562130, India",Rdrdy,12.9941639,77.4309412,148,98.51,Insufficient information in title; ,True
10036,2020-03-08 13:35:00,104,Govindaraja Nagar,Dsfsf,Asdfsdffszdfsdrgdfjkuy,Garbage and Unsanitary Practices,Clearance Of Garbage Dump Or Black Spot,Resolved,2,"1560, Tayi Mane, Madduramma Nilay, 6Th Cross, 3Rd Main, Govindaraja Nagara, Housing Board, Sri Shanimahatma Temple,, Govindaraja Nagar Ward, Govindarajanagar, Vijayanagar, Bengaluru, Karnataka 560079, India",Ads,12.9775543,77.534287,11,47.83,Insufficient information in title; ,True
10859,2020-03-11 02:33:00,192,Begur,"Dark roads, risk for road safety","The street light in Royal Meridian Layout Hongasandra- Devarachikkanahalli on 1st Cross 2nd Main isn't working since two weeks making it difficult for people to walk, drive and ride . Please see to this matter ASAP.",Street lighting,Maintenance/Repair Of Streetlights,Open,1,"1St Cross Rd, Royal Meridian Layout, Begur, Bengaluru, Karnataka 560076, India",Prabhavathi greens,12.8880631,77.6219373,46,81.6,Possible category mismatch: road; ,True
11159,2020-03-12 09:28:00,90,Ulsoor,Drain stone slab replacement and cleaning,"The drain stone slab is broken, needs to be fixed or replaced and drain cleaning","Mobility - Roads, Footpaths and Infrastructure",Need Covering Slabs For Roadside Drains,On-the-Job,1,"Swami Vivekananda Rd, Gupta Layout, Halasuru, Karnataka 560008, India",Near Deepa Apts,12.9763635,77.626715,1,10.56,Possible category mismatch: drainage; ,True
8975,2020-03-16 11:07:00,199,Other,Drain like / sewarage blocked at Ganesh Nagar. G.Hosahalli,Drain like / sewarage blocked at Ganesh Nagar. G.Hosahalli,Street lighting,Maintenance/Repair Of Streetlights,Open,0,"Gollarahatti, Bengaluru, Karnataka, India",,12.9911586,77.4623094,33,74.33,Possible category mismatch: drainage; ,True
8992,2020-03-16 18:24:00,191,Singasandra,Open drain left by bbmp/bda,Open drain left by bbmp/bda,"Mobility - Roads, Footpaths and Infrastructure",Fixing/Reparing Potholes,Open,0,"60, Manipal County Rd, Aishwarya Crystal Layout, Singasandra, Bengaluru, Karnataka 560068, India",,12.8738947,77.6437801,59,86.42,Possible category mismatch: drainage; ,True
9004,2020-03-17 16:49:00,109,Chickpet,Garbaige,"Garbaige not lifted we can't sit in our shops too of bad smell daily this place has become dumping place for garbage no actions taken here ,once side ever body are afraid of carona",Garbage and Unsanitary Practices,Clearance Of Garbage Dump Or Black Spot,Open,0,"15, Anchepet, Chickpet, Bengaluru, Karnataka 560053, India",Sln jewellery works,12.97166941,77.57940261,23,65.57,Insufficient information in title; ,True
9013,2020-03-18 07:09:00,163,Katriguppe,Ittamadu and Outer Ring Road signal junction and poorly lit and e...,Ittamadu and Outer Ring Road signal junction and poorly lit and existing lights are not working,Street lighting,Maintenance/Repair Of Streetlights,Open,0,"223, 100 Feet Road, Banashankari Stage 3, Bangalore, In, India",,12.92635783,77.54866342,1,10.56,Possible category mismatch: road; ,True
9047,2020-03-19 19:43:00,54,Hoodi,Streat lights not working this road,Streat lights not working this road,Street lighting,Maintenance/Repair Of Streetlights,Open,0,"Hanumanthanagar,, Bileshivale,, Doddagubbi Post, Essel Gardens, Bengaluru, Karnataka 560077, India",,13.0588376,77.6676377,33,74.33,Possible category mismatch: road; ,True
9050,2020-03-20 09:41:00,199,Other,Potholes,Government officials don't know Thare is road in kammsandra main road in kammsandra,"Mobility - Roads, Footpaths and Infrastructure",Fixing/Reparing Potholes,Open,2,"Kammasandra Rd, Kammasandra, Electronic City, Bengaluru, Karnataka 560100, India",Opposite cosmic temple,12.82822123,77.68913884,148,98.51,Insufficient information in title; ,True
9062,2020-03-20 20:32:00,182,Padmanabha Nagar,Logging of rain water in front of the homes &amp; parking slabs,"Respected BBMP Officials, -- No provision to the rain water to go to the sanitary , by which lot of water is logging infront of the house & Lot of Rats and Bandiquites are entering the house which is destroying the house. -- With that plants lot of ants and Big insects are creeping into the house and causing problems to the kids, -- Kindly help to clear out the separate blocks infront of the house and inform to all the people accordingly. Please find attached the pics for your reference. Appreciate your help at the earliest. Yours Truly, Satyanarayana.","Mobility - Roads, Footpaths and Infrastructure",Flooding/Waterlogging Of Roads And Footpaths,Open,4,"5, 1St Cross Road, 2Nd Stage, Bendre Nagar, Bengaluru, Karnataka 560078, India",Behind Dominos pizza,12.9067816,77.5591649,1,10.56,Possible category mismatch: traffic; ,True
9068,2020-03-21 10:27:00,57,C V Raman Nagar,Drainage waste,After clean of drainage they did't clean wastage it is in road only we asked to clean to corporate and carbage collector also but they did't take any action.kids are playing outside and hygiene being compromised,Garbage and Unsanitary Practices,Clearance Of Garbage Dump Or Black Spot,Open,0,"11Th Cross, 5Th Main Rd, Malleshpalya, Kaggadasapura, Bengaluru, Karnataka 560075, India",Near sree chaithanya techno school,12.9775303,77.6750508,38,78.17,Possible category mismatch: drainage; ,True
9094,2020-03-23 10:34:00,160,Rajarajeshwari Nagar,Locals dump garbage as there is no proper fencing wall,Locals dump garbage as there is no proper fencing wall,Storm Water Drains,Sidewall And Fencing For Storm Water Drains,Open,0,"Rr Nagar, Bengaluru, Karnataka, India",Behind le grand park view apartments.. Arvind mill. Kenchanahalli,12.9148603,77.5206395,3,23.5,Possible category mismatch: garbage; ,True
9102,2020-03-23 14:44:00,166,Karisandra,No Cleanliness maintained by a family who has cows and a Tea shop at the Road corner,"Dear Sir / Ma'am,

We live opposite to Meenakshi ENT hospital in 23rd cross, BSK 2nd stage, Karesandra,

Here there is a family who owns few cows and the road is litter and they dont maintain cleanliness and if we say something abt cleaning, they use very vulgar language and fight with everyone. along with that there is a Bakery at the road entrance and they sell Cigrates and tea, most of the boys stand there hours together and smoke adn spit on the road, if we say not to spit, again they use filthy language and we cant fight or stand in front of them. Request you to take some action against these people and set some guidelines for them.

Regards,",Garbage and Unsanitary Practices,Clearance Of Garbage Dump Or Black Spot,Open,1,"2232 &amp; 2233, 23Rd Cross, Krishna Rajendra Rd, Karesandra, Banashankari Stage Ii, Banashankari, Bengaluru, Karnataka 560070, India",Shanka Mills,12.924057,77.571135,12,50.36,Possible category mismatch: road; ,True
9119,2020-03-24 22:51:00,22,Vishwanath Nagenahalli,Corana,It's different not good to if any change the road and clean near our area mns sir why means lot on kid's and old people they health is important sir so do some think sir ur hero off our india sir,Garbage and Unsanitary Practices,Clearance Of Garbage Dump Or Black Spot,Open,0,"Bengaluru, Karnataka 560032, India",Kavalbysandra,13.0297992,77.6047037,12,50.36,Insufficient information in title; ,True
9167,2020-03-28 18:57:00,28,Kammanahalli,There is a water leakage . looks like drinking water pipe broke....,There is a water leakage . looks like drinking water pipe broke. Every day more than 1000 litters of water getting wasted. there is a trailway track near by it can cause problem to the track,"Mobility - Roads, Footpaths and Infrastructure",Fixing/Reparing Potholes,Open,0,"Subbaraju Street,, Jaibharath Nagar, Vivekananda Nagar, Maruthi Sevanagar, Bengaluru, Karnataka 560033, India",,13.0033164,77.6350129,7,37.79,Possible category mismatch: water; ,True
9180,2020-03-30 18:01:00,185,Yelchenahalli,Sewage water is flowing out and no one to repair it.,Sewage water is flowing out and no one to repair it.,"Mobility - Roads, Footpaths and Infrastructure",Fixing/Reparing Potholes,Open,0,"9, Post Office Road, Kanka Nagar, Kumaraswamy Layout, Bengaluru, Karnataka 560078, India",,12.90356163,77.56677095,19,59.47,Possible category mismatch: drainage; ,True
8052,2020-04-02 12:40:00,174,HSR Layout,"17th Cross Road, Sector 4, HSR Layout, in front of Indusind Bank....","17th Cross Road, Sector 4, HSR Layout, in front of Indusind Bank. Kindly inform the concerned department to clear this garbage as animals comes and eat plastics from here.",Garbage and Unsanitary Practices,Clearance Of Garbage Dump Or Black Spot,Open,0,"440, 17Th Cross Road, Hsr Layout, Bangalore, In, India",,12.91220164,77.64324319,72,89.58,Possible category mismatch: road; ,True
8053,2020-04-02 12:56:00,173,Jakkasandra,"Hi team,

is it possible to provide traffic signal lights, if not...","Hi team,

is it possible to provide traffic signal lights, if not then let me know who can resolve this issue.

Nandini junction 
choodasandra road, ksdb quarters kaveri layout
KSRP campus. benguluru.

TIA",Street lighting,Maintenance/Repair Of Streetlights,On-the-Job,1,"331, 4Th Cross Road, Sector 5, Sector 7, Hsr Layout, Bengaluru, Karnataka 560034, India",,12.9182753,77.6361831,5,31.57,Possible category mismatch: traffic; ,True
8668,2020-04-03 07:53:00,16,Jalahalli,The road  near HMT ground near ISRO Quarters compound wall has be...,The road  near HMT ground near ISRO Quarters compound wall has become a feeding area for stray dogs. the road is frequently used by people and it has become very risky to walk or go by two wheeler as almost 25 dogs are there. people come in vehicles and are feeding dogs in areas of public usage against awb guidelines.,Garbage and Unsanitary Practices,Clearance Of Garbage Dump Or Black Spot,Open,0,"Isro Quarters Type 2E, Isro Colony, Hmt Estate, 2Nd Stage, Bengaluru, Karnataka, India",,13.0437146,77.5343098,9,42.94,Possible category mismatch: road; ,True
9211,2020-04-04 15:17:00,119,Dharmaraya Swamy Temple,From past 10days nobody is sweeping the road. door no. 14 p j com...,From past 10days nobody is sweeping the road. door no. 14 p j complex opp to banki nawab street sp road cross Bangalore 560002,Garbage and Unsanitary Practices,Clearance Of Garbage Dump Or Black Spot,Open,0,"S.p Road Cross, Kumbarpet, Dodpete, Nagarathpete, Bengaluru, Karnataka, India",,12.9655744,77.5793149,16,56.25,Possible category mismatch: road; ,True
10270,2020-04-09 13:06:00,139,K R Market,Tempo driver has block the road plz see how he has jam fully bloc...,Tempo driver has block the road plz see how he has jam fully block,Traffic and Road Safety,Traffic Jams/Congestion Or Bottlenecks,Open,0,"Sri Maruthi Building, Old Tharagupete Rd, Ragipet, Old Tharagupet, Mamulpet, Chickpet, Bengaluru, Karnataka 560053, India",,12.96694301,77.57755574,1,10.56,Possible category mismatch: road; ,True
10271,2020-04-09 14:09:00,10,Dodda Bommasandra,Dead rat on road,Since yesterday early morning. Crows are making a mess of it. I could not meet the road sweepers as I will be busy in terrace garden with 200 plants and composting,Garbage and Unsanitary Practices,Clearance Of Garbage Dump Or Black Spot,Open,0,"2Nd Main Rd, Nanjappa Layout, Chamundeswari Layout, Jalahalli East, Bengaluru, Karnataka 560097, India",Between 6th and 7 th cross,13.0688835,77.5554831,12,50.36,Possible category mismatch: road; ,True
10565,2020-04-10 22:44:00,6,Thanisandra,Potholes,Roadnof Potholes. Stretch from Bharat petrol to rashtrothana till decathlon hennur,"Mobility - Roads, Footpaths and Infrastructure",Fixing/Reparing Potholes,Open,2,"526/8, P&amp;t Layout, Thanisandra, Bengaluru, Karnataka 560077, India",Near Reliance Mart,13.05806861,77.63294288,79,90.85,Insufficient information in title; ,True
11165,2020-04-12 09:57:00,161,Hosakerehalli,2 months ago sewage pipes were replacement but team promised tar...,2 months ago sewage pipes were replacement but team promised tar will be put back. No sign of anyone. Very poor service,"Mobility - Roads, Footpaths and Infrastructure",Fixing/Reparing Potholes,Open,0,"130, 5Th Cross Road, Banashankari Stage 3, Bengaluru Urban, In, India",,12.9194684,77.53897115,10,45.78,Possible category mismatch: drainage; ,True
9261,2020-04-14 20:16:00,177,JP Nagar,It's traffic as usual in Ragigudda Road inspite of strict lockdow...,"It's traffic as usual in Ragigudda Road inspite of strict lockdown till 20th. I see two wheelers, car & autos movements without caring much about Covid",Traffic and Road Safety,Traffic Jams/Congestion Or Bottlenecks,Open,0,"1506, S End B Cross Rd, Ksrtc Layout, 2Nd Phase, Jp Nagar, Bengaluru, Karnataka 560078, India",,12.9160896,77.5931437,2,17.95,Possible category mismatch: road; ,True
9283,2020-04-18 10:48:00,112,Domlur,Footpath is been misused for the last two years due to constructi...,Footpath is been misused for the last two years due to construction which is kept on held for ages now. There is a big family staying in this shed and misusing the road to the core! Please find the pictures attached. Please ask them to clean and footpath and shift inside the unconstructed site.,Garbage and Unsanitary Practices,Clearance Of Garbage Dump Or Black Spot,Open,1,"409, 4Th Main Road, Domlur, Bangalore, In, India",,12.9536286,77.6397443,4,27.84,Possible category mismatch: road; ,True
9289,2020-04-19 17:11:00,113,Konena Agrahara,"3rd Main Road, Konena Agrahara, Murgesh Pallya. 

The road is ver...","3rd Main Road, Konena Agrahara, Murgesh Pallya. 

The road is very old and currently in an unclean situation. There are Garbage dumps and leftover old and abandoned vehicles on the road.",Garbage and Unsanitary Practices,Clearance Of Garbage Dump Or Black Spot,Open,0,"Family Mall, 3Rd Main Road, Konena Agrahara, Murgesh Pallya, Bengaluru, Karnataka, India",,12.9583649,77.6609057,25,68.15,Possible category mismatch: road; ,True
9291,2020-04-20 06:42:00,130,Ullalu,Garbage in the road,Garbage in the road,Street lighting,Maintenance/Repair Of Streetlights,Open,0,"666, 4Th Main Road, Gnana Bharthi, Bangalore, In, India",,12.94157166,77.49089425,12,50.36,"Possible category mismatch: garbage, road; ",True
8066,2020-05-02 07:35:00,188,Bilekahalli,Drainage water filled in vacant site complaint raise with BWSSB t...,Drainage water filled in vacant site complaint raise with BWSSB the work man says L&T has to clear. it was more then  week still no response v r not able to breath lot of mosquitos and bad smell,"Mobility - Roads, Footpaths and Infrastructure",Fixing/Reparing Potholes,Resolved,1,"Royal Apartment, 4Th Main, Anugraha Layout, Phase 2, Anugraha Layout, Ramanashree Enclave, Bilekahalli, Bengaluru, Karnataka 560076, India",,12.9007591,77.6099699,52,83.66,Possible category mismatch: drainage; ,True
8079,2020-05-02 15:42:00,191,Singasandra,"This is Silver County road, near Choodasandra, between Nandini Ci...","This is Silver County road, near Choodasandra, between Nandini Circle and SNN Eternia. It’s been year I m seeing this. No one is bother to clean this place. BBMP kindly take rapid action on this.",Garbage and Unsanitary Practices,Clearance Of Garbage Dump Or Black Spot,On-the-Job,1,"Silver County Road, Lakedew Residency- Phase 2, Ksrp Campus, Choodasandra, Bengaluru, Karnataka, India",,12.8925333,77.6652048,40,79.46,Possible category mismatch: road; ,True
8085,2020-05-02 19:24:00,29,Kacharkanahalli,Frequent power cuts at oil mill road is causing severe inconvenie...,"Frequent power cuts at oil mill road is causing severe inconvenience. there is either jump cut, cable cut, load shedding and other issues pointed out by Beacon. Please help in regularise supply",Electricity and Power Supply,Regular Supply Of Electricity,Open,0,"1, 13Th Cross Rd, Ajjamallappa Layout, Yadava Layout, Peace Layout, Kacharakanahalli, Bengaluru, Karnataka 560084, India",,13.0135491,77.6323237,1,10.56,Possible category mismatch: road; ,True
8087,2020-05-02 22:10:00,94,Gandhi Nagar,Drainage overflow,Drainage overflow,"Mobility - Roads, Footpaths and Infrastructure",Fixing/Reparing Potholes,Resolved,1,"Tata Coffee Limited, Railway Parallel Road, 4Th Block, Kumara Park West, West, Bengaluru, Karnataka, India",,12.9894738,77.578459,6,35.12,Possible category mismatch: drainage; ,True
8695,2020-05-03 08:29:00,53,Basavanapura,Drainage loverflowing on the road between Ayyappa Nagar to koodig...,Drainage loverflowing on the road between Ayyappa Nagar to koodigehalli road,Garbage and Unsanitary Practices,Clearance Of Garbage Dump Or Black Spot,Open,0,"13, 3Rd Cross St, Satyasaibaba Layout, Krishnarajapura, Bengaluru, Karnataka 560049, India",,13.0046324,77.7160559,40,79.46,"Possible category mismatch: drainage, road; ",True
8706,2020-05-03 14:49:00,6,Thanisandra,Where to throw a garbage,Where to throw a garbage,Street lighting,Maintenance/Repair Of Streetlights,Open,0,"F3 Palm, Manayata Tech Park, Thanisandra, Bengaluru, Karnataka 560045, India",,13.0492368,77.6235494,22,63.9,Possible category mismatch: garbage; ,True
8707,2020-05-03 14:53:00,24,HBR Layout,Where to throw the garbage? Near by we don't have any dustbin to...,"Where to throw the garbage? Near by we don't have any dustbin to throw and don't know at what time garbage collection people comes, maybe they come when we are in office,we can't stay waiting for them in home,it is a suggestion that on every street there should be dustbin,so we can throw there and garbage collection team can take that anytime.",Street lighting,Maintenance/Repair Of Streetlights,Open,0,"Hasanath College, Punappa Layout, Hennur Gardens, Bengaluru, Karnataka, India",,13.0368251,77.639085,22,63.9,Possible category mismatch: garbage; ,True
10567,2020-05-10 09:50:00,53,Basavanapura,Road is not constructed and garbase collection is also not there,"Its a muddy road , Facing lots of issues in Rainy season . As in Bangalore most of the time its raining . ITs very difficult manage day to day life . Garbage collection also not happening . People are dumping in one place .Please sir need your attention here",Garbage and Unsanitary Practices,Build Garbage/Waste Composting Units,Open,0,"Medahalli, Bengaluru, Karnataka 560049, India",Karunasree layout 3rd phase,13.0369387,77.7195085,3,23.5,Possible category mismatch: road; ,True
10569,2020-05-10 11:46:00,149,Varthur,Panathur main road kavrriappa layout 1st cross always garage will...,Panathur main road kavrriappa layout 1st cross always garage will be thrown on the roads always no one is cleaning,Garbage and Unsanitary Practices,Clearance Of Garbage Dump Or Black Spot,Open,0,"1St Cross Rd, Kaverappa Layout, Kadubeesanahalli, Bengaluru, Karnataka 560103, India",,12.9369785,77.7004696,56,85.0,Possible category mismatch: road; ,True
10884,2020-05-11 06:16:00,109,Chickpet,On this Street Hospital Road Behind (mysore bank head office earl...,On this Street Hospital Road Behind (mysore bank head office earlier) SBI compound using for garbage dumping yard and BBMP garbage loading vehicles parking spot with garbage half of the road using for garbage loading vehicles parking instead of two wheelers parking this place became like Dumping yard please take this complaint very seriously and please avoid this kind of nonsense public can't walk in this street in this spot every one using for dumping garages and urinating so please maintain this spot for two wheelers parking it's my humble request.,Garbage and Unsanitary Practices,Garbage Dumping In Vacant Lot/Land,Open,0,"15, Hospital Road, Anchepet, Chickpet, Bengaluru, Karnataka, India",,12.9722667,77.5795559,2,17.95,Possible category mismatch: road; ,True
9434,2020-05-13 21:26:00,111,Shantala Nagar,Adad,Awdawdaasdas asasdads,Garbage and Unsanitary Practices,Clearance Of Garbage Dump Or Black Spot,Open,0,"Maniksha Parade Ground, Shivaji Nagar, Bengaluru, Karnataka 560001, India",Awda,12.976791,77.60638468,38,78.17,Insufficient information in title; ,True
9435,2020-05-14 02:38:00,167,Yediyur,"Hello team I work at a place near RV TEACHERS COLLEGE, RV road Ba...","Hello team I work at a place near RV TEACHERS COLLEGE, RV road Bangalore, here in my office premises in basement there is a dusty vehicle as been parked since a year and a couple, inspite of complaining to maintenance team no one is responding and today it’s horrible and for situations like seems like to be dangerous",Garbage and Unsanitary Practices,Clearance Of Garbage Dump Or Black Spot,Open,0,"77, Rv Road, Jayanagar East, Jaya Nagar 1St Block, Jaya Nagar East, Jayanagar, Bengaluru, Karnataka, India",,12.933858,77.5801919,10,45.78,Possible category mismatch: road; ,True
9444,2020-05-14 22:18:00,43,Nandini Layout,"Sir/Madam, 
I live on Circular Road 2 MF 5 E Block. The trees in...","Sir/Madam, 
I live on Circular Road 2 MF 5 E Block. The trees in this road are well grown and the branches of the trees are falling every now and then. I request the councillor to take notice and make arrangements to fell the branches to avoid future accidents. Today a huge mishap would have occurred as a huge branch fell just next to 2 people.",Street lighting,Maintenance/Repair Of Streetlights,Open,0,"Mf-5, 2Nd Cross Rd, Nandini Layout, Bengaluru, Karnataka 560096, India",,13.0135979,77.538024,2,17.95,Possible category mismatch: road; ,True
9447,2020-05-15 08:52:00,53,Basavanapura,Near and surrounding of RTO office old Madras road clearance of g...,Near and surrounding of RTO office old Madras road clearance of garbage  dump beside roads,Garbage and Unsanitary Practices,Clearance Of Garbage Dump Or Black Spot,Open,0,"24, 2Nd Main Medahalli Ext, Hosabasavanapura, Krishnarajapura, Bengaluru, Karnataka 560049, India",,13.0236303,77.7184234,40,79.46,Possible category mismatch: road; ,True
9462,2020-05-17 08:03:00,119,Dharmaraya Swamy Temple,After digging the road left without clearing,"Dear team, 

Am residing in this location in bbmp quoters and three months back they have digged entire road for repair but even after 3 months also they have not cleared it... 

And all garbage ppl r dropping in front of my house. 

Pls take action on this as soon as possible.",Garbage and Unsanitary Practices,Clearance Of Garbage Dump Or Black Spot,Open,0,"11, Kumbaragundi, Kalasipalya, Bengaluru, Karnataka 560002, India",Behind sj park police station,12.9614454,77.5825778,16,56.25,Possible category mismatch: road; ,True
9467,2020-05-17 21:38:00,12,Shettihalli,"1st main, 1st cross, Bairalingappa road, 1st pole, Near govt scho...","1st main, 1st cross, Bairalingappa road, 1st pole, Near govt school, chikkasandra, Heaaraghatta road. Street light is not working since 6-7months",Street lighting,Maintenance/Repair Of Streetlights,Resolved,1,"1St Main Rd, Chikkasandra, Jalahalli West, Bengaluru, Karnataka 560090, India",,13.0654425,77.5083223,7,37.79,Possible category mismatch: road; ,True
9496,2020-05-22 07:46:00,130,Ullalu,"Request for atleast 2 road hump for a 800mtr strech road, as due...","Request for atleast 2 road hump for a 800mtr strech road, as due to Corona lockdown this gully road is being used by more commuters. As this road not even has a single speed breaker compared to parallel 80ft road(it has 5). Hence all the vehicles including Load lorries and TT vehicles use this road with speed 40-50kmph. This is making deadly for people in residence. Main problem is few use it for bike stunts, as this road is a slope road, so they travel in higher speed around 60-70kmph with unbearable noises with an higher speed e.g. honking with out any need & modified silencer noises.",Street lighting,Maintenance/Repair Of Streetlights,Open,1,"V6 Golden Nest Appartment, Jnana Ganga Nagar, Bengaluru, Karnataka 560056, India",,12.9476063,77.4920913,12,50.36,Possible category mismatch: road; ,True
9520,2020-05-24 18:11:00,150,Bellanduru,The road outside apartment completely damaged due to rains and bl...,The road outside apartment completely damaged due to rains and blocked side drains. Please repair soon. water logging can cause health problems to nearby apartments.,Street lighting,Maintenance/Repair Of Streetlights,Open,0,"Kasavanahalli Main Road,, Kaikondanarhalli, Valliyamma Layout, Bengaluru, Karnataka 560035, India",,12.9133974,77.6768194,26,68.36,Possible category mismatch: road; ,True
9521,2020-05-24 18:13:00,40,Dodda Bidarakallu,Ug drainage overflowing n causing trouble for shivaganga layout residents,Ug drainage clogged n toilet water flowing into shivaganga layout,"Mobility - Roads, Footpaths and Infrastructure",Fixing/Reparing Potholes,Open,0,"#1, Dodabidrukal Main Road, Venugopala Nagar, Bagasse Draft Post, Venugopal Nagar, Doddabidarakallu, Bengaluru, Karnataka 560073, India",Opp achhamma building,13.0395489,77.4941689,8,39.8,Possible category mismatch: drainage; ,True
9526,2020-05-25 09:51:00,113,Konena Agrahara,Hello.. the leaves are blocking rain water passage in footpath ne...,"Hello.. the leaves are blocking rain water passage in footpath near HAL opposite Aerospace medicine, and will get inside over time. Placing a met to allow only water will avoid long term problem.

can the authority check?",Street lighting,Maintenance/Repair Of Streetlights,Open,0,"#92, Ground Floor, Sreevari Chambers, Hal Old Airport Rd, Konena Agrahara, Murgesh Pallya, Bengaluru, Karnataka 560017, India",,12.9588966,77.6631441,14,53.23,Possible category mismatch: road; ,True
9531,2020-05-25 15:47:00,129,Jnana Bharathi,Dead dog is thrown on the road and it is stinking badly everywher...,Dead dog is thrown on the road and it is stinking badly everywhere. please take it on priority and clear it,Garbage and Unsanitary Practices,Clearance Of Garbage Dump Or Black Spot,Resolved,1,"# 17,10""th Cross, 4""th Main, Mallathalli, M.vishweshwaraya Layout, Jnananjyothinagar, N G E F Empyloyees Layout 2Nd Stage, Naagarabhaavi, Bengaluru, Karnataka 560056, India",,12.9575184,77.4965047,25,68.15,Possible category mismatch: road; ,True
9533,2020-05-25 16:29:00,86,Marathahalli,Sewage blockage behind Ganesha temple near Deepa nursing home Mar...,"Sewage blockage behind Ganesha temple near Deepa nursing home Marathahahali 
plz kindly slove this problem",Garbage and Unsanitary Practices,Clearance Of Garbage Dump Or Black Spot,Open,0,"Deepa Nursing Home, 4Th Cross Rd, Behind Indian Oil Petrol Pump, Hal Central Township, Marathahalli Village, Marathahalli, Bengaluru, Karnataka, India",,12.955014,77.6905794,15,54.56,Possible category mismatch: drainage; ,True
9543,2020-05-26 11:11:00,76,Gayathri Nagar,Damaged drain and foot path not fixed for many months,Damaged drain and foot path not fixed for many months,Street lighting,Maintenance/Repair Of Streetlights,Open,1,"2Nd Cross Road, Nagappa Block, Srirampura, Bengaluru, Karnataka, India",,12.9959881,77.5630943,1,10.56,Possible category mismatch: drainage; ,True
9570,2020-05-28 21:12:00,45,Malleswaram,"In Mathikere, yeswanthpur road near to trupti bar. 

people are s...","In Mathikere, yeswanthpur road near to trupti bar. 

people are sales veg in the road side and throw all the garbage in the road",Garbage and Unsanitary Practices,Clearance Of Garbage Dump Or Black Spot,Open,0,Pick Location,,13.0243111,77.5576817,11,47.83,Possible category mismatch: road; ,True
9580,2020-05-30 07:52:00,26,Ramamurthy Nagar,"Road is not cleaned .. 
and this area is becoming dumping yard.","Road is not cleaned .. 
and this area is becoming dumping yard.",Garbage and Unsanitary Practices,Clearance Of Garbage Dump Or Black Spot,Open,2,"51, 7Th Cross Road, Ramamurthi Nagar, Bengaluru Urban, In, India",,13.01741154,77.68205231,38,78.17,Possible category mismatch: road; ,True
7463,2020-06-01 14:58:00,26,Ramamurthy Nagar,Roads dug in the name of kaveri water supply,"When I went to Ramamurthy nagar for searching a house in 2019, the roads were perfect. After seeing all the amneties, i had a booked a house on rent.
But, after moving to Ramamurthy nagar in the month of november 2019, i saw all the roads are dug and damaged to provide kaveri water supply. But i dont see neither kaveri water being supplied near my area nor the roads being fixed. The roads are covered with stones. I see only pot holes and skiddy roads. This is very dangerous in terms of accidents and also causing unnecessary traffic. 
Please help me in getting these roads fixed to avoid further injuries and accidents.","Mobility - Roads, Footpaths and Infrastructure",Tarring Or Asphalting Of Existing Road,Resolved,2,"Ramamurthy Nagar, Bengaluru, Karnataka 560016, India",Koshys hospital,13.0163134,77.6784812,50,82.41,Possible category mismatch: water; ,True
7464,2020-06-01 19:18:00,194,Gottigere,"Hello, The double link road connecting to Harinagar,J P Nagar 8th...","Hello, The double link road connecting to Harinagar,J P Nagar 8th phase(Brookes haven Harinagar link road) is not provided with street lights from so many years. It is a busy road which unfortunately is not maintained with the basic amenities. Please look into the matter and resolve the issue.",Streetlights,Maintenance/Repair Of Streetlights,Resolved,9,"4Th Cross Rd, Brookes Haven Layout, 8Th Phase, J. P. Nagar, Bengaluru, Karnataka 560076, India",,12.8725625,77.575733,12,50.36,Possible category mismatch: road; ,True
7471,2020-06-01 22:35:00,195,Konankunte,Foothpath Parking,Foothpath Parking,"Mobility - Roads, Footpaths and Infrastructure",Tarring Or Asphalting Of Existing Road,Resolved,1,"Box8, 24Th Main Road, 2Nd Stage, Rbi East Layout, 1St Phase, Jayaprakash Narayan Nagar, Bengaluru, Karnataka, India",,12.8953337,77.5769194,10,45.78,Possible category mismatch: traffic; ,True
8090,2020-06-02 00:31:00,176,BTM Layout,No street level light's on complete streach of 29th main road of...,No street level light's on complete streach of 29th main road of kuvempu Nagara. thousands of vehicle's pass through this specially after jayadeva flyover demolition. please put lights and save out life's.,Street lighting,Maintenance/Repair Of Streetlights,On-the-Job,1,"29Th Main Road, Btm 2Nd Stage, Kuvempu Nagar, Stage 2, Btm 2Nd Stage, Bengaluru, Karnataka, India",,12.9137976,77.6149711,14,53.23,Possible category mismatch: road; ,True
8092,2020-06-02 08:45:00,6,Thanisandra,The road from thannisandra to airport via bagalur is seeing a ram...,The road from thannisandra to airport via bagalur is seeing a rampant increase in garbage dumping along a road,Garbage and Unsanitary Practices,Clearance Of Garbage Dump Or Black Spot,On-the-Job,2,"Thanisandra, Bengaluru, Karnataka, India",,13.0559193,77.6324513,60,87.39,Possible category mismatch: road; ,True
8722,2020-06-03 10:17:00,192,Begur,Drainage work is not completed,"Drainage work has not been completed at this place. There is a small strech to Rajakalva has not been connected, which will result in drainage leakage during rainy days.","Mobility - Roads, Footpaths and Infrastructure",Construction of new footpaths,Open,0,"438C, 13Th Main Rd, Mico Layout, Hongasandra, Bengaluru, Karnataka 560068, India",Opp to krubanidhi school,12.89058527,77.62926847,7,37.79,Possible category mismatch: drainage; ,True
9369,2020-06-05 06:13:00,130,Ullalu,People’s throw dust on road,People’s throw dust on road,Garbage and Unsanitary Practices,Clearance Of Garbage Dump Or Black Spot,Open,0,"666, 4Th Main Road, Gnana Bharthi, Bangalore, In, India",,12.94151861,77.49093431,29,71.79,Possible category mismatch: road; ,True
9715,2020-06-13 18:02:00,147,Adugodi,"Drainage waste not cleared ,in this rain season it may get proble...","Drainage waste not cleared ,in this rain season it may get problem for people for Walker's and bike rider .",Garbage and Unsanitary Practices,Clearance Of Garbage Dump Or Black Spot,Open,1,"#145,6Th Cross, Devegowda Layout, Adugodi, Bengaluru, Karnataka 560030, India",,12.9448072,77.610114,3,23.5,Possible category mismatch: drainage; ,True
9731,2020-06-15 11:48:00,1,Kempegowda,"Road side Gutter work in Lake view layout , Venkatala Village, Ye...","Road side Gutter work in Lake view layout , Venkatala Village, Yelehanka is stopped and work is going too delay and workers dig and kept open from long time. These are disturbed for public.",Street lighting,Maintenance/Repair Of Streetlights,Open,0,"Lake Garden, Venkatala Village, Chowdeshwari Layout, Yelahanka, Bengaluru, Karnataka, India",,13.114164,77.5940353,3,23.5,Possible category mismatch: road; ,True
9748,2020-06-17 09:47:00,145,Hombegowda Nagar,Sewage Drain is Open,The drain is open and there is stagnant water. Due to which lot of mosquitoe menaces. Amid Corona this can become a dangerous thing to keep stagnant water. Please help in clearing the open sewage.,"Mobility - Roads, Footpaths and Infrastructure",Construction Of Roadside Drains,Open,0,"13, 4Th Cross Rd, Lakkasandra, Lakkasandra Extension, Wilson Garden, Bengaluru, Karnataka 560030, India",Near Mary Immaculate School,12.9442399,77.5997392,1,10.56,Possible category mismatch: drainage; ,True
9771,2020-06-21 14:06:00,156,Srinagar,Road is blocked for commercial purpose,"There is Two wheeler gerrage , Puncher shop , Hard ware shop at turning junction (blind corner) . shop keepers are using road for commercial purpose and jamming road , and leading to traffic conjection and accidents.",Traffic and Road Safety,Traffic Jams/Congestion Or Bottlenecks,Open,0,"122, Pipeline Rd, Brindavan Nagar, Gavipura, Kempegowda Nagar, Bengaluru, Karnataka 560050, India",Just diagonal back side of the siddhi vinayaka templs,12.94480139,77.55724286,1,10.56,Possible category mismatch: road; ,True
9773,2020-06-21 21:10:00,148,Ejipura,This toilet waste has been dumped on the road for past 3 days but...,"This toilet waste has been dumped on the road for past 3 days but no person from BBMP came to remove it. 
Please do something about this,  it is creating fowl smell & diseases over this residential area.",Garbage and Unsanitary Practices,Clearance Of Garbage Dump Or Black Spot,Open,0,"5, 20Th H Cross Rd, Ashwini Layout, Ejipura, Bengaluru, Karnataka 560047, India",,12.94211903,77.62833003,22,63.9,Possible category mismatch: road; ,True
9801,2020-06-25 13:31:00,10,Dodda Bommasandra,Past 3 months the Drainage / Gatter Block due to construction work done upside of the line,"Past 3 months, the Pit / Drainage / gatter is blocked due to house construction work done by people who are staying upside of the 3 main road, Our house is little downside of the line, hence all the mud accumulated near our house.",Garbage and Unsanitary Practices,Clearance Of Garbage Dump Or Black Spot,Open,1,"10, 3Rd Main Rd, Vemanna Layout, Nanjappa Layout, Chamundeswari Layout, Jalahalli East, Bengaluru, Karnataka 560097, India",Near Sangeeta Mobile showroom,13.06554874,77.55902027,12,50.36,Possible category mismatch: drainage; ,True
9804,2020-06-25 15:48:00,188,Bilekahalli,Three is daily power cut in our area. that to. more than one hour...,"Three is daily power cut in our area. that to. more than one hour. As you all aware we are doing work from home, kids has school and exams..  Very difficult to manage.So please look into this",Street lighting,Maintenance/Repair Of Streetlights,Open,0,"Vijayabank Layout Park, 8Th Main Road, Sundar Ram Shetty Nagar, Bilekahalli, Bengaluru, Karnataka, India",,12.8899213,77.6075184,11,47.83,Possible category mismatch: electricity; ,True
9807,2020-06-26 09:49:00,90,Ulsoor,This narrow road has seen too many  accidents plus deaths of poor...,"This narrow road has seen too many  accidents plus deaths of poor dogs and cats as people speed past as it’s a one way  . There is no speed bump, proper lighting or reflectors on the side of the road, leading to many avoidable mishaps. The traffic police MUST instal it for the safety of residents and animals on this narrow road.",Traffic and Road Safety,Installation Of Traffic Sign Boards,Open,0,"Aga Abbas Ali Road, Yellappa Garden, Yellappa Chetty Layout, Sivanchetti Gardens, Bengaluru, Karnataka, India",,12.9761265,77.6175461,1,10.56,Possible category mismatch: road; ,True
7474,2020-07-01 06:48:00,24,HBR Layout,Service road next to HBR Layout big Park is completely filled wit...,"Service road next to HBR Layout big Park is completely filled with garbage and waste, shameful maintenance and path holes with smell. unable to walk to the road for walkers including senior citizens and ladies. clean the service road immidiate.",Garbage and Unsanitary Practices,Clearance Of Garbage Dump Or Black Spot,Resolved,2,"559, 5Th Black, 7Th Main Rd, 1St Stage, Hbr Layout, Bengaluru, Karnataka 560045, India",,13.032999,77.6267101,28,70.14,Possible category mismatch: road; ,True
7475,2020-07-01 06:59:00,24,HBR Layout,Service road next to HBR big park is completely filled with garba...,"Service road next to HBR big park is completely filled with garbage and waste, shameful maintenance and pathholes. unable to walk to the road for walkers including senior citizens and ladies. clean the service road immidiate.",Garbage and Unsanitary Practices,Clearance Of Garbage Dump Or Black Spot,Resolved,2,"1811, 5Th Block, 1St Stage, Telecom Layout, Hbr Layout, Bengaluru, Karnataka 560043, India",,13.0361739,77.6282087,28,70.14,Possible category mismatch: road; ,True
8115,2020-07-02 08:45:00,192,Begur,Sewage connection and Roadwork pending,"(ward #192) BWSSB needs to do the sewage connection to chamber before laying roadwork. We have requested several times but shown no interest till now. Recently stones layed on mud road without leveling or rolling, so vehicles are skidding please attend this area n complete the roadwork properly with tarring, rolling and sewage connect to chamber","Mobility - Roads, Footpaths and Infrastructure",Tarring Or Asphalting Of Mud/Kutcha/Unpaved Road,Resolved,2,"1St Cross, Nobel Residency Rd, Central Excise Layout, Phase 2, Tejaswini Nagar, Bengaluru, Karnataka 560076, India",Near virinchi badminton court,12.86128165,77.60056066,23,65.57,Possible category mismatch: drainage; ,True
8754,2020-07-03 11:20:00,120,Cottonpete,2 Pipeline to be removed and rods lying on road seems dangerous,2 concrete pipelines to be removed and road requires repaired after installation of new pipeline...,Garbage and Unsanitary Practices,Open Manholes Or Drains,Open,0,"211, Cottonpet Main Rd, Subhash Nagar, Cottonpete, Bengaluru, Karnataka 560053, India",Bescom opposite cross,12.9712659,77.570259,1,10.56,Possible category mismatch: road; ,True
8760,2020-07-03 14:32:00,24,HBR Layout,FootPath Occupied by Shop Vendors,"The foot path is occupied by Shop vendors, and causing congestion to walkers and causing accident to old people's, and school children's 
Inspite of complaints no one solving issue,

From Indian Academy pu college to Avis car,",Traffic and Road Safety,Traffic Jams/Congestion Or Bottlenecks,Open,0,"#1,9 Cross 9 Main Hennur Cross, Post, Hbr Layout 4Th Block, Kalyan Nagar, Bengaluru, Karnataka 560043, India",Royal Chicken,13.0328385,77.6332651,4,27.84,Possible category mismatch: road; ,True
8764,2020-07-03 18:09:00,161,Hosakerehalli,"Widening of road near Nice junction, Veerabhadra Nagara, Outer Ring Road","The road near Nice road junction, in the outer ring road after Nayandahalli towards Avalahalli New layout is very congested. though the Government and NICE company road is available to de-congest the road the government is not making any effort as a result we the commuter has to suffer a lot to cross a stretch of 500 meters. We have to give a representation to the Government to take back the vacant land from NICE Company and with other available Govt. land the road needs to be widened to avoid heavy traffic jam, which is very very necessary.",Traffic and Road Safety,Traffic Jams/Congestion Or Bottlenecks,Open,0,"Outer Ring Rd, Banashankari 3Rd Stage, Banashankari, Bengaluru, Karnataka 560085, India",Nice road junction near Nayandahalli,12.9344948,77.5345164,1,10.56,Possible category mismatch: road; ,True
8769,2020-07-03 22:28:00,165,Ganesh Mandir,Closing of drainage,There is sewage behind our house which is not closed and many people urinate and dump garbage creating faul smell and place for breeding mosquitoes,Garbage and Unsanitary Practices,Clearance Of Garbage Dump Or Black Spot,Open,0,"9Th Main Road Thyagaraj Nagar, Banashankari Stage Ii, Banashankari, Bengaluru, Karnataka 560070, India",Banashankari police station thyagarajanagar,12.9291904,77.5678237,10,45.78,Possible category mismatch: drainage; ,True
8770,2020-07-03 23:49:00,191,Singasandra,"There are 4 lights provided inside GSS Layout in 4th cross road,...","There are 4 lights provided inside GSS Layout in 4th cross road,  VGP layout,  kudlu out of which 3 street lights are not litted up due to repair.  please help to get it resolved soon.",Street lighting,Maintenance/Repair Of Streetlights,Open,1,"Vgp Layout, Kudiu, Karnataka, India",,12.8915978,77.6528966,20,60.93,Possible category mismatch: road; ,True
9659,2020-07-06 13:17:00,193,Arekere,SEWAGE WATER MIXED WITH CORPORATION WATER,"Sewage water is getting mixed with the corporation water. This has been occurring very frequently. Due to this people are falling sick. There has been no permanent resolution , please get this fixed at earliest.",Water Supply and Services,Regular Water Supply,Open,0,"70/w, Pai Layout, Hulimavu, Bengaluru, Karnataka 560076, India",CAPITAL SUPERMARKET,12.87909098,77.60119074,4,27.84,Possible category mismatch: drainage; ,True
9663,2020-07-06 19:22:00,183,Chikallasandra,No lights at Ittamadu & Ring road junctions at Banashankari 3rd s...,No lights at Ittamadu & Ring road junctions at Banashankari 3rd stage,Street lighting,Maintenance/Repair Of Streetlights,Open,0,"1/a, Outer Ring Road, Banashankari Stage 3, Bengaluru Urban, In, India",,12.92724155,77.54706079,9,42.94,Possible category mismatch: road; ,True
9666,2020-07-06 21:07:00,25,Horamavu,Drainage is there before  lockdown,Drainage is there before  lockdown,"Mobility - Roads, Footpaths and Infrastructure",Fixing/Reparing Potholes,Open,0,"Ebenezer School Road, Horamavu, Bengaluru Urban, In, India",,13.0235209,77.66297291,99,94.44,Possible category mismatch: drainage; ,True
10055,2020-07-08 17:00:00,57,C V Raman Nagar,Sewage open,The stone above the sewage is open on the side path,"Mobility - Roads, Footpaths and Infrastructure",Fixing/Reparing Potholes,Open,0,"19Th I Cross Rd, Kaggadasapura, Bengaluru, Karnataka 560093, India",Next to maramma temple,12.9814828,77.6777253,25,68.15,Possible category mismatch: drainage; ,True
9917,2020-07-13 09:26:00,7,Byatarayanapura,Sewage Overflowing,"For over a year, the sewage is over flowing. Even though we complained to the authorities no action to solve the problem.",Garbage and Unsanitary Practices,Clearance Of Garbage Dump Or Black Spot,Open,9,"Esteem Nivasa 5Th Cross K.v.g Road, G Ramaiah Layout, Muniswamy Gowda Layout, Hebbal Kempapura, Bengaluru, Karnataka 560024, India","Next street to Suma Public School, Hebbal",13.04677102,77.59934656,43,80.48,Possible category mismatch: drainage; ,True
9943,2020-07-18 18:09:00,6,Thanisandra,Holes and water logging,"It has been seen this area and specially our street is in bad shape almost from decade. So far, none of the incharge has been shown any interest to take care of our area and street comparing to other streets. Hence, it's our earnest request and grieveince to kindly look into this very dangerous issues and rectify at your earliest. Our earnest request to our area Corporator to at least, come forward and do the needful.

Regards,","Mobility - Roads, Footpaths and Infrastructure",Fixing/Reparing Potholes,Open,0,"387, 6Th Cross, Ashwath Nagar, Thanisandra, Bengaluru, Karnataka 560077, India",Near Sadiq Masjid 6th cross,13.0513115,77.6331673,79,90.85,Possible category mismatch: drainage; ,True
9949,2020-07-19 21:03:00,185,Yelchenahalli,Very unhygienic comdition. Please clear the entire  road. Near Ba...,"Very unhygienic comdition. Please clear the entire  road. Near Banashankari Balaji paradise , old po lane, Kanakapura road, yelachanahalli",Garbage and Unsanitary Practices,Clearance Of Garbage Dump Or Black Spot,Open,1,"Balaji Apartment Road, Yalanchenahalli, Bengaluru Urban, In, India",,12.90113234,77.57169493,15,54.56,Possible category mismatch: road; ,True
9950,2020-07-19 22:24:00,160,Rajarajeshwari Nagar,Streetlights not lit and the whole road is totally blacked out,Streetlights not lit and the whole road is totally blacked out,Street lighting,Maintenance/Repair Of Streetlights,Open,0,"23Rd Main Road, Ideal Homes Layout, Kenchenhalli, Rr Nagar, Bengaluru, Karnataka 560098, India",,12.9327745,77.5135429,27,69.46,Possible category mismatch: road; ,True
9954,2020-07-21 08:48:00,32,Kaval Bairasandra,Road never gets cleaned,The bbmp lady responsible for cleaning this lane is very irresponsible and arrogant when it comes to cleaning which she never does. Every single time i have to complaint to clearing the garbage and cleaning it untill they receive the compalint they never bother to look into the matter,Garbage and Unsanitary Practices,Clearance Of Garbage Dump Or Black Spot,Open,0,"13, 4Th Cross Rd, Ganesha Block, Sultanpalya, Hebbal, Bengaluru, Karnataka 560032, India","4th cross, Venkatappa layout, Ganesha block",13.0253287,77.6017171,34,75.16,Possible category mismatch: road; ,True
9960,2020-07-21 20:03:00,40,Dodda Bidarakallu,?? ??????? ???????? ??????? ?????? ????????? ?????????? ????? ???...,?? ??????? ???????? ??????? ?????? ????????? ?????????? ????? ????? ????? ?????????? ????? ????????????? ??????????????????.,Garbage and Unsanitary Practices,Clearance Of Garbage Dump Or Black Spot,Open,0,"Tumkur Road, Manjunatha Nagar, Anchepalya, Bengaluru, Karnataka, India",,13.0494094,77.4955717,4,27.84,Insufficient information in title; ,True
9968,2020-07-23 00:15:00,86,Marathahalli,Power cut and no electrician,Power cut and no electrician,"Mobility - Roads, Footpaths and Infrastructure",Fixing/Reparing Potholes,Open,0,"Marathahalli, Bengaluru, Karnataka, India",,12.956924,77.701127,12,50.36,Possible category mismatch: electricity; ,True
9998,2020-07-28 16:01:00,52,K R Puram,"Road encroachment in garden city college road, Bhattarahalli, KR puram","This is to bring your kind attention about road encroachment in the address: 1st main, garden avenue layout/peerless colony, garden city college road, bhattarahalli, KR puram. Exact place: opposite Akshay beakery.

Complaint 1: In the 1st main road starting area, the road has been encroached by two owners, on the right hand side one apartment has three constructed with shutter rooms for commercial purposes, (shop name Akshay beakery), the building owner (Mr. Xxx ) has encroached 6 feet government road from 30 feet road and also constructed one blue colour room on the road itself and has blocked the complete 1st main road, now, there is only 10 feet road is available out of 30 feet road and vehicle crossing literally task and not possible at all. Kindly Investigate and take appropriate action and widen the road before any major accidents happen. 

Complaint 2: In the 1st main road starting area, after crossing the apartment, left hand side three shutter rooms and house have been constructed by owner Mr. Robert (land mark: coconut tree house) for commercial purposes and has encroached 5 feet government road from 30 feet road and blocked the road completely, now there is only 15 feet is available which we cannot turn the in this cross road, daily accidents are happening due to blind spot.

These two people are neighbors and have blocked the entrance of 1st main road and  enchroching the government land, there was a complaint also given in Mahadevpura BBMP officer Mr. Nagappa and Jagadeeh but no resolution. However when we all requested for road extension these people threatening everyone and warn us to give complaint.

Kindly take serious action on them and extend the road for people commute without any road accidents.

Regards

Garden avenue layout, peerless colony.

Residents:

Dinesh Babu
John
James
Kumar
Srinivas
Santhosh
Sharath
Jagadeeh
Vijay Reddy
Srinivas gowda
Bharath
Jagan
Sagar
mahendra",Traffic and Road Safety,Traffic Jams/Congestion Or Bottlenecks,Resolved,1,"Pearless Colony, 15, Batrahalli Rd, Battarahalli, Bengaluru, Karnataka 560049, India",Opposite Askhay bakery,13.02358058,77.70594925,2,17.95,Possible category mismatch: road; ,True
10005,2020-07-29 15:34:00,53,Basavanapura,"When rain comes, water stays in the road. culvert is preventing w...","When rain comes, water stays in the road. culvert is preventing water to clear in the drains. people are suffering. please take action as soon as possible.",Street lighting,Maintenance/Repair Of Streetlights,Re-opened,3,"77, Gayathri Layout 3Rd Phase, 3Rd Phase, Gayatri Layout, Krishnarajapura, Bengaluru, Karnataka 560036, India",,13.01327384,77.70867688,9,42.94,Possible category mismatch: road; ,True
7492,2020-08-01 08:37:00,142,Sunkenahalli,No road sweeper since months very bad road conditions,No road sweeper since months very bad road conditions,Garbage and Unsanitary Practices,Clearance Of Garbage Dump Or Black Spot,Resolved,2,"123/2, Mahantara Lay Out, Kempegowda Nagar, Bengaluru, Karnataka 560019, India",,12.9532482,77.5670524,14,53.23,Possible category mismatch: road; ,True
7493,2020-08-01 09:37:00,56,A Narayanapura,None of the Streetlights are working on Old Madras Road from Pai...,"None of the Streetlights are working on Old Madras Road from Pai Layout 1st Main to Nagavarpallya Main Road. As there is no footpath and garbage being dumped near the Railway Overbridge, it is causing lot of inconvenience and safety issue for the pedestrians at night. Please fix these Streetlights on priority.",Street lighting,Maintenance/Repair Of Streetlights,Resolved,2,"Skyline Rk Atlantis, Swamy Vivekananda Road, Sakshi Nagar, Pai Layout, Mahadevapura, Bengaluru, Karnataka, India",,12.9940491,77.6650906,6,35.12,Possible category mismatch: road; ,True
7504,2020-08-01 18:50:00,153,Jayanagar,No parking,No parking,Garbage and Unsanitary Practices,Clearance Of Garbage Dump Or Black Spot,Resolved,2,"Digimasol, Rashtriya Vidyalaya Road, 2Nd Block, Basavanagudi, Bangalore, Karnataka, India",,12.9410991,77.5798284,15,54.56,Possible category mismatch: traffic; ,True
7505,2020-08-01 18:51:00,153,Jayanagar,No parking,No parking,Garbage and Unsanitary Practices,Clearance Of Garbage Dump Or Black Spot,Resolved,1,"Digimasol, Rashtriya Vidyalaya Road, 2Nd Block, Basavanagudi, Bangalore, Karnataka, India",,12.9410991,77.5798284,15,54.56,Possible category mismatch: traffic; ,True
8138,2020-08-02 06:20:00,113,Konena Agrahara,Inspite of my repeated requests no action. No lights on this road...,Inspite of my repeated requests no action. No lights on this road near Rajeshwari theatre on old Airport Road,Street lighting,Maintenance/Repair Of Streetlights,On-the-Job,1,"57/2, Old Airport Road, Konena Agrahara, Bangalore, In, India",,12.95905342,77.66068997,14,53.23,Possible category mismatch: road; ,True
8141,2020-08-02 11:07:00,184,Uttarahalli,"Drainage overflow,  when i checked with BWSSB,  they said ut is n...","Drainage overflow,  when i checked with BWSSB,  they said ut is not under them and still with BBMP.  So please do the needful",Garbage and Unsanitary Practices,Clearance Of Garbage Dump Or Black Spot,On-the-Job,2,"80 Feet Rd, Banashankari 6Th Stage 1St Block, Bharath Housing Society Layout, Subramanyapura, Bengaluru, Karnataka 560062, India",,12.8933931,77.5245003,20,60.93,Possible category mismatch: drainage; ,True
8152,2020-08-02 19:08:00,150,Bellanduru,The footpath of marthahalli underpass is full of wastes. dead rat...,The footpath of marthahalli underpass is full of wastes. dead rats and dogs are seen on both side footpaths,Garbage and Unsanitary Practices,Clearance Of Garbage Dump Or Black Spot,Open,0,"Marathahalli Bridge, Outer Ring Road, Marathahalli, Bengaluru, Karnataka, India",,12.9326919,77.6880365,68,89.0,Possible category mismatch: road; ,True
8777,2020-08-03 09:19:00,160,Rajarajeshwari Nagar,"The road on 2nd cross Dwarka nagar, on Daily ice cream stretch is...","The road on 2nd cross Dwarka nagar, on Daily ice cream stretch is collected with street and filth dust . The road has not been cleaned for over 2 months , please depute your concerned incharge before this leads to serious health concerns .",Garbage and Unsanitary Practices,Clearance Of Garbage Dump Or Black Spot,Open,0,"Vishnuvardan Road Uttarahalli Kengeri, Channasandra, Rr Nagar, Bengaluru, Karnataka 560098, India",,12.9035039,77.5226463,40,79.46,Possible category mismatch: road; ,True
8778,2020-08-03 09:20:00,199,Other,Road from huskur road to Esteem Emblem apartment,Road is completely damaged. A lot of garbage are dumped on the road,Garbage and Unsanitary Practices,Clearance Of Garbage Dump Or Black Spot,Open,0,"605 A, Esteem Emblem, Ananth Nagar, Phase 1, Kammasandra, Electronic City, Bengaluru, Karnataka 560100, India",Huskur gate,12.8382046,77.6850357,116,96.25,Possible category mismatch: road; ,True
8787,2020-08-03 12:27:00,182,Padmanabha Nagar,Potholes,Potholes have cropped up along the road due to poor asphalting of road and the potholes are getting bigger and bigger as it rains. The road usage has reduced to 50 % .,"Mobility - Roads, Footpaths and Infrastructure",Fixing/Reparing Potholes,Open,0,"7/61/2, 7Th Cross Rd, Rk Layout 2Nd Stage, Padmanabhanagar, Bengaluru, Karnataka 560070, India","1stmain , padmanabahanagar",12.9182914,77.5615819,1,10.56,Insufficient information in title; ,True
8795,2020-08-03 14:44:00,199,Other,Potholes,There are big potholes near huskur gate and toward fruit market.,"Mobility - Roads, Footpaths and Infrastructure",Fixing/Reparing Potholes,Open,0,"Huskur Rd, Kammasandra, Electronic City, Bengaluru, Karnataka 560100, India",Huskur gate towardd fruit market,12.8362244,77.6794607,148,98.51,Insufficient information in title; ,True
9387,2020-08-05 10:50:00,109,Chickpet,Over flowing of draniage water and bad smell,Over flowing of draniage water and bad smell,"Mobility - Roads, Footpaths and Infrastructure",Fixing/Reparing Potholes,Open,0,"10, Kv Temple Street Cross, Santhusapet, Sultanpete, Bengaluru, Karnataka 560053, India",,12.9697646,77.5732399,9,42.94,Possible category mismatch: garbage; ,True
10302,2020-08-09 07:42:00,145,Hombegowda Nagar,Strom water drain cover is broken for 3 months and none of the BB...,"Strom water drain cover is broken for 3 months and none of the BBMP officials are attending to it owing to Covid workload. Location : 9th Cross, Wilson Garden, Ward No. 145 (opposite Wilson Garden Club)",Sanitation,Repair  of broken storm water drains,Open,0,"Wilson Garden Club, 9Th Cross Road, Vinayaka Nagar, Wilson Garden, Bengaluru, Karnataka, India",,12.9484178,77.5960922,1,10.56,Possible category mismatch: drainage; ,True
11207,2020-08-12 12:25:00,169,Byrasandra,???????? ????? ???? ????? ???? ??? compound ????? ?????????. ????...,???????? ????? ???? ????? ???? ??? compound ????? ?????????. ?????? ???? ?????? gate ????? ??????? bbmp ???????? ?????? ??????? ???????????????? ??????????.,Yellow Spot,Report Garbage or Debris on Footpath,Open,0,"184, 7Th B Main Road, Jayanagar East, Jaya Nagar 1St Block, Jayanagar, Bengaluru, Karnataka, India",,12.931929,77.582425,1,10.56,Insufficient information in title; ,True
11212,2020-08-12 15:39:00,7,Byatarayanapura,Urgently require to make a traffic island at Dadarahalli road nea...,Urgently require to make a traffic island at Dadarahalli road near police statin kempapura Amruthahalli Godtej apartment premises. vehicles coming from Ballari road/Amrithahalli/Dadarahalli road make a turning  at this point.. Needs urgent aytentionpleasr,Traffic and Road Safety,Installation Of Traffic or Pedestrain Lights,Open,0,"Hebbal Kempapura, Bengaluru, Karnataka, India",,13.0529125,77.6014859,1,10.56,Possible category mismatch: road; ,True
10110,2020-08-15 16:27:00,33,Manorayanapalya,Condition of roads and sewage lines,"The road in the locality hasn't been tarred for the past 10 years. Also the sewage chamber gets blocked very often causing trouble for the residents. I had previously commented on another complaint posted by a resident of the same locality. But apart from cleaning the drainage, no other action with regard to the tarring of roads or sewage chamber issues has been taken so far causing inconvenience to the residents.","Mobility - Roads, Footpaths and Infrastructure",Tarring Or Asphalting Of Existing Road,Open,0,"11, 2Nd Main Rd, Seethappa Layout, Chamundi Nagar, Hebbal, Bengaluru, Karnataka 560032, India",Annapoorna Rice Traders,13.0325869,77.6040961,2,17.95,Possible category mismatch: drainage; ,True
10123,2020-08-15 21:54:00,191,Singasandra,Need to fix the open sewage,"The sewage area is 
open. The whole area has become a garbage  swamp. Attracting pigs,  Mosquitoes. The area stinks & may cause diseases. Please do the needful",Garbage and Unsanitary Practices,Clearance Of Garbage Dump Or Black Spot,Open,0,"Aishwarya Crystal Layout, Manipal County Rd, Aishwarya Crystal Layout, Singasandra, Bengaluru, Karnataka 560068, India",ARATT ROYAL CITADEL opposite road,12.8759675,77.6416844,40,79.46,Possible category mismatch: drainage; ,True
10141,2020-08-18 14:48:00,43,Nandini Layout,No Electricity LED in 25th main road since many days,No electricity LED bulb installed in two poles since many days. One old tube light blinking around the night. Please install new LEDs for this street,Street lighting,Maintenance/Repair Of Streetlights,Open,0,"25Th Main Rd, Bhel Layout, Sreenivas Nagar, Nandini Layout, Bengaluru, Karnataka, India",Near mathigowda ration depo,13.0106529,77.5309306,2,17.95,Possible category mismatch: road; ,True
10142,2020-08-18 16:43:00,19,Sanjay Nagar,"Moving of transformer.

they are shifting the transformer from va...","Moving of transformer.

they are shifting the transformer from vacant place to narrow road where the big tree branches r falling.
infact there is a problem in the existing electric pole.
its a curve where busses run often.. 
we residents want to object for the shifting..
also its being installed on the road not even on the footpath.
need some urgent solution for the same.
thank you",Street lighting,Maintenance/Repair Of Streetlights,Open,0,"270, Bhoopasandra Main Road, Byrappa Layout, R.m.v. 2Nd Stage, Bengaluru, Karnataka, India",,13.042407,77.575177,5,31.57,Possible category mismatch: electricity; ,True
10157,2020-08-20 09:17:00,11,Kuvempu Nagar,Darinage construction work stopped and no street light,"From about 30 days the darinage construction work is stopped . But it is left open becuase they had to cut the road to complete the work , they delaying it . As there is a turn and no street light , yesterday a big trunk's tyre fell in to it and the loaded truck fell in to our house. 

Moveover there is no street light too on the turning , which is making the situation more worst . 

Please compete the drainage cmenting plastering work as soon as possible and also add a streetlight .","Mobility - Roads, Footpaths and Infrastructure",Construction Of Roadside Drains,Open,4,"1B, Coconut Garden, Ramachandrapura, Jalahalli, Bengaluru, Karnataka 560013, India","1 B , near R D international school, Gangamma layout ,Jalahalli",13.05935476,77.5498759,1,10.56,Possible category mismatch: streetlight; ,True
10160,2020-08-20 15:15:00,52,K R Puram,Manhole Chamber - Obstruction to 4 Wheeler.,In subashnagar 4th Main manhole chamber is big obstruction to 4 wheeler movements. Because of this no 4 wheeler user is able to use this important junctions. I request to kindly make note of this and get nicely concreted around this manhole so that it doesn't cause any damage to 4 wheeler passing over them. Sharing photos for reference.,"Mobility - Roads, Footpaths and Infrastructure",Fixing/Reparing Potholes,Open,0,"5Th Cross Subash Nagar, Nh 4, Sannatammanahalli, Krishnarajapura, Bengaluru, Karnataka 560049, India",Near Balaji Traders (Karnataka Medical),13.01829138,77.70606191,3,23.5,Possible category mismatch: drainage; ,True
10188,2020-08-23 12:42:00,174,HSR Layout,Water supply issue- there has been no water in this area since 4p...,Water supply issue- there has been no water in this area since 4pm yesterday. Despite calling BWSSB only vague answers are being given but the issue and when the water will come back. absolutely no sense of urgency regarding this issue at all.,"Mobility - Roads, Footpaths and Infrastructure",Fixing/Reparing Potholes,Open,0,"1549, 26Th Main Rd, Bda Layout, Hsr Layout, Bengaluru, Karnataka 560102, India",,12.90437465,77.6504743,32,73.53,Possible category mismatch: water; ,True
10223,2020-08-28 12:24:00,110,Sampangiram Nagar,Jsishnzoshdbs,Hskabdisndhdjanbd,Garbage and Unsanitary Practices,Clearance Of Garbage Dump Or Black Spot,Open,0,"74, Veera Pillai St, Sivanchetti Gardens, Halasuru, Karnataka 560042, India",IIIT,12.98264564,77.61170618,36,75.73,Insufficient information in title; ,True
10234,2020-08-29 23:52:00,199,Other,Pathhole and Drainage water,"Pathhole and Drainage water along with plastic garbage, looks very dirty and not able to cross the road","Mobility - Roads, Footpaths and Infrastructure",Fixing/Reparing Potholes,Open,0,"Inside Gardenia Lay Out Do, Silicon Town, Electronic City, Doddanagamangala Village, Karnataka 560100, India",Near to Raju Hotel and next to Domino’s,12.85537544,77.67426984,148,98.51,Possible category mismatch: drainage; ,True
10246,2020-08-31 18:29:00,11,Kuvempu Nagar,Timber providers have encroached the road and causing traffic,Timber providers have encroached the road and causing traffic,Garbage and Unsanitary Practices,Clearance Of Garbage Dump Or Black Spot,Open,0,"1A, 1St Defence Road, Vidyaranyapura, Bengaluru Urban, In, India",,13.08577698,77.55572012,24,66.94,Possible category mismatch: road; ,True
10249,2020-08-31 21:52:00,9,Vidyaranyapura,"We have one drain opened next to our apartment from many years, this is to be closed","We have one drain opened next to our apartment from many years, this is to be closed. It stinks very badly. Please arrange to close the drain (Moree in Kannada).",Garbage and Unsanitary Practices,Clearance Of Garbage Dump Or Black Spot,Open,0,"Doddabommasandra, Bengaluru, Karnataka 560097, India",Opp: Kala Indian Oil Petrol Bunk,13.060454,77.5620227,24,66.94,Possible category mismatch: drainage; ,True
7520,2020-09-01 11:35:00,149,Varthur,Clear soil-dust-mud deposited along the roadside - Panathur main road,"Clear the soil-dust-mud deposited along the roadside on Panathur road.
every time road is cleaned the dust is pushed along the road side and never picked up.
now the footpaths and roads all are dirty and dust floats in the air. Please clean the road",Garbage and Unsanitary Practices,Clearance Of Garbage Dump Or Black Spot,Resolved,2,"Panathur Road, Kadubeesanahalli, Panathur, Bengaluru, Karnataka 560103, India",Panathur road,12.9372079,77.7024251,56,85.0,Possible category mismatch: road; ,True
7522,2020-09-01 14:18:00,190,Mangamannapalya,Non existent roads full of water logging and potholes,"The road is in a very bad condition here. Some part of the road is dug up while other has potholes. Debris can be spotted in some sections. Also, the footpath is not clean. The area is full of dust and dirt. There are multiple shops on this road and it is heavily used for commute by residents. Trucks/tractors also use this road and due to the poor quality, this becomes a traffic bottleneck.

Request you to kindly get this repaired ASAP. This is the case for all the roads in this area including Silver County Road.","Mobility - Roads, Footpaths and Infrastructure",Fixing/Reparing Potholes,On-the-Job,1,"278, Somasundarapalya Main Rd, Hsr Layout, Bengaluru, Karnataka 560068, India",Near Drivezy Car Park,12.89555964,77.65097562,29,71.79,Possible category mismatch: drainage; ,True
8161,2020-09-02 08:23:00,196,Anjanapura,BBMP damaged electric connection given to house while doing prep work for road,"Yesterday morning, Feb 9th: BBMP while doing preparation tasks For laying road damaged my electric cable connection. I don’t have power at home. I want BBMP representative to contact me for this issue. It should be fixed as soon as possible",Electricity and Power Supply,Regular Supply Of Electricity,Open,0,"299, 2Nd Cross Rd, 2Nd Block, Silicon Enclave Residential Layout, 8Th Phase, J. P. Nagar, Bengaluru, Karnataka 560062, India",Close to arpitha store,12.8804122,77.57151896,2,17.95,Possible category mismatch: road; ,True
8164,2020-09-02 14:00:00,111,Shantala Nagar,"Why roads  r not swept, near side drain and if swept also they pu...","Why roads  r not swept, near side drain and if swept also they push everything in to the drain .pls look into it.",Garbage and Unsanitary Practices,Clearance Of Garbage Dump Or Black Spot,Open,0,"Karnataka State Hockey Stadium, Rhenius Street, Langford Town, Langford Gardens, Bengaluru, Karnataka, India",,12.961748,77.6006211,38,78.17,Possible category mismatch: drainage; ,True
8168,2020-09-02 17:34:00,187,Puttenahalli,Drainage is under construction since 2months and due to heavy tra...,Drainage is under construction since 2months and due to heavy traffic in the road there is an dust which is leading to respiratory problems in elders,"Mobility - Roads, Footpaths and Infrastructure",Fixing/Reparing Potholes,Open,1,"5-23, 4Th Main Rd, Bob Colony, Phase 7, J. P. Nagar, Bengaluru, Karnataka 560078, India",,12.8968085,77.5825813,28,70.14,Possible category mismatch: drainage; ,True
8818,2020-09-03 08:38:00,25,Horamavu,There is a leaking Cauvery Water Pipeline in the entrance of 1st...,"There is a leaking Cauvery Water Pipeline in the entrance of 1st Cross Grace Road, Hennur, Bangalore. The water has been leaking from many days filling the roads with water and making it difficult to commute smoothly. Save water, save life.","Mobility - Roads, Footpaths and Infrastructure",Flooding/Waterlogging Of Roads And Footpaths,Open,1,"Hennur Junction, Meganahalli, Kalyan Nagar, Bengaluru, Karnataka 560043, India",,13.02796335,77.63305348,13,51.41,Possible category mismatch: water; ,True
8820,2020-09-03 09:08:00,192,Begur,Roadside Drainage work is incomplete,"Drainage work has not been completed at this place. There is a small strech to Rajakalva has not been connected, which will result in drainage leakage during rainy days.","Mobility - Roads, Footpaths and Infrastructure",Construction Of Roadside Drains,Open,0,"438, 13Th Main Rd, Mico Layout, Hongasandra, Bengaluru, Karnataka 560068, India",Opp to Kirubanidhi School,12.8902506,77.6292041,12,50.36,Possible category mismatch: drainage; ,True
8826,2020-09-03 10:20:00,45,Malleswaram,Drainage water leakage plz fix it asap,Drainage water leakage plz fix it asap,Garbage and Unsanitary Practices,Clearance Of Garbage Dump Or Black Spot,Open,0,"639, 8Th Cross Road, Yeshwanthpur, Bangalore, In, India",,13.02502635,77.55936895,11,47.83,"Possible category mismatch: drainage, water; ",True
8828,2020-09-03 10:27:00,85,Dodda Nekkundi,Streeghtlights are always turned on on Varthur road even during d...,Streeghtlights are always turned on on Varthur road even during day time. observing this for second time.,Street lighting,Maintenance/Repair Of Streetlights,Open,0,"Tubarahalli, Whitefield, Bengaluru, Karnataka, India",,12.9520393,77.7208853,25,68.15,Possible category mismatch: road; ,True
9682,2020-09-06 10:38:00,25,Horamavu,Tree branches need to be cleared. it is kept in road. please take...,"Tree branches need to be cleared. it is kept in road. please take necessary action at the earliest. it has been there from last 10 days. 
location: 3rd cross, 8th main road, hoysala Nagar, ramamurthy Nagar.",Garbage and Unsanitary Practices,Clearance Of Garbage Dump Or Black Spot,Open,0,"29, 3Rd Cross Road, Hoysala Nagar, Ramamurthy Nagar, Bengaluru, Karnataka, India",,13.0173724,77.6684567,68,89.0,Possible category mismatch: road; ,True
9683,2020-09-06 10:48:00,25,Horamavu,Tree branches needs to be cleared. it is kept in road. From past...,"Tree branches needs to be cleared. it is kept in road. From past ten says, we are requesting BBMP forest dept people. but no response. 
Today also I have spoke to BBMP mahadevapura control room. No proper response from them as well. 
kindly take necesssry action at the earliest.",Garbage and Unsanitary Practices,Clearance Of Garbage Dump Or Black Spot,Open,0,"29, 3Rd Cross Road, Hoysala Nagar, Ramamurthy Nagar, Bengaluru, Karnataka, India",,13.0173724,77.6684567,68,89.0,Possible category mismatch: road; ,True
9688,2020-09-06 17:11:00,85,Dodda Nekkundi,AECS Layout main road had become very narrow dur to pipe digging...,AECS Layout main road had become very narrow dur to pipe digging making it very inconvenient to drive. par help and asphalt the roads.,Street lighting,Maintenance/Repair Of Streetlights,Open,0,"60 Feet Main Road, Aecs Layout - A Block, Aecs Layout, Marathahalli, Bengaluru, Karnataka, India",,12.963912,77.7068755,25,68.15,Possible category mismatch: road; ,True
10070,2020-09-08 15:56:00,29,Kacharkanahalli,Jdjkdjdjdkdkdkd,Jdjkdjdjdkdkdkd,Street lighting,Maintenance/Repair Of Streetlights,Open,0,"59, Netaji Rd, Peace Layout, Kacharakanahalli, Bengaluru, Karnataka 560084, India",,13.013262,77.6353372,8,39.8,Insufficient information in title; ,True
10313,2020-09-09 12:42:00,175,Bommanahalli,Hi I need your help in widening the road as my neighbours have en...,"Hi I need your help in widening the road as my neighbours have encroached the public road with water drums and sheds which leads to conjusted road and vehicles cannot pass in the road please help
To take this issue on priority and do the needful and please don’t disclose my details to my neighbors as I have threatening from
Them",Street lighting,Maintenance/Repair Of Streetlights,Open,0,"118/3, 4Th Main Road, Bommanahalli, Bengaluru Urban, In, India",,12.90851783,77.6221466,7,37.79,Possible category mismatch: road; ,True
10317,2020-09-09 19:03:00,192,Begur,"“L&amp;T”???? drainage system ????, ???? layout ?? complete ????...","“L&amp;T”???? drainage system ????, ???? layout ?? complete ???? ??????????, ?????? 4 ???????? ???????? ??????????, ???? ??????? ???????? ???? ??????? ????. 
???????? ???? ?? ?????? ?????????????? ?????? ??????????? ???????????","Mobility - Roads, Footpaths and Infrastructure",Tarring Or Asphalting Of Mud/Kutcha/Unpaved Road,Open,4,"Mist Layout, Vittasandra, Bengaluru, Karnataka, India",,12.8611343,77.6429306,23,65.57,Possible category mismatch: drainage; ,True
10593,2020-09-10 20:09:00,199,Other,Street lights,Street lights,Traffic and Road Safety,Maintenance/Repair Of Traffic or Pedestrain Lights,Open,0,"Vr Ln, Electronic City, Bengaluru, Karnataka 560100, India",Near to Mlzs school,12.8298354,77.65116,1,10.56,Possible category mismatch: streetlight; ,True
10357,2020-09-13 12:32:00,148,Ejipura,Drain cleaned sediments are still next to the drain. As it rainy...,"Drain cleaned sediments are still next to the drain. As it rainy season, the rain will cause this cleaning effort go back in the drain. 

Please clear these sediments quickly. It’s tax payers money that is used to clean.",Street lighting,Maintenance/Repair Of Streetlights,Resolved,1,"19, 1St A Main Road, 1St A Main Road, St Bed Layout, Bengaluru, 560095, India",,12.93661051,77.62968993,11,47.83,Possible category mismatch: drainage; ,True
10358,2020-09-13 12:38:00,148,Ejipura,The drain sediments have not been cleared after cleaning of drain...,"The drain sediments have not been cleared after cleaning of drains. As it’s rainy season it will cause this to go back in the drains and also the efforts, plus tax payers money. 

Please clear this at the earliest.",Garbage and Unsanitary Practices,Clearance Of Garbage Dump Or Black Spot,Resolved,1,"14, 1St A Main Road, 1St A Main Road, St Bed Layout, Bengaluru, 560095, India",,12.93736107,77.62926003,22,63.9,Possible category mismatch: drainage; ,True
10363,2020-09-13 17:30:00,7,Byatarayanapura,Dumping construction material &amp; blocking the road,"Building shown in the photo where construction happing on the terrace, has dumped the construction material on the road blocking the drainage and road.
This dump not being cleared had become the place for others to throw the garbage.
Request the BBMP authorities to help clearing the road.",Garbage and Unsanitary Practices,Garbage Dumping In Vacant Lot/Land,Open,0,"Sahakar Nagar, Bengaluru, Karnataka, India","Adjecent road to Iyengar Bakery, 20E cross road, 1st main road, C Block, Sanhakara Nagar, Bangalore",13.0623425,77.5871032,6,35.12,Possible category mismatch: road; ,True
10416,2020-09-17 20:30:00,26,Ramamurthy Nagar,Potholes,There is no road its full of pothole with few patches of turmac. On top of this worst traffic these road conditions are making it a living hell,"Mobility - Roads, Footpaths and Infrastructure",Fixing/Reparing Potholes,Open,0,"36, 2Nd Cross Rd, Akshaya Nagar 2Nd Block, Dr Ambedkar Nagar, Ramamurthy Nagar, Bengaluru, Karnataka 560016, India",Road from appam bakery till Ramamurthy nagar,13.0180286,77.6845456,30,72.76,Insufficient information in title; ,True
10455,2020-09-21 14:39:00,174,HSR Layout,No Road for last 4 years,"Dear Mam/Sir,

We are living in this location from Aug 2016. The road is always full of garbage and pit holes. The road has been constructed for more than 3 times but it never last for more than a month. It is full of garbage which is really unhealthy and cause of many serious diseases. The paint on the wall or the benches constructed were of low quality and lasted for less than few days. We need a long lasting solution with proper construction material, Garbage bins , tree plantation. etc.",Garbage and Unsanitary Practices,Clearance Of Garbage Dump Or Black Spot,Open,1,"24Th B Main, Agara Village, 1St Sector, Hsr Layout, Bengaluru, Karnataka 560102, India",Backside of School,12.923401,77.65102,72,89.58,Possible category mismatch: road; ,True
10467,2020-09-23 20:54:00,80,Hoysala Nagar,The Lakshmaiah road sweeper doesn’t sweep roads. It’s been two da...,"The Lakshmaiah road sweeper doesn’t sweep roads. It’s been two days since they swept the road. When residents asked about this, the sweeper talks rude to them. Kindly take necessary action as soon as possible.",Garbage and Unsanitary Practices,Clearance Of Garbage Dump Or Black Spot,Open,0,"21, Lakshmaiah Reddy Road, Ulsoor, Bengaluru Urban, In, India",,12.97844261,77.62654922,30,72.76,Possible category mismatch: road; ,True
10471,2020-09-24 13:54:00,8,Kodigehalli,Dumping of construction waste and blocking the roads and drainage,"Said building is undergoing construction on terrace and all the construction waste is dumped on the road, which is blocking the roads and drainage.
The localities are making use of and dumping the household waste, which can become a place of dumpyard.","Mobility - Roads, Footpaths and Infrastructure",Removal Of Roadside Debris (Construction Material),Open,0,"1884/1, Block C, Cqal Layout, Sahakar Nagar, Bengaluru, Karnataka 560092, India","Adjecent lane to Iyengar Bakery, near to kodigehalli Genesha temple",13.0604563,77.57867272,1,10.56,Possible category mismatch: drainage; ,True
10495,2020-09-28 14:02:00,167,Yediyur,Coffee used paper glasses throughout on the footpath and near pos...,Coffee used paper glasses throughout on the footpath and near post office also,Garbage and Unsanitary Practices,Clearance Of Garbage Dump Or Black Spot,Open,0,Pick Location,,12.9350537,77.5743657,10,45.78,Possible category mismatch: road; ,True
10519,2020-09-30 21:01:00,76,Gayathri Nagar,Overflowing drainage,Overflowing drainage,Sanitation,Repair  of broken storm water drains,Open,0,"2124, D-Block, Gayatrinagar, Rajajinagar, Bengaluru, Karnataka 560021, India",,12.99896644,77.55586915,1,10.56,Possible category mismatch: drainage; ,True
7542,2020-10-01 15:16:00,150,Bellanduru,Need to fix the drain cover.. people can fall in the drain while...,Need to fix the drain cover.. people can fall in the drain while walking. It’s dangerous for people safety,"Mobility - Roads, Footpaths and Infrastructure",Tarring Or Asphalting Of Existing Road,Open,1,"36, Sgr Dental College Road, Sgr Dental College Road, Munekolala, Bengaluru, 560037, India",,12.94962757,77.7015185,130,97.31,Possible category mismatch: drainage; ,True
8183,2020-10-02 16:41:00,150,Bellanduru,Black spot at the Bellandur  Ecospace service road,Black spot at the Bellandur  Ecospace service road,Garbage and Unsanitary Practices,Clearance Of Garbage Dump Or Black Spot,Open,0,"Citilights Liberty, Marathahalli - Sarjapur Outer Ring Road, Bellandur, Bengaluru, Karnataka, India",,12.9277951,77.6794982,68,89.0,Possible category mismatch: road; ,True
8849,2020-10-03 11:17:00,184,Uttarahalli,BBMP is digging newly that tampered road again,BBMP is digging newly that tampered road again,Street lighting,Maintenance/Repair Of Streetlights,Open,0,"80 Feet Road, Deepika Layout, Gubbalala, Subramanyapura, Bengaluru, Karnataka, India",,12.8861323,77.5389137,12,50.36,Possible category mismatch: road; ,True
9394,2020-10-05 06:49:00,191,Singasandra,My neighbour is putting mesh in drainage result in block of my water,Neighbour put mesh in road side drainage to block my water,"Mobility - Roads, Footpaths and Infrastructure",Construction Of Roadside Drains,Open,0,"No 96/242, Ground Flr, Shivareddy Layout New, Hosa Rd, Naganathapura, Bengaluru, Karnataka 560100, India",Near v b bekary,12.8774465,77.6715099,5,31.57,Possible category mismatch: drainage; ,True
10074,2020-10-08 20:12:00,191,Singasandra,"Provide a drivable road at 1st cross, near Shivaparvathi temple,...","Provide a drivable road at 1st cross, near Shivaparvathi temple, Maruthi layout, Kudlu

I am complaining on this issue from past 9 months.. Shame on you people for this irresponsible behavior",Street lighting,Maintenance/Repair Of Streetlights,Open,0,"Shiva Parvati Temple, Kudlu, Aecs Layout - A Block, Bengaluru, Karnataka, India",,12.886118,77.6526204,20,60.93,Possible category mismatch: road; ,True
10700,2020-10-19 18:03:00,53,Basavanapura,Road blocked due to heap of mud,"Sewage line connection from next layout to our line is recently connected, new pot holes are constructed but the mud around these are left unattended because of which road is blocked",Sewerage Systems,Construction of Sewage Lines,Open,0,"3Rd Cross Road, Bharathi Nagar,house#13, Bharathi Nagar, Krishnarajapura, Bengaluru, Karnataka 560049, India",Next to Nagarjuna residency,13.0146935,77.7225649,1,10.56,Possible category mismatch: road; ,True
10707,2020-10-20 11:22:00,162,Girinagar,"On 7th cross road, Avalahalli BDA layout, BSK 3rd stage. Near the...","On 7th cross road, Avalahalli BDA layout, BSK 3rd stage. Near the park gate entrance. Ward 162.",Garbage and Unsanitary Practices,Clearance Of Garbage Dump Or Black Spot,Open,0,"Giri Nagar, Bengaluru Urban, In, India",,12.94286293,77.54245248,30,72.76,Possible category mismatch: road; ,True
10709,2020-10-21 06:54:00,187,Puttenahalli,Potholes and debris all over,Back gate entry of apollo has potholes deep and debris all over spread in middle of road. It becomes difficult for critical patients to travel in car or ambulance. This has been for last 3-4 months and no one bothered. Please fix potholes as patients travel through this gate.,"Mobility - Roads, Footpaths and Infrastructure",Fixing/Reparing Potholes,Open,0,"154, Iim, 11, Bannerghatta Main Rd, Opposite Krishnaraju Layout, Krishnaraju Layout, Amalodbhavi Nagar, Naga, Bengaluru, Karnataka 560076, India",Iim bangalore,12.89604,77.5994955,28,70.14,Possible category mismatch: garbage; ,True
10714,2020-10-21 14:14:00,199,Other,Potholes,The road is completely damaged in stretch of 50m leading to water logging and traffic jam. The potholes are so big that it can cause serve accident to motorist. Request you to address it urgently,"Mobility - Roads, Footpaths and Infrastructure",Fixing/Reparing Potholes,Open,0,"001, Sai Gardens, Belathur, Kadugodi, Bengaluru, Karnataka 560067, India",Seegehalli village road,13.00968904,77.75902307,148,98.51,Insufficient information in title; ,True
10720,2020-10-22 10:09:00,86,Marathahalli,Drain cover on foot path has been sinked,Near hp petrol bunk the drain cover has been sinked nearly 6 slabs . request u to kindly do the needfull,"Mobility - Roads, Footpaths and Infrastructure",Repair Of Existing Footpaths,Open,0,"1, Hal Old Airport Rd, Marathahalli Village, Marathahalli, Bengaluru, Karnataka 560037, India",Marthahalli,12.95663326,77.69739471,1,10.56,Possible category mismatch: drainage; ,True
10721,2020-10-22 10:16:00,93,Vasanth Nagar,?How 2 cross this part of Palace road. Hugely busy Chalukya Circl...,"?How 2 cross this part of Palace road. Hugely busy Chalukya Circle, streaming traffic. No signal, no help but there IS a #pedestrian ZEBRA crossing! Everyday we risk our lives 2 cross, soCome stand with us ONCE @DCPTrEastBCP @AddlCPTraffic #pedestriansarecitizens?@highgroundtrfps ?",Traffic and Road Safety,Installation Of Traffic or Pedestrain Lights,Open,0,"High Point Building, Raj Bhavan Road, High Grounds, Sampangi Rama Nagar, Bengaluru, Karnataka, India",,12.9850308,77.5878863,1,10.56,Possible category mismatch: road; ,True
10729,2020-10-23 10:30:00,92,Shivaji Nagar,"Dear All 
Please be informed this the status of thimmiah road eve...","Dear All 
Please be informed this the status of thimmiah road everyday ther so much garbage on road that to infornt of perimary school ther is no place to walk for older people and always traffic on this cows it has become a big mess can you please look it to this mess",Garbage and Unsanitary Practices,Build Dry Waste Collection Centre,Open,0,"227, Thimmaiah Road, Shivaji Nagar, Bengaluru Urban, In, India",,12.99003331,77.60891072,1,10.56,Possible category mismatch: road; ,True
10789,2020-10-26 16:21:00,76,Gayathri Nagar,Debris created due to digging for water harvest pits inside SWDs...,Debris created due to digging for water harvest pits inside SWDs not cleared since many days leading to pollution and dust nuisance in homes,"Mobility - Roads, Footpaths and Infrastructure",Construction Of Roadside Drains,Open,0,"2Nd Cross Road, Nagappa Block, Srirampura, Bengaluru, Karnataka 560021, India",,12.9958558,77.5638445,7,37.79,Possible category mismatch: garbage; ,True
10793,2020-10-26 19:21:00,28,Kammanahalli,"Street Vendors enroached foothpaths and road and causing traffic,...","Street Vendors enroached foothpaths and road and causing traffic, at morning and evening it's causing too much traffic and causing public nuisance Ramaswamy palya main road gets blocked because bof street vendors enroaching road and foothpath.
no action is taken by traffic poilce and even we don't have odd even parking also
please look into this issue there so many street vendors and causing nuisance",Traffic and Road Safety,Traffic Jams/Congestion Or Bottlenecks,Open,0,"Ramaswamy Palya, Lingarajapuram, Bengaluru, Karnataka, India",,13.008669,77.6341424,2,17.95,Possible category mismatch: road; ,True
10795,2020-10-26 22:17:00,25,Horamavu,6th main sir m v nagar is a dead end road.entry has been blocked...,"6th main sir m v nagar is a dead end road.entry has been blocked by BBMP contractor as they were cleaning the drain and putting new slab. this has created a problem of water scarcity as we are all depended on tanker .work is on hold for a week now.
kindly look in to it",Sanitation,Maintanence of sewage lines,Open,0,"11, 6Th Main Rd, Sir M V Nagar, Muneshwara Nagar, Ramamurthy Nagar, Bengaluru, Karnataka 560016, India",,13.0191386,77.6751287,2,17.95,Possible category mismatch: road; ,True
10807,2020-10-27 14:14:00,119,Dharmaraya Swamy Temple,The drainage is opened and no one clean since weeks,The drainage is opened and no one clean since weeks,Garbage and Unsanitary Practices,Build Dry Waste Collection Centre,Open,0,"4/2, Sri Dharmaraya Swamy Temple Road, Nagartapete, Bengaluru Urban, In, India",,12.96557096,77.58517465,1,10.56,Possible category mismatch: drainage; ,True
7554,2020-11-01 08:04:00,25,Horamavu,"Very dirty skywalk in babusabpalya, ring road near Kalyan nagar","Very dirty skywalk in babusabpalya, ring road near Kalyan nagar",Garbage and Unsanitary Practices,Clearance Of Garbage Dump Or Black Spot,Resolved,6,"Babusapalya, Bank Avenue Colony, Horamavu, Bengaluru, Karnataka, India",,13.0228229,77.6520917,68,89.0,Possible category mismatch: road; ,True
7563,2020-11-01 11:00:00,185,Yelchenahalli,Drainage is blocked,Please clean the drainage as soon as possible,Garbage and Unsanitary Practices,Clearance Of Garbage Dump Or Black Spot,Resolved,2,"4149, Ilyas Nagar, Kumaraswamy Layout, Bengaluru, Karnataka 560078, India","4170,4th cross,near gaana residency",12.90548085,77.5676114,15,54.56,Possible category mismatch: drainage; ,True
8886,2020-11-03 17:42:00,6,Thanisandra,"Open and blocked drainage
please close this drainage as it stinks...","Open and blocked drainage
please close this drainage as it stinks very badly

please take some action to improve our area,our area development is in your hands we believe that appropriate steps will be initiated","Mobility - Roads, Footpaths and Infrastructure",Repair Of Existing Footpaths,Open,0,"No.44, 2Nd Main, Brundavan Garden Dasarahalli Extension, H A Farm Post, Rachenahalli, Thanisandra, Bengaluru, Karnataka 560024, India",,13.06113568,77.61107483,1,10.56,Possible category mismatch: drainage; ,True
9412,2020-11-05 13:31:00,196,Anjanapura,Bbmp has dumped sand and stones for pothole cleaning and kept the...,Bbmp has dumped sand and stones for pothole cleaning and kept the remaining from past 2 months.Requesting some one to clear this and make way on the road,Garbage and Unsanitary Practices,Clearance Of Garbage Dump Or Black Spot,Open,0,"69, 3Rd Cross Rd, Kca Layout, Srinidhi Layout, 8Th Phase, J. P. Nagar, Bengaluru, Karnataka 560078, India",,12.8808555,77.5720985,9,42.94,Possible category mismatch: road; ,True
9900,2020-11-07 09:31:00,99,Rajaji Nagar,Road side tree cuttings.,"It's been observed that the road side tree is being laying on the footpath for more than a month.
This is causing problems for the public.
This has become a mosquito breeding spot.

We had given complaint to our corporator and BBMP ward no 99 complaint also.
But no response  .

Address is.
41st Cross , 2 nd block Rajajinagar.
bangalore 560010.
Next to Old police station bus stop.
ESI main Road.",Garbage and Unsanitary Practices,Clearance Of Garbage Dump Or Black Spot,Open,3,"2Nd Block, Rajajinagar, Bengaluru, Karnataka 560010, India","ESI hospital Main Road, 41st cross,",12.9925127,77.5553629,8,39.8,Possible category mismatch: road; ,True
9901,2020-11-07 10:37:00,199,Other,Potholes,"Potholes and It becomes very muddy when it rains, poor drainage at that corner.","Mobility - Roads, Footpaths and Infrastructure",Fixing/Reparing Potholes,Open,0,"Sai Garden Opp Hp Petrol Bunk Hoskote Main Road Seeghalli, Sai Gardens, Krishnarajapura, Bengaluru, Karnataka 560067, India",Sai gardens,13.00984745,77.7591894,148,98.51,Insufficient information in title; ,True
11000,2020-11-15 19:53:00,176,BTM Layout,The shown electric bulb blinks all the night as it seems to have...,"The shown electric bulb blinks all the night as it seems to have some issue with the connection.

please fix this as it is not working properly.

Thanks!",Electricity and Power Supply,Regular Supply Of Electricity,Open,1,"1109, 17Th Cross Rd, Ews Colony, Stage 2, Btm Layout, Bengaluru, Karnataka 560076, India",,12.9070523,77.6114171,10,45.78,Possible category mismatch: streetlight; ,True
11052,2020-11-22 06:18:00,3,Atturu,NO ROAD LIGHTS,The stretch between Mother Dairy and Purvankara Purva Venezia has no road lights though there are poles.  There is an important right turn towards Yelahanka 4th and 5th phase and it is total dark in this stretch making difficult for the pedestrian and vehicles plying between these two places.,Street lighting,Maintenance/Repair Of Streetlights,Open,0,"Major Sandeep Unnikrishnan Rd, Adityanagar, Vidyaranyapura, Bengaluru, Karnataka, India",From Mother Dairy to Purvankara Purva Venezia Apartment,13.0894701,77.5562176,24,66.94,Possible category mismatch: road; ,True
11064,2020-11-23 08:27:00,187,Puttenahalli,"The dry leaves are piled up for days together, road sweeping is d...","The dry leaves are piled up for days together, road sweeping is done around once a week",Garbage and Unsanitary Practices,Clearance Of Garbage Dump Or Black Spot,Open,0,"98, 5Th Cross Road, Panduranga Nagar, Bengaluru Urban, In, India",,12.89285473,77.59762421,37,76.93,Possible category mismatch: road; ,True
11093,2020-11-25 15:40:00,113,Konena Agrahara,"Roads were dugUp for Sewage works on SR Layout Murugeshpalaya, an...","Roads were dugUp for Sewage works on SR Layout Murugeshpalaya, and left as is. After repeated complaints tarring is taken up but the quality is very poor which won't even last a few days. Refer pics.","Mobility - Roads, Footpaths and Infrastructure",Tarring Or Asphalting Of Existing Road,Open,0,"S R Layout, Murgesh Pallya, Bengaluru, Karnataka, India",,12.9546824,77.6503909,15,54.56,Possible category mismatch: drainage; ,True
7571,2020-12-01 06:52:00,24,HBR Layout,"???????? ????? ????, ???? ?????? ???? ??? ????? ?? ???????????? ?...","???????? ????? ????, ???? ?????? ???? ??? ????? ?? ???????????? ???? ?? ?? ??",Garbage and Unsanitary Practices,Clearance Of Garbage Dump Or Black Spot,Re-opened,4,"1811, 5Th Block, 1St Stage, Telecom Layout, Hbr Layout, Bengaluru, Karnataka 560043, India",,13.03619312,77.62780749,28,70.14,Insufficient information in title; ,True
7572,2020-12-01 07:31:00,134,Bapuji Nagar,Illegal parking on the main roads. many commercial vehicles park...,"Illegal parking on the main roads. many commercial vehicles park the vehicles on guddadahalli to cholanayakanahalli main road, near to hanuman temple, which narrows the road and takes lots of time to commute because of traffic jams.","Mobility - Roads, Footpaths and Infrastructure",Tarring Or Asphalting Of Existing Road,Resolved,1,"Guddadahalli, Bengaluru, Karnataka, India",,12.9577974,77.5461785,1,10.56,Possible category mismatch: traffic; ,True
7577,2020-12-01 14:02:00,187,Puttenahalli,Potholes,"Hi - Opposite to Sangathi Wines, there are plenty of potholes that needs a fix bad road making it dangerous for the commuters. Please fix it at the earliest.

Best,
Bala.","Mobility - Roads, Footpaths and Infrastructure",Tarring Or Asphalting Of Existing Road,On-the-Job,1,"Nandhini Hotel Rd, Paradise Colony, Phase 7, J. P. Nagar, Bengaluru, Karnataka 560076, India",Opposite to Sangathi Wines,12.8958157,77.5869918,18,58.39,Insufficient information in title; ,True
8217,2020-12-02 15:36:00,111,Shantala Nagar,Dangerous manhole cover,Dangerous manhole cover,"Mobility - Roads, Footpaths and Infrastructure",Fixing/Reparing Potholes,Open,0,"Lavelle Road, D' Souza Layout, Ashok Nagar, Bengaluru, Karnataka, India",,12.96963,77.59748,23,65.57,Possible category mismatch: drainage; ,True
8218,2020-12-02 15:39:00,111,Shantala Nagar,Dangerous Manhole Cover- this manhole is a danger to cars and hum...,"Dangerous Manhole Cover- this manhole is a danger to cars and humans alike. 
It is almost invisible from a distance.
It juts out covering 25% of the lane. 
And as can be seen from the scrape marks on it, many cars have been damaged previously","Mobility - Roads, Footpaths and Infrastructure",Fixing/Reparing Potholes,Open,0,"Lavelle Road, D' Souza Layout, Ashok Nagar, Bengaluru, Karnataka, India",,12.96963,77.59748,23,65.57,Possible category mismatch: drainage; ,True
8219,2020-12-02 16:53:00,179,Shakambari Nagar,Camera Post has broken and fallen onto the main road at intersect...,Camera Post has broken and fallen onto the main road at intersection of JP Nagar 24th main and 46th Cross marenahalli Road.,Street lighting,Maintenance/Repair Of Streetlights,Open,0,"Cable Car, 47Th Cross Road, Opposite Sri Krishna Sevashrama Hospital, Tmc Layout, 5Th Block, Jayanagar, Bengaluru, Karnataka, India",,12.9168587,77.5854457,5,31.57,Possible category mismatch: road; ,True
8900,2020-12-03 07:39:00,167,Yediyur,This road is a mess. and filthy.,This road is a mess. and filthy.,Garbage and Unsanitary Practices,Clearance Of Garbage Dump Or Black Spot,Open,0,"68, Kanakapura Rd, 7Th Block, Jayanagar, Bengaluru, Karnataka 560082, India",,12.9323978,77.5741686,10,45.78,Possible category mismatch: road; ,True
8913,2020-12-03 16:18:00,85,Dodda Nekkundi,Deep cleaning of road which is full of dust and Rain water drains...,"Deep cleaning of road which is full of dust and Rain water drains has to be clean which is full of dry plastic waste so that can avoid blockages in Spice Garden Layout Munnekolala , Marathahalli Bengaluru. Take necessary actions on near by shops , hope they can keep there near by area clean with is full of plastic.",Garbage and Unsanitary Practices,Clearance Of Garbage Dump Or Black Spot,Open,0,"Orio Juicebar And Bakes, Spice Garden, Vaikuntam Layout, Lakshminarayana Pura, Aecs Layout, Marathahalli, Bengaluru, Karnataka, India",,12.9578047,77.7130364,52,83.66,Possible category mismatch: road; ,True
8915,2020-12-03 16:46:00,65,Kadu Malleshwara,One way violation on 8cross Margosa Road Malleshwaram,One way violation on 8cross Margosa Road Malleshwaram,Traffic and Road Safety,Jumping Traffic Signal,Closed,4,"8Th Cross Malleshwaram, Malleshwaram, Bengaluru, Karnataka",,12.999982,77.569389,1,10.56,Possible category mismatch: road; ,True
10086,2020-12-08 12:46:00,98,Prakash Nagar,Drainage pipe damaged,While digging for footpath repair they have damaged the drainage pipes and also they have not made any provisions to crossover.,"Mobility - Roads, Footpaths and Infrastructure",Construction of new footpaths,Open,0,"Puttaswamy Rd, Lakshminarayanapuram, Rajajinagar, Bengaluru, Karnataka 560021, India",Srirampuram 3 Cross Near Thrishla Marketing,12.9939423,77.5602037,2,17.95,Possible category mismatch: drainage; ,True
11273,2020-12-12 02:53:00,174,HSR Layout,Road cleaning is not happening,"Hi,

The road which is 27th Cross, 19th Main road, HSR Layout, Sector 2 running in front of Nagarjuna Apartment is not getting cleaned from long time. Also as a result on the side of road lot of waste is accumulated.",Garbage and Unsanitary Practices,Build Dry Waste Collection Centre,Open,0,"80 Feet Road, 19Th Main, Hsr Layout, Sector - 2, 27Th Cross Rd, Garden Layout, Sector 2, Hsr Layout, Bengaluru, Karnataka 560102, India","27th Cross, Near Nagarjuna Apartment",12.9042841,77.6473056,1,10.56,Possible category mismatch: road; ,True
11277,2020-12-12 09:53:00,57,C V Raman Nagar,Broken manhole,Broken manhole,Yellow Spot,Report A Broken Footpath,Open,0,"122/1A , 3Rd Floor,fountain Head, S S Commercial Estate, Varthur Rd, Nagavarapalya, C V Raman Nagar, Bengaluru, Karnataka 560093, India",,12.9899613,77.6632273,3,23.5,Possible category mismatch: drainage; ,True
11297,2020-12-13 08:50:00,162,Girinagar,? ???? ???? ????? ???????????? ???? ???? ????? ????? ???????? ???...,? ???? ???? ????? ???????????? ???? ???? ????? ????? ???????? ????? ????? ?????? ??????? ?????????? ?????? ???? ????? ?????????? ????????????,Yellow Spot,Report Garbage or Debris on Footpath,Resolved,1,"??????? 3Rd ?????? 2Nd ????, 6?? ??????, ??????? 3?? ???, ???????, ????????, ??????? 560085, ????",,12.9342391,77.5396033,1,10.56,Insufficient information in title; ,True
11301,2020-12-13 12:37:00,195,Konankunte,"2nd cross,1st main, beereshwara nagara, chunchagatta road,konanak...","2nd cross,1st main, beereshwara nagara, chunchagatta road,konanakunte podt, Bengaluru 560062
ward no.195
Need street light repairs it power down from past 10 days...
please solve this problem as soon as possible",Street lighting,Maintenance/Repair Of Streetlights,Resolved,1,"5, 1St Cross Rd, Eswara Layout, Phase 7, J. P. Nagar, Bengaluru, Karnataka 560078, India",,12.8919543,77.5753748,7,37.79,Possible category mismatch: road; ,True
11302,2020-12-13 13:00:00,160,Rajarajeshwari Nagar,The locals are dumping wastes on the road irrespective of multipl...,The locals are dumping wastes on the road irrespective of multiple warnings. Need BBMP team to clear the garbage,Garbage and Unsanitary Practices,Clearance Of Garbage Dump Or Black Spot,Resolved,1,"Vishnuvardan Road Uttarahalli Kengeri, Channasandra, Rr Nagar, Bengaluru, Karnataka 560098, India",,12.90355769,77.52244279,40,79.46,Possible category mismatch: road; ,True
11303,2020-12-13 16:30:00,176,BTM Layout,85 Potholes from silkboard to BTM layout bustand causing lot of traffic jam and accidents.,"BMRCL has destroyed the road from SILK BOARD to BTM layout, there is no road, but there are only potholes everywhere. As you all know silk board connect madiwala, sarjapura, electronic city and whitefield, and we cannot have such a bad road in such an important junction. Everyday we are witnessing huge jams though traffic is less, and also minor accidents and fights. Request officials to asphalt entire road from Silk board to BTM busstand.","Mobility - Roads, Footpaths and Infrastructure",Fixing/Reparing Potholes,Resolved,1,"Central Silk Board Colony, Stage 2, Btm Layout, Bengaluru, Karnataka 560068, India",From silk board to btm layout bus stand,12.9169429,77.621934,11,47.83,Possible category mismatch: traffic; ,True
11315,2020-12-14 12:46:00,197,Vasanthapura,Road from Doddakallasandra metro station towards Gokulam apartmen...,"Road from Doddakallasandra metro station towards Gokulam apartment was recently asphalted. Thanks to the concerned authorities. However, there are no streetlights on this road causing safety concerns to pedestrians using this stretch in the evenings. Added to this, it has become a spot for urination. Request concerned authority to kindly install street lights. Thank you.",Street lighting,Installation Of New Streetlights,Open,0,"Gokulam Apartments, Kuvempu Nagar Main Road, Vasantha Vallabha Nagar, Bengaluru, Karnataka, India",,12.8875959,77.5517462,5,31.57,Possible category mismatch: road; ,True
11339,2020-12-15 14:03:00,106,Dr Raj Kumar,75th D cross road in 6th block Rajajinagar is not cleaned everyda...,75th D cross road in 6th block Rajajinagar is not cleaned everyday. person in-charge does not clear the garbage unless anyone informs her to clean the road. this is a matter of our health being compromised. the road that I'm talking about is adjacent to sunrise gold palace. garbage stays there for days if I don't request anyone from BBMP to clear it. request you to take action immediately and ensure that road is cleaned and garbage cleared daily.,Garbage and Unsanitary Practices,Clearance Of Garbage Dump Or Black Spot,Resolved,2,"441, 10Th G Main Rd, 1St Block, 6Th Block, Rajajinagar, Bengaluru, Karnataka 560010, India",,12.9782223,77.553556,9,42.94,Possible category mismatch: road; ,True
11340,2020-12-15 14:39:00,51,Vijnanapura,Drainage blockage,BBMP contractors have blocked the drainage at the end of street and all the gutter waste get accumulated and will block drainage.And during the rain water will be spell outside and this leads to health hazards.,"Mobility - Roads, Footpaths and Infrastructure",Construction Of Roadside Drains,Open,0,"53, Ramamurthi Nagar Main Rd, Balaji Layout, Mukkutam Nagar, Dooravani Nagar, Bengaluru, Karnataka 560016, India",Near Tata steel,13.01106936,77.66605672,2,17.95,Possible category mismatch: drainage; ,True
11344,2020-12-15 15:48:00,51,Vijnanapura,Drainage blockage,BBMP contractors have blocked the drainage at the end of street and all the gutter waste get accumulated and will block drainage and rain water will be spell out and this leads to health hazards.,"Mobility - Roads, Footpaths and Infrastructure",Construction Of Roadside Drains,Open,0,"53, Ramamurthi Nagar Main Rd, Balaji Layout, Mukkutam Nagar, Dooravani Nagar, Bengaluru, Karnataka 560016, India",Near Tata steel,13.01102227,77.66605871,2,17.95,Possible category mismatch: drainage; ,True
11378,2020-12-16 20:42:00,25,Horamavu,Drainage Leakage,"Due to drainage Leakage we are facing sweage water flowing on road, heavy mosquito at near by house,heavy traffic,dust kindly look on to issue has earliest possible.","Mobility - Roads, Footpaths and Infrastructure",Fixing/Reparing Potholes,Open,0,"#89, 3 Cross,kothanur 1 Main Road, Hennur Main Rd, Kothanur, Bengaluru, Karnataka 560077, India",Hennur baglur main road kothanur,13.0617257,77.6498954,99,94.44,Possible category mismatch: drainage; ,True
11379,2020-12-16 20:57:00,25,Horamavu,Drainage Leakage,"Due to drainage Leakage sewage water overflowing over the road, near by house facing mosquito issue, traffic jam, dust etc.. kindly look after the issue has earliest possible.","Mobility - Roads, Footpaths and Infrastructure",Fixing/Reparing Potholes,Open,0,"#89, 3 Cross,kothanur 1 Main Road, Hennur Main Rd, Kothanur, Bengaluru, Karnataka 560077, India",Hennur baglur main road kothanur,13.0617416,77.6499017,99,94.44,Possible category mismatch: drainage; ,True
11380,2020-12-16 21:18:00,25,Horamavu,Drainage Leakage,"Due to drainage Leakage sewage water overflowing over the road, near by house facing mosquito issue, traffic jam, dust etc.. kindly look after the issue has earliest possible.","Mobility - Roads, Footpaths and Infrastructure",Fixing/Reparing Potholes,Open,0,"7, Kothanur, Bengaluru, Karnataka 560077, India",Hennur baglur main road kothanur,13.0611565,77.649138,99,94.44,Possible category mismatch: drainage; ,True
11547,2020-12-23 18:44:00,5,Jakkuru,"All Three Street Lamps is not working in 1St A Main Road, Kanakas...","All Three Street Lamps is not working in 1St A Main Road, Kanakashree layout, Byrathi Bangalore 560077 -- ward 54",Street lighting,Maintenance/Repair Of Streetlights,Open,0,"Kanakashree Layout, Hennur Bagalur Road, Kanakasree Housing Society, Kannuru, Bengaluru, Karnataka, India",,13.0872258,77.6509158,22,63.9,Possible category mismatch: road; ,True
11559,2020-12-24 13:53:00,19,Sanjay Nagar,Roads have been damaged and been left in a very bad condition after construction of sewage pipes.,The roads are very dusty. It is causing asthma and other problems. The authorities have been making this an issue even after collecting money from us. The people who started it don't seem to be bothered to come and repair the roads. It's very hard to park vehicles in the road. More over a lot of old people also reside in the area due to which the issue is much more urgent. It's been very hard to navigate through the roads as huge rocks have just been left in the middle without any care or anything.,"Mobility - Roads, Footpaths and Infrastructure",Tarring Or Asphalting Of Existing Road,Open,0,"36, 5Th D Cross Rd, Rmv, Stage 2, R.m.v. 2Nd Stage, Bengaluru, Karnataka 560094, India",Near sahana wines,13.04228024,77.57842209,2,17.95,Possible category mismatch: drainage; ,True
11579,2020-12-24 19:10:00,80,Hoysala Nagar,"Need new toilet at intersection of 80 feet road and 1st main, Def...","Need new toilet at intersection of 80 feet road and 1st main, Defence Colony  Indiranagar",Yellow Spot,Require A New Public Toilet,Open,0,"80 Feet Road, Defence Colony, Indiranagar, Bengaluru, Karnataka, India",,12.9758079,77.6467327,9,42.94,Possible category mismatch: road; ,True
11619,2020-12-26 14:55:00,73,Kottigepalya,"???????, ? ??????? ????? ???????????? ?????? ????? ???.
?????????...","???????, ? ??????? ????? ???????????? ?????? ????? ???.
????????? ?????????? ???.",Yellow Spot,Report A Broken Footpath,Open,0,"?????????, ????? ????? ?????, Sajjepalya, Naagarabhaavi, Bengaluru, Karnataka, India",,12.9850753,77.5183266,2,17.95,Insufficient information in title; ,True
11699,2020-12-28 12:34:00,192,Begur,The drain gutter has been dug up since a month and not cleared,The drain gutter has been dug up  since a month and not cleared - 1st Main 4th A cross,"Mobility - Roads, Footpaths and Infrastructure",Construction Of Roadside Drains,Open,0,"Kushi Street 4Th Cross, 1St Main Rd, Duo Heights Layout, Devarachikkana Halli, Bengaluru, Karnataka 560068, India",Tennis court,12.88449771,77.62041224,12,50.36,Possible category mismatch: drainage; ,True
11723,2020-12-28 18:01:00,6,Thanisandra,Streetlights on Rachenhalli Rly parallel road (from Rly underpass till thanisandra),Need Streetlights on Rachenahalli Rly parallel road (from Rly underpass till thanisandra).,Street lighting,Installation Of New Streetlights,Open,0,"69, 1St Cross Rd, Bds Layout, Shiridi Sai Radan Layout, Rk Hegde Nagar, Bengaluru, Karnataka 560077, India",Railway parallel road,13.06372241,77.62765306,3,23.5,Possible category mismatch: road; ,True
11729,2020-12-28 18:37:00,6,Thanisandra,Surveillance Cam along Thanisandra Road.,"Need surveillence cams at all crossings all along thanisandra road. - Baglur-Bellahalli cross, Bellahalli jn, Hegde Nagar jn, Rachenhalli jn, Nagawara Jn.
This is needed to check rampant traffic violations, eve teasing, public nuisance.",Traffic and Road Safety,Installation Of Traffic Surveillance Camera,Open,0,"196, Sri Nikethan, Lbs Colony, Hennur Main Rd, Narayanapura, Bengaluru, Karnataka 560077, India","All crossing all along thanisandra road. - Baglur-Bellahalli cross, Bellahalli jn, Hegde Nagar jn, Rachenhalli jn, Nagawara Jn",13.06762804,77.63368097,1,10.56,Possible category mismatch: road; ,True
11881,2021-01-01 10:36:00,70,Rajagopalanagar,The water is not going to drainage properly it is been difficult...,The water is not going to drainage properly it is been difficult for vehicles to move here he has dumped this from last 2 years,Yellow Spot,Report Garbage or Debris on Footpath,Open,0,"32 8Th Cross Kalil Nagar 40 Ftroad Bangalore.58 Kapilnagar.nanjundeswraswamy Template, Kapila Nagar, Lava Kusha Nagar, Behind, Bengaluru, Karnataka 560058, India",,13.0037833,77.5165033,1,10.56,Possible category mismatch: drainage; ,True
12738,2021-01-03 20:12:00,183,Chikallasandra,"Keb road ittamadu , need to replace the Device","Keb road ittamadu , need to replace the Device",Street lighting,Maintenance/Repair Of Streetlights,Open,0,"Keb Road, Ittamadu, Banashankari 3Rd Stage, Banashankari, Bengaluru, Karnataka, India",,12.9245608,77.5467443,9,42.94,Possible category mismatch: road; ,True
13545,2021-01-08 12:10:00,152,Suddagunte Palya,"This un used drainage pipe has been kept in the place , due to pe...","This un used drainage pipe has been kept in the place , due to people are Dumping Garbage inside. This was kept during BBMP drainage  work last time. So please remove as early as possible",Garbage and Unsanitary Practices,Clearance Of Garbage Dump Or Black Spot,Open,0,"41/5, 2Nd Main Rd, Tavarekere, Brindavan Nagar, S.g. Palya, Bengaluru, Karnataka 560029, India",,12.9255935,77.6091538,17,57.08,Possible category mismatch: drainage; ,True
13716,2021-01-09 17:49:00,49,Lingarajapura,Drainage in front of our house has been pending no slabs layer for the past 2 months causing inconvenience to move out of the house and park our veiche,Incomplete new drainage work,"Mobility - Roads, Footpaths and Infrastructure",Construction of new footpaths,Open,0,"Vst Rd, K.s.f.c Layout, Lingarajapuram, Bengaluru, Karnataka 560084, India",4th cross Kanakadasa Layout,13.0069289,77.6277391,1,10.56,Possible category mismatch: drainage; ,True
13717,2021-01-09 18:08:00,28,Kammanahalli,Drainage slabs and removing debris,Pending drainage work,"Mobility - Roads, Footpaths and Infrastructure",Need Covering Slabs For Roadside Drains,Open,0,"4Th Cross Rd, Ramaswamipalya, Maruthi Sevanagar, Bengaluru, Karnataka 560084, India",4th cross Kanakadasa Layout,13.0075264,77.6340381,1,10.56,"Possible category mismatch: drainage, garbage; ",True
12372,2021-01-16 09:42:00,166,Karisandra,The person is demanding money to clean the footpath  she has  cle...,The person is demanding money to clean the footpath  she has  cleaned near by foith path but left  our foot path unattended,Garbage and Unsanitary Practices,Collection Of Door-to-door Garbage,Open,0,"27, 32Nd Cross Rd, 7Th Block, Jayanagar, Bengaluru, Karnataka 560070, India",,12.9274565,77.579146,1,10.56,Possible category mismatch: road; ,True
12408,2021-01-19 19:11:00,7,Byatarayanapura,Potholes,Thank you for repairing the flyover. Just a small area where the flyover ends has to be addressed. Thanks in advance.,"Mobility - Roads, Footpaths and Infrastructure",Fixing/Reparing Potholes,Open,0,"Hebbala Bridge, Vayunandana Layout, Hebbal Kempapura, Bengaluru, Karnataka 560024, India",Flyover entering into road that leads to nagawara,13.04229844,77.5935067,18,58.39,Insufficient information in title; ,True
12417,2021-01-20 16:23:00,32,Kaval Bairasandra,1st cross behind Pushpanjali theatre khb road. I have asked BBMP...,1st cross behind Pushpanjali theatre khb road. I have asked BBMP people to change the street light bulb more than 5-6 times. since October 2020 they have not changed the bulb inspite of requesting them. kindly please do the needful.,Street lighting,Maintenance/Repair Of Streetlights,Open,0,"786, Sultanpalya, Hebbal, Bengaluru, Karnataka 560032, India",,13.0227255,77.6034302,9,42.94,Possible category mismatch: road; ,True
12438,2021-01-24 11:40:00,35,Aramane Nagara,The metal grill at underpass is broken. This road is used by airp...,The metal grill at underpass is broken. This road is used by airport commuters and our own  chief minister.,Storm Water Drains,Maintenance And Repair Of Storm Water Drains,Open,2,"Mekhri Circle, Ganganagar, Bengaluru, Karnataka",,13.01455,77.584801,2,17.95,Possible category mismatch: road; ,True
11933,2021-02-01 15:12:00,150,Bellanduru,BAD ROADS &amp; STREET LIGHTS,"Dear Sir,

I am writing in regards to the bad roads &  lack of street lights in our area of Royal placid layout  phase 2, street no 7 & 8, Near SLS Springs Apartment, Bangalore 560102.

This is requesting you to kindly take care of the Bad roads & street lights situation. As the sun sets the society’s roads to become so dark that it’s almost impossible to see & there are some bad elements roaming around our area.

I request that the roads be layed & street lights be installed in the lacking neighbourhoods as soon as possible.

I hope that you will take this into concern as a priority very soon.

Thanking You,
Your Faithfully,

Navaneeth Krishna P
9880387722.","Mobility - Roads, Footpaths and Infrastructure",Fixing/Reparing Potholes,Open,0,"121/2, Royal Placid Layout, Pwd Quarters, 1St Sector, Hsr Layout, Bengaluru, Karnataka 560102, India",SLS Springs Apartment,12.9007863,77.6551784,184,100.0,Possible category mismatch: streetlight; ,True
13551,2021-02-08 23:17:00,197,Vasanthapura,The Road that leads Gokulam apartments via the back entry through...,"The Road that leads Gokulam apartments via the back entry through  big market road is very badly maintained. 
The road in Kuvempu nagar 6th main   
is also poorly maintained. The stone slabs left dangerously on the road, is an eye sore.
Request the concerned to solve this issue.",Garbage and Unsanitary Practices,Clearance Of Garbage Dump Or Black Spot,Open,0,"11, 6Th Main Rd, Kuvempu Nagar, Doddakallasandra, Bengaluru, Karnataka 560062, India",,12.8877382,77.5546317,35,75.44,Possible category mismatch: road; ,True
13902,2021-02-10 21:27:00,27,Banasavadi,Badly maintained common space around storm drain,"Respected team, 

I am a senior citizen and am writing to request your help to figure a plan to clear up the dark and dingy area due to lack of proper tree trimmings, street lights as well as garbage dumping alongside the storm drain near Sai Rani Apartments,  hrbr 1st blok",Yellow Spot,Report Garbage or Debris on Footpath,Open,0,"Sai Rani 801/a 2Nd D Cross, 8Th Main Rd, Hrbr Layout 1St Block, Hrbr Layout, Kalyan Nagar, Bengaluru, Karnataka 560043, India","Drain next to Sai Rani Apartments,  HRBR Layout",13.0174994,77.6451337,5,31.57,Possible category mismatch: drainage; ,True
12612,2021-02-13 23:34:00,192,Begur,"12th B cross pragathi nagar, chikka thogur main road, Street ligh...","12th B cross pragathi nagar, chikka thogur main road, Street light not working",Street lighting,Maintenance/Repair Of Streetlights,Open,0,"14, 12 B Cross Road, Pragathi Nagar, , Bengaluru, Karnataka 560100, India",,12.86228505,77.64996854,46,81.6,Possible category mismatch: road; ,True
12652,2021-02-18 12:23:00,95,Subhash Nagar,"Sir back side of mantri greens apartment , near Sampige road metr...","Sir back side of mantri greens apartment , near Sampige road metro station, garbage and debris is dumped regularly. the garbage is burnt by miscreants and heavy air pollution is observed. also the road created by BBMP is mis used. request to clear the garbage and debris and fence the government land.",Garbage and Unsanitary Practices,Clearance Of Garbage Dump Or Black Spot,Open,0,"Mantri Square Mall, Seshadripuram, Bengaluru, Karnataka, India",,12.9916302,77.5711719,16,56.25,Possible category mismatch: road; ,True
12674,2021-02-22 00:25:00,127,Mudalapalya,Near 9th Cross Sanjeevininagar Tent Road Beside Galaxy Appartment...,"Near 9th Cross Sanjeevininagar Tent Road Beside Galaxy Appartment  Moodalapalya , i have complained to bescom but no use they are telling wait , from past one month we are facing street light issues ,  please fix it , thank you",Street lighting,Maintenance/Repair Of Streetlights,Open,0,"7, 9Th Cross Rd, Shivananada Layout, Govindaraja Nagar Ward, Svg Nagar, Vijaya Nagar, Bengaluru, Karnataka 560040, India",,12.9715576,77.5217866,2,17.95,Possible category mismatch: road; ,True
12688,2021-02-23 22:55:00,7,Byatarayanapura,Black spot human temple road,Black spot human temple road,Garbage and Unsanitary Practices,Clearance Of Garbage Dump Or Black Spot,Open,0,"2286, Kodigehalli Main Rd, Sanjeevini Nagar, Bengaluru, Karnataka 560092, India",,13.0574722,77.59033458,43,80.48,Possible category mismatch: road; ,True
12722,2021-02-27 20:12:00,156,Srinagar,"All dustbins on 80ft road are inverted, littering on footpaths.","All dustbins on 80ft road are inverted, littering on footpaths.",Garbage and Unsanitary Practices,Clearing Of Roadside Dustbin,Open,0,"Bank Colony, Srinivasnagar, Banashankari, Bengaluru, Karnataka, India",,12.939043,77.5526275,1,10.56,Possible category mismatch: road; ,True
13554,2021-03-08 09:07:00,16,Jalahalli,Potholes,"Numerous and deep potholes lining HMT main road opposite Jalvayu Heights to Brigade Rubix. Please ensure that repairs are made at correct level. Almost always, when they fill a pothole, a mound is left behind which damages our vehicle. Not everyone drives a mercedes!","Mobility - Roads, Footpaths and Infrastructure",Fixing/Reparing Potholes,Resolved,1,"Jalvayu Heights, West, Rd, Hmt Main Rd, Phase -1, Jalahalli, Bengaluru, Karnataka 560013, India",Diagonally opposite Jalvayu Heights,13.037615,77.5366687,6,35.12,Insufficient information in title; ,True
12835,2021-03-13 07:45:00,25,Horamavu,Pathetic roads with no proper drainage or street light system,"There are lot of potholes and debris all along this road , the area is developing rapidly due to college being the centre of development but the area still seems like a rural one with no access to proper roads and other facilities","Mobility - Roads, Footpaths and Infrastructure",Tarring Or Asphalting Of Existing Road,Open,0,"Kristu Jayanti Nagar, P.o, K.narayanapura, Kothanur, Bengaluru, Karnataka 560077, India",Hennur main road along with whole road infront of kristu jayanti college,13.05781,77.6423032,80,92.14,"Possible category mismatch: drainage, streetlight; ",True
12929,2021-03-26 02:43:00,81,Vijnana Nagar,Construction of storm water drain connecting vibhutipura lake to...,"Construction of storm water drain connecting vibhutipura lake to doddanekkundi lake.
1) It is not seen in practical.
2) This needs link as it was present in earlier maps for environment balance. 
3) Currently this is closed at vibhutipura lake end
4) Can BBMP punish the local representative who has neglected this since years? (Be it corporator/bump or MLA)",Sanitation,Construction of storm water drains,Open,1,"Vibhutipura Lake, Lbs Nagar, Vimanapura, Bengaluru, Karnataka",,12.967643,77.675566,1,10.56,Possible category mismatch: drainage; ,True
12952,2021-03-29 23:45:00,187,Puttenahalli,Need road divider on Arekere junction- Brigade millennium road. V...,Need road divider on Arekere junction- Brigade millennium road. Vehicles coming from Brigade millennium road would occupy full road making traffic congestion for other vehicles going to Brigade millennium road.,Traffic and Road Safety,Traffic Jams/Congestion Or Bottlenecks,Open,0,"Arekere Gate Junction, Arakere Gate, Sundar Ram Shetty Nagar, Bilekahalli, Bengaluru, Karnataka",,12.8905639,77.5980757,4,27.84,Possible category mismatch: road; ,True
11975,2021-04-01 09:22:00,199,Other,Unsafe advertising on Road Divider,Advertising Billboard is in the road divider is blinding the visibility and dangerous to take U turn. Need to remove the bill board.,Traffic and Road Safety,Traffic Jams/Congestion Or Bottlenecks,Open,0,"Avalahalli, Doddaballapura Road, Bengaluru, Karnataka 560064, India",Sri Hanuman and Sai baba temple,13.13711552,77.56910345,8,39.8,Possible category mismatch: road; ,True
11985,2021-04-01 11:07:00,120,Cottonpete,Required New Footpath,Required New Footpath,Yellow Spot,Require A New Public Toilet,Open,0,"14, Tcm Royan Rd, Subhash Nagar, Cottonpete, Bengaluru, Karnataka 560053, India",,12.9717825,77.5686768,1,10.56,Possible category mismatch: road; ,True
12991,2021-04-04 20:21:00,7,Byatarayanapura,BBMP has layed the drainage concrete blocks but not fully complet...,"BBMP has layed the drainage concrete blocks but not fully completed..

Hoysala layout 4th cross Amrutahalli","Mobility - Roads, Footpaths and Infrastructure",Construction Of Roadside Drains,Open,0,"Amrutahalli, Bengaluru Urban, In, India",,13.06640996,77.60588751,2,17.95,Possible category mismatch: drainage; ,True
13049,2021-04-14 21:14:00,81,Vijnana Nagar,Open drain next to apartment results in stench all day long,"There is a drain next to my apartment which is entirely open, no covers at all. A lot of waste can be seen in the drain which is blocked at certain level, which results in really bad smell all day long.

This is a request to put covers on the drain wherever possible.","Mobility - Roads, Footpaths and Infrastructure",Need Covering Slabs For Roadside Drains,Open,0,"No.43, 1St Cross Rd, Saraswathi Nagar, B Narayanapura, Mahadevapura, Bengaluru, Karnataka 560048, India",Behind More Megastore,12.9901664,77.6896681,1,10.56,Possible category mismatch: drainage; ,True
13077,2021-04-21 22:16:00,3,Atturu,?????????? ???? ????? ???? ?????????????? ????? ??????????? ?????...,"?????????? ???? ????? ???? ?????????????? ????? ??????????? ?????????????????, ?????????? ????????? ????? ???????????? ????? ??????? ????????????? ???? ????????? ?????? ???????????? ???? ???? ?????? ???? ???? ??????????, ?????? ??????? ????????????, . ? ???????? ????????? ??????????? ???????????????? ????? ??????, ??????? ?????? ???????????? ?????????????????. ???????? ? ??????????? ????????.

Hi, we & our sorroundings facing severe issue infront of our House due to rain which is causing very very difficult to pass the road and also the water will stay on the layer of the road as there are no holes to water pass inside the drainage system. This issue is also helping mosquitoes to form and children's are facing health issues. please do the needful As soon as possible.","Mobility - Roads, Footpaths and Infrastructure",Flooding/Waterlogging Of Roads And Footpaths,Resolved,3,"41, 6Th Cross Rd, Muneshwara Layout, Attur Layout, Yelahanka, Bengaluru, Karnataka 560064, India",,13.1057621,77.5642413,2,17.95,Insufficient information in title; ,True
12543,2021-05-02 12:38:00,149,Varthur,Road are not properly maintained,We are staying here since an year now and the roads near our apartment are never cleaned and there are no dustbins around,Garbage and Unsanitary Practices,Clearance Of Garbage Dump Or Black Spot,Open,0,"Pavani Pride, Sai Baba Temple Rd, Green Garden Layout, Silver Springs Layout, Munnekollal, Bengaluru, Karnataka 560037, India",Kundanhalli signal,12.9539846,77.7148433,56,85.0,Possible category mismatch: road; ,True
12777,2021-05-03 21:01:00,198,Hemmigepura,None of the Streetlights on this road,None of the Streetlights on this road work. God knows why BBMP exists. This has been the case for months. What is ease of living? Can BBMP Define?,Street lighting,Maintenance/Repair Of Streetlights,Open,2,"Rr Nagar, Bengaluru, Karnataka 560098, India",Krishna Garden Main Road,12.9154412,77.5028785,18,58.39,Possible category mismatch: road; ,True
13566,2021-05-08 01:13:00,194,Gottigere,8th cross deepthi nagar has BDA developed plots with no drainage...,8th cross deepthi nagar has BDA developed plots with no drainage on sides of roads. this need to be fixed and avoid water flowing on roads. it has damaged the entire roads,"Mobility - Roads, Footpaths and Infrastructure",Construction Of Roadside Drains,Open,0,"Deepthi Nagar, 8Th Phase, J. P. Nagar, Kothnur, Karnataka, India",,12.8764131,77.571729,1,10.56,Possible category mismatch: drainage; ,True
13922,2021-05-10 12:50:00,77,Dattatreya Temple,Potholes,There are many potholes near my home. And when it rains. There the water is collected. And day before yesterday when it rained heavily near my house it was like mini swimming pool . And the potholes were not seen and many fell. The whole pipeline road is with potholes which creates a problem for many pregnant ladies. To go in vehicles. Pls look at it as soon as possible.,"Mobility - Roads, Footpaths and Infrastructure",Fixing/Reparing Potholes,Open,0,"112, Dattatreya Temple Street, Near-Katta Agencies, Dattatreya Temple St, Malleshwara, Bengaluru, Karnataka 560003, India",Near Dattatreya temple,12.99835345,77.57465386,5,31.57,Insufficient information in title; ,True
14102,2021-05-11 10:23:00,23,Nagavara,In 2nd Cross Gandhi Nagar Shampura Main road there is a lot of wa...,In 2nd Cross Gandhi Nagar Shampura Main road there is a lot of water problem plz fixed it the line man is not living the water properly when asked him he is tell go any where and complent I will not live water to this street because from one house he need 20 rs comission plz help the street of this line,Water Supply,Maintain regular water supply,Open,0,"204, Old Rajendra Nagar, Venkateshpuram, Kadugondanahalli, Bengaluru, Karnataka 560045, India",,13.0259002,77.6151183,1,10.56,Possible category mismatch: road; ,True
14372,2021-05-12 10:06:00,192,Begur,Water logging on roads and filled with potholes,The entire stretch of Road from Begur till Jigani square needs to be fixed and widened. Please stop putting patches as it washes off after water logging and rain,"Mobility - Roads, Footpaths and Infrastructure",Repair Of Roadside Rainwater Harvesting System,Resolved,2,"Gr Queens Pride, Slv Crystal, Suraksha Nagar, Yelenahalli, Akshayanagar, Bengaluru, Karnataka 560076, India",Indian Oil Petrol bunk,12.86318496,77.61568534,1,10.56,Possible category mismatch: drainage; ,True
13177,2021-05-20 16:02:00,112,Domlur,Cleaness and main road parked other vehicles.,Need to clean our area and parked,Garbage and Unsanitary Practices,Build Dry Waste Collection Centre,Open,0,"25/8, 2Nd C Main Rd, Hal 2Nd Stage, Doopanahalli, Indiranagar, Bengaluru, Karnataka 560008, India",Near punjabi dhaba,12.9665033,77.64088299,1,10.56,Possible category mismatch: road; ,True
13004,2021-06-04 23:04:00,142,Sunkenahalli,So called road,I really feel very bad about the road. No one wants to take this route. Garbage everywhere. Road is dug for some repair and left closed in unscientific way. Can't even take vehicles inside the gate. Please look into it,Garbage and Unsanitary Practices,Collection Of Door-to-door Garbage,Open,0,"39/1, Kempegowda Nagar, Bengaluru, Karnataka 560019, India",Machi kalyana mantapa,12.9507823,77.5626648,1,10.56,Possible category mismatch: road; ,True
14388,2021-06-12 15:33:00,26,Ramamurthy Nagar,Road cleaning,"Front of the house, full of dust like packets and eating wastage are laying on road, very unhygienic no one care about the same. No one comes from BBMP side to clean the road.",Garbage and Unsanitary Practices,Clearing Of Roadside Dustbin,Open,2,"Banjara Layout, Kalkere, Bengaluru, Karnataka 560016, India",Om Shakthi temple,13.0335618,77.6672294,2,17.95,Possible category mismatch: road; ,True
14389,2021-06-12 15:48:00,26,Ramamurthy Nagar,"No road , very difficult to walk in rainy weather. Our colony road very dirty and smells a lot. It’s very difficult to go outside specially with children. Children can’t play out","No road , very difficult to walk in rainy weather. Our colony road very dirty and smells a lot. It’s very difficult to go outside specially with children. Children can’t play out",Garbage and Unsanitary Practices,Clearing Of Roadside Dustbin,Open,0,"Kanakagiri Main Rd, Horamavu Agara, Horamavu, Bengaluru, Karnataka 560016, India",Om Shakthi temple Horamavu Agara,13.0405476,77.668317,2,17.95,Possible category mismatch: road; ,True
13275,2021-06-17 09:51:00,145,Hombegowda Nagar,3rd cross Wilson Garden Near mosque towards hosur main road,3rd cross Wilson Garden Near mosque towards hosur main road,Garbage and Unsanitary Practices,Clearance Of Garbage Dump Or Black Spot,Open,0,"Rani Park, Vinayaka Nagar, Wilson Garden, Bengaluru, Karnataka, India",,12.9511055,77.5942248,14,53.23,Possible category mismatch: road; ,True
13296,2021-06-20 15:04:00,25,Horamavu,"There is no storm water drain at site 42, 7th Street in bank aven...","There is no storm water drain at site 42, 7th Street in bank avenue colony. kindly address this","Mobility - Roads, Footpaths and Infrastructure",Construction Of Roadside Drains,Open,0,"7Th Street, Chikka Nanjunda Reddy Layout, Bank Avenue, Bank Avenue Colony, Horamavu, Bengaluru, Karnataka, India",,13.0231477,77.653616,9,42.94,Possible category mismatch: drainage; ,True
13236,2021-07-06 13:37:00,160,Rajarajeshwari Nagar,Sanitary issue for entire road,We are complaining the BWSSB engineer and the corporator on the sanitary issue that we are facing frequently doe the entire road but nobody is actioning. Recent sanitary lines were newly added to all the  near by roads except for 2nd road. It becomes challenging during rainy season,Storm Water Drains,Desilting/Remove Blockage of Storm Water Drains,Open,0,"364, 43Rd Main Rd, Jawaregowda Nagar, Javarandoddi, Rr Nagar, Bengaluru, Karnataka 560098, India",Ganesha temple road,12.9294973,77.5207986,1,10.56,Possible category mismatch: road; ,True
13934,2021-07-10 11:21:00,93,Vasanth Nagar,Traffic jams in mg road,Traffic jams in mg road,Traffic and Road Safety,Traffic Jams/Congestion Or Bottlenecks,Open,0,"Pn19/4, Cunningham Road, Vasant Nagar, Bengaluru Urban, In, India",,12.98510556,77.59674361,2,17.95,Possible category mismatch: road; ,True
14117,2021-07-11 17:38:00,119,Dharmaraya Swamy Temple,Vyapuri Lane am road kalasiplyam,Vyapuri Lane am road kalasiplyam,Garbage and Unsanitary Practices,Clearance Of Garbage Dump Or Black Spot,Open,0,"44, Arumugam Mudaliar Road, Kalasipalyam, Bengaluru Urban, In, India",,12.96012304,77.57862424,16,56.25,Possible category mismatch: road; ,True
13517,2021-07-27 20:24:00,5,Jakkuru,Street lights not working,Street lights not working,Electricity and Power Supply,Regular Supply Of Electricity,Open,0,"Bsf Sts Rd, Niranthara Layout, Sathnur Village, Bengaluru, Karnataka 560063, India",,13.1250358,77.6309689,1,10.56,Possible category mismatch: streetlight; ,True
12794,2021-08-03 20:03:00,100,Basaveshwara Nagar,This road is always pitch dark and it’s risky to walk here. There...,This road is always pitch dark and it’s risky to walk here. There is only one street light and that is also covered by trees. We request the respected authority to fix another street light so that we feel safe and people can walk on the street without getting scared.,Street lighting,Installation Of New Streetlights,Open,1,"59, 4Th Main Road, Basaveshvara Nagar, Bengaluru Urban, In, India",,12.98657003,77.54358874,6,35.12,Possible category mismatch: road; ,True
13584,2021-08-08 13:08:00,25,Horamavu,Here we have no proper drainage facility.drain is always filled w...,Here we have no proper drainage facility.drain is always filled with dirty water from the factory next to house.full of stinking.,"Mobility - Roads, Footpaths and Infrastructure",Construction Of Roadside Drains,Open,0,"2Jwq+Qfr, Ashwath Nagar, Hbr Layout, Bengaluru, Karnataka 560077, India",,13.0468532,77.6383988,9,42.94,Possible category mismatch: drainage; ,True
13585,2021-08-08 13:21:00,6,Thanisandra,Here we have no proper drainage facility.drains are always filled...,Here we have no proper drainage facility.drains are always filled with dirty waters and surrounding is fully stinking.,"Mobility - Roads, Footpaths and Infrastructure",Construction Of Roadside Drains,Open,0,"Unnamed Road, Ashwath Nagar, Hbr Layout, Bengaluru, Karnataka 560045, India",,13.04733803,77.63820286,2,17.95,Possible category mismatch: drainage; ,True
13586,2021-08-08 19:18:00,48,Muneshwara Nagar,No roads in our area kindly fix the iss too much off traffic jam...,No roads in our area kindly fix the iss too much off traffic jam happens,"Mobility - Roads, Footpaths and Infrastructure",Tarring Or Asphalting Of Existing Road,Open,0,"1364, Shivraj Rd, Survey Number 4 Munimarappa Block, Dr Ambedkar Nagar, Kaval Bairasandra, Bengaluru, Karnataka 560045, India",,13.0113499,77.6129786,2,17.95,Possible category mismatch: traffic; ,True
14123,2021-08-11 13:30:00,175,Bommanahalli,"Devarachikkanahalli main road.. near Sagar layout 3rd Cross, 
Act...","Devarachikkanahalli main road.. near Sagar layout 3rd Cross, 
Actually I have it as a video where you see the drain hole closure has been almost pushed out by waters. This junction been repaired many times but looks it’s just adjustments and not a solution.
It’s no time to get this open and cause a serious damage to pedestrians or vehicles.",Storm Water Drains,Maintenance And Repair Of Storm Water Drains,Open,0,"Devarachikkanahalli Main Road, Maruthi Layout, Royal Shelters, Devarachiknahalli, Bommanahalli, Bengaluru, Karnataka, India",,12.8926759,77.6197713,2,17.95,Possible category mismatch: road; ,True
13651,2021-08-21 20:10:00,192,Begur,BBMP is dumping plastic on road,BBMP trucks are dumping plastic on road and not cleaning it. Exchange of garbage should be in a designated place not on road. The road smelly with rotten garbage.,Garbage and Unsanitary Practices,Clearance Of Garbage Dump Or Black Spot,Open,0,"45/45/27/7, Begur Koppa Road, Begur Road, Suraksha Nagar, Yelenahalli, Begur, Bengaluru, Karnataka 560068, India",Opposite to mdvr and begur woods layout,12.86742574,77.62064829,54,84.1,Possible category mismatch: road; ,True
13654,2021-08-22 14:01:00,22,Vishwanath Nagenahalli,Small rain and the road us clogged with water,Small rain and the road us clogged with water,Sanitation,Construction of storm water drains,Open,0,"153, Visvanatha Nagenahalli Main Rd, Patel Muniyappa Layout, Sri Venkateswara Nilaya, Kanaka Nagar, Bengaluru, Karnataka 560032, India",,13.0395225,77.6036684,1,10.56,Possible category mismatch: road; ,True
13675,2021-08-26 20:10:00,25,Horamavu,Storm water drains not cleaned before asphalting the road,Storm water drains not cleaned before asphalting the road,Sanitation,Desilting of Storm water Drains,Open,0,"15, 5Th Cross Road, Horamavu, Bengaluru Urban, In, India",,13.02439911,77.65636657,1,10.56,Possible category mismatch: road; ,True
13692,2021-08-29 12:32:00,109,Chickpet,Roads,"See we are faceing a lot of problems because of these roads,childrens not able to play,and many more.",Garbage and Unsanitary Practices,Clearance Of Garbage Dump Or Black Spot,Open,0,"Kv Ln, Akkipet, Chickpet, Bengaluru, Karnataka 560053, India",Near maruthi medical akkipet,12.971898,77.571647,23,65.57,Insufficient information in title; ,True
14138,2021-09-11 19:47:00,185,Yelchenahalli,9th main jc  industrial area opp dps school gate road not even si...,9th main jc  industrial area opp dps school gate road not even single street lights are not working,Street lighting,Maintenance/Repair Of Streetlights,Open,0,"65, Yelachenahalli, Kumaraswamy Layout, Bengaluru, Karnataka 560078, India",,12.8958484,77.563519,5,31.57,Possible category mismatch: road; ,True
14411,2021-09-12 10:07:00,77,Dattatreya Temple,Between 7th cross and 6 th cross There is a Concervence road oppo...,Between 7th cross and 6 th cross There is a Concervence road opposite to buy and save.back side of DX max Swiss castle. always garbage is dumbing in that road and  pubics are urinating. can't even enter in to that road. No staffs are cleaning that garbage nor making awareness. Every day we are suffering from Urine smell and garbage smell.please take necessary action to clean that place and Put penalty board for urinating people's. ladies can't even walk in that road.,Garbage and Unsanitary Practices,Clearance Of Garbage Dump Or Black Spot,Open,0,"Ds Max Swiss Castle, 7Th Cross Road, Malleswara, Bengaluru, Karnataka, India",,12.9982093,77.5729586,5,31.57,Possible category mismatch: road; ,True
13813,2021-09-17 10:34:00,94,Gandhi Nagar,Waste burning in Apollo hospital parking,Waste is burnt in Apollo hospital parking every second or third day. It creates a lot of air pollution and it is causing breathing issues to the residents nearby. Please help us in stopping this.,Garbage and Unsanitary Practices,Build Garbage/Waste Composting Units,Open,0,"T-6, 3 Main Rd, Vv Giri Colony, Seshadripuram, Bengaluru, Karnataka 560020, India",Apollo parking area,12.9881904,77.5731824,1,10.56,Possible category mismatch: traffic; ,True
13834,2021-09-19 18:48:00,130,Ullalu,People throw waste on the road side,People throw waste on the road side,Garbage and Unsanitary Practices,Clearing Of Roadside Dustbin,Open,0,"666, 4Th Main Road, Bhuvaneshwari Nagar, Bengaluru Urban, In, India",,12.94159328,77.49083821,2,17.95,Possible category mismatch: road; ,True
13884,2021-09-29 11:31:00,23,Nagavara,Without Permission Started Road Cuttings Plz Check And confirm Fr...,Without Permission Started Road Cuttings Plz Check And confirm From The Owner,Storm Water Drains,Maintenance And Repair Of Storm Water Drains,Resolved,1,"204, Old Rajendra Nagar, Venkateshpuram, Kadugondanahalli, Bengaluru, Karnataka 560045, India",,13.0260082,77.6152274,1,10.56,Possible category mismatch: road; ,True
13886,2021-09-29 20:28:00,91,Bharathi Nagar,Big pipes kept on road side and foot path slab removed without any work progress,"Hello Sir,

We could big pipes laying on the road side and foot path slab removed without any work progress due to this more mosquito going to houses and big pipes are disturbing the movement from house.",Sewerage Systems,Maintenance And Repair Of Sewage Lines,Resolved,1,"Mackan Rd, Bharati Nagar, Shivaji Nagar, Bengaluru, Karnataka 560001, India",Mackan road,12.9889034,77.610413,1,10.56,Possible category mismatch: road; ,True
12240,2021-10-01 09:57:00,4,Yelahanka Satellite Town,"Serious voltage fluctuation seen in our street (4th main road, Ju...","Serious voltage fluctuation seen in our street (4th main road, Judicial layout) since last 1 week.
unable to use lights/ac/oven/washing machine because of low voltage.
Please resolve at the earliest",Electricity and Power Supply,Regular Supply Of Electricity,Open,1,"4Th Main Road, Judicial Layout, Yelahanka, Bengaluru, Karnataka, India",,13.0806346,77.5893391,3,23.5,Possible category mismatch: road; ,True
12258,2021-10-01 17:18:00,84,Hagadur,Open drainage,Open drainage,Yellow Spot,Report A Broken Footpath,Open,0,"Near Forum Value Mall, Brooke Bond First Cross, Whitefield, Bengaluru, Karnataka 560066, India",,12.9617676,77.7472981,20,60.93,Possible category mismatch: drainage; ,True
12812,2021-10-03 17:49:00,11,Kuvempu Nagar,Parked on Footpath,Parked on Footpath,Traffic and Road Safety,Maintenance/Repair Of Traffic or Pedestrain Lights,Open,0,"Aveksha Hospital, M.s. Palya Road, Singapura, Bengaluru, Karnataka, India",,13.0821205,77.5409448,2,17.95,Possible category mismatch: road; ,True
12813,2021-10-03 17:52:00,11,Kuvempu Nagar,Parked on Footpath,Parked on Footpath,Traffic and Road Safety,Maintenance/Repair Of Traffic or Pedestrain Lights,Open,0,"Aveksha Hospital, M.s. Palya Road, Singapura, Bengaluru, Karnataka, India",,13.0821205,77.5409448,2,17.95,Possible category mismatch: road; ,True
13246,2021-10-06 12:18:00,9,Vidyaranyapura,Clearance of fallen tree resting on lamp post,"Last Friday, i.e.4.7.2021, there was heavy rainfall accompanied by thunderstorm that resulted in in a tall tree getting uprooted and fall. The fallen tree is resting on a lamp post.  After complaint to BESCOM/KEB the power supply to that line was cut off with the assurance to clear the fallen tree.  This has not been done till date and the tree continues to hang on precariously with the support of overhead cables and the lamp post, This is a potential danger to the numerous vehicles that go past. It can fall on anyone if it rains again heavily.",Garbage and Unsanitary Practices,Clearance Of Garbage Dump Or Black Spot,Resolved,1,"Sapthagiri Layout, Thindlu Main Road, Vidyaranyapura, Near Narayana School, Gd Layout, Doddabommasandra, Vidyaranyapura, Bengaluru, Karnataka 560097, India","Sai Apartments, 6A Main Road",13.07367278,77.56230359,24,66.94,Possible category mismatch: streetlight; ,True
13954,2021-10-10 17:37:00,14,Bagalakunte,This is the condition of our drainage system and roads in our str...,"This is the condition of our drainage system and roads in our street. and i don't remember how many times i have complaint regarding this. bt unfortunately no action is being taken. frm months we are facing dis problem. infection mosquitoes illness is being increased.. frm a kid till senior citizens and even animals are facing dis problem.. bt no action is being taken because ppl out thr are living safely and in a clean street so our complaints doesn't affect their lifestyles.. air pollution, mosquitoes, drainage smell lot more. it's very sad to know the working system of our government workers.. no proper road's, no proper footpath nor a clean nd hygiene surrounding due to dirty drainage system.. hope atleast nw seeing the live picture ll tk any step..","Mobility - Roads, Footpaths and Infrastructure",Construction Of Roadside Drains,Open,0,"5Th Cross Road, Shahadhri Layout, Sahyadri Layout, Siddeshwar Layout, Soundarya Layout, Bengaluru, Karnataka, India",,13.0652811,77.498932,5,31.57,Possible category mismatch: drainage; ,True
13035,2021-11-04 14:34:00,186,Jaraganahalli,The road hump(speed breaker) on Kanakapura Road opposite HM Tambo...,The road hump(speed breaker) on Kanakapura Road opposite HM Tamborine Apartments on way towards Jagranhalli Circle is not painted. Can cause serious accident,Traffic and Road Safety,Installation Of Traffic Sign Boards,Open,0,"Hm Tambourine, Kanakapura Road, Jarganahalli, Jp Nagar Phase 6, J. P. Nagar, Bengaluru, Karnataka, India",,12.9015341,77.5745987,1,10.56,Possible category mismatch: road; ,True
13607,2021-11-08 08:31:00,82,Garudachar Palya,"???? ?????? ?? ?????? ????? , ????? ???? ???? ?????????? ????? ??...","???? ?????? ?? ?????? ????? , ????? ???? ???? ?????????? ????? ???? ??????? ????? ???????? ???????? ???????? 
??????? ????????? ?????? ?????? ???? ??????????????","Mobility - Roads, Footpaths and Infrastructure",Tarring Or Asphalting Of Existing Road,Open,0,"6 To 12 Tiffin Center/ryan Enterprises, Kaveri Nagar, Krishnarajapura, Bengaluru, Karnataka, India",,12.9987362,77.7065182,11,47.83,Insufficient information in title; ,True
13959,2021-11-10 18:13:00,119,Dharmaraya Swamy Temple,Roadside drainage,"Dear sir/madam
I'm ASIYA REHMAN,resident of KALASIPALYA. We are facing a lot of issues with that road drainage system which was constructed successfully but left open and there is a lot of holes where the rain water gets flooded and mosquito infestation therefore many people are suffering from malaria 
I hope you will resolve this problem Asap
Thank you!","Mobility - Roads, Footpaths and Infrastructure",Construction Of Roadside Drains,Open,0,"Shop No, 79, 2Nd Main Rd, Kalasipalyam New Extension, Kalasipalya, Bengaluru, Karnataka 560002, India",OPP to new shree punjab hotel,12.960852,77.580938,4,27.84,Possible category mismatch: drainage; ,True
14202,2021-11-16 14:27:00,191,Singasandra,Roads and Garbage maintenance,"We recently brought a house in this location. Lot of families are living in this area even several residential communities are located in this area. We are facing a severe problems with the road maintenance and Garbage. There is not proper drain system for the road also road is not at all in good condition, we cannot even walk and drive any vehicle through this to reach the main road. If there is any medical emergency etc road is not suitable for an ambulance or fire engine to enter the location, and there are thousands of people living in this area. Garbage is been thrown roadside where people pass by to go to main road due which lot are suffering from several diseases. It's in worst condition. Please consider this and take an immediate action to fix this government will be responsible for further loss.","Mobility - Roads, Footpaths and Infrastructure",Tarring Or Asphalting Of Mud/Kutcha/Unpaved Road,Open,0,"Vmhf+Wp7, Choodasandra, Bengaluru, Karnataka 560099, India",Doddamara road,12.87993352,77.67385525,5,31.57,Possible category mismatch: garbage; ,True
14212,2021-11-17 16:25:00,100,Basaveshwara Nagar,Drainage &amp; wall must constructed wards 100,See almost there are dumped garage & not maintaining properly.,"Mobility - Roads, Footpaths and Infrastructure",Construction Of Roadside Drains,Resolved,1,"Saneguruvanahalli, Basaveshwar Nagar, Bengaluru, Karnataka 560079, India",Opposite to vijay laxmi one gram gold,12.9908883,77.5440288,2,17.95,Possible category mismatch: drainage; ,True
14223,2021-11-18 12:05:00,73,Kottigepalya,Potholes,Huge potholes difficu,"Mobility - Roads, Footpaths and Infrastructure",Fixing/Reparing Potholes,Open,0,"Sunkadakatte, Bengaluru, Karnataka 560091, India",Opposite to bus stand,12.9918405,77.5046475,10,45.78,Insufficient information in title; ,True
14288,2021-11-25 09:40:00,196,Anjanapura,BAD ROADS &amp; NO DOOR TO DOOR GARBAGE COLLECTION,"Sir, we are facing lot of problems without any proper road, sewage connection and water connection.  During rainy days our road will become very worst even to walk or to go in vehicles.  Because of this bbmp is not collecting the garbage door to door and people are throwing in and aound vaccancy sites.  Your intervention at the earliest is highly appreciated.  Thank you","Mobility - Roads, Footpaths and Infrastructure",Tarring Or Asphalting Of Existing Road,Open,0,"2Nd Cross Rd, Deepthi Nagar, 8Th Phase, J. P. Nagar, Kothnur, Karnataka 560078, India",Mariya mart sarathy nagar 2nd cross,12.8766386,77.5698755,11,47.83,Possible category mismatch: garbage; ,True
14311,2021-11-27 10:29:00,143,Vishveshwarapura,Water flowing in road,"Dear sir
water is flowing in road, mostly drain is blocked. (not bwssb water)",Storm Water Drains,Maintenance And Repair Of Storm Water Drains,Open,0,"Sajjan Rao Rd, Parvathipuram, Vishweshwarapura, Shankarapura, Bengaluru, Karnataka 560004, India",Near basappa circle signal,12.956159,77.577219,1,10.56,Possible category mismatch: road; ,True
14317,2021-11-27 17:18:00,11,Kuvempu Nagar,Worst road,Road is filled with pot holes and very difficult to travel,Garbage and Unsanitary Practices,Clearing Of Roadside Dustbin,Open,0,"Lattice Network Rd, Adityanagar, Vidyaranyapura, Bengaluru, Karnataka 560097, India",Regency  public school,13.085932,77.555418,1,10.56,Possible category mismatch: road; ,True
14341,2021-11-30 07:21:00,9,Vidyaranyapura,Black Spot on both sides of the road. Please clear,Black Spot on both sides of the road. Please clear,Garbage and Unsanitary Practices,Clearance Of Garbage Dump Or Black Spot,Resolved,1,"Gkvk Road, Gandhi Krishi Vignan Kendra, Bengaluru Urban, In, India",,13.07650347,77.5653653,24,66.94,Possible category mismatch: road; ,True
12336,2021-12-01 10:06:00,179,Shakambari Nagar,Manhole over flow,Manhole over flow,Yellow Spot,Report Garbage or Debris on Footpath,Open,0,"32, Sarakki Main Rd, Cr Layout, 1St Phase, J. P. Nagar, Bengaluru, Karnataka 560078, India",,12.9157191,77.57927007,1,10.56,Possible category mismatch: drainage; ,True
12828,2021-12-03 15:12:00,25,Horamavu,"Pathetic Roads, Improper Garbage Management.","Most of the roads in Hoysala Nagar/TC Palya road are in pathetic condition. There are many potholes, bumpy & completely uneven roads impacting many people who dwell in the area. Every time we see some people digging these narrow roads, creating a mess. Also there is no proper garbage management system, i see most of the packages are scattered on the road.","Mobility - Roads, Footpaths and Infrastructure",Fixing/Reparing Potholes,Open,1,"Tc Palya Main Road, Hoysala Nagar, Horamavu, Bengaluru, ??????? 560016, India","Near the Bridge, all the way to ICICI Bank, other areas of TC Palya",13.0136428,77.6638242,99,94.44,Possible category mismatch: garbage; ,True
12830,2021-12-03 17:22:00,191,Singasandra,Drainage issue,Purva Skywoods apartment is not allowing to complete the drainage work and water flows on main road. Complaints raised through BBMP app is closed as this comes under Major Road and no action taken. during rains water comes to knees and very hard to commute other wise also.,"Mobility - Roads, Footpaths and Infrastructure",Construction Of Roadside Drains,Open,0,"Survey No. 92, Off Village, Kudlu, Silver County Rd, Lakedew Residency- Phase 2, Haralur, Karnataka 560068, India",Silver county,12.8933808,77.6609237,5,31.57,Possible category mismatch: drainage; ,True
14460,2021-12-17 12:05:00,16,Jalahalli,This toilet next to Jalahalli Traffic Police Station is locked an...,This toilet next to Jalahalli Traffic Police Station is locked and looks dilapidated. Please repair,Yellow Spot,Report A Dirty or Unusable Public Toilet,Open,0,"Hmt Main Road, Jalahalli, Bengaluru Urban, In, India",,13.0489216,77.54968216,1,10.56,Possible category mismatch: traffic; ,True
14511,2021-12-28 18:41:00,40,Dodda Bidarakallu,Thigalarpalya main road near government rice depo the street ligh...,Thigalarpalya main road near government rice depo the street light are not working properly,Street lighting,Maintenance/Repair Of Streetlights,Open,0,"Thigalarapalya Main Road, Tigalarapalya, Bengaluru Urban, In, India",,13.01525175,77.48571509,5,31.57,Possible category mismatch: road; ,True
15392,2022-01-05 10:10:00,173,Jakkasandra,Need to replace broken rain water drain,Rain water drain near our apartment has been broken and it needs replacement. The place has become a Center for dumping garbage due to this. Please fix as early as possible. This slab is broken almost from a month and local authorities aren’t taking action to fix it.,Yellow Spot,2B- Repair Broken Footpath,Open,0,"Wjfq+923, 3Rd Main Rd, Jakkasandra, 1St Block Koramangala, Hsr Layout 5Th Sector, Bengaluru, Karnataka 560034, India",Backside of Jakkasandra Government School,12.9233763,77.637543,1,10.56,Possible category mismatch: drainage; ,True
14610,2022-01-14 18:18:00,167,Yediyur,Many bulbs of traffic light at the junction of K R Road and South...,Many bulbs of traffic light at the junction of K R Road and South End Road needs to be replaced.,Traffic and Road Safety,Maintenance/Repair Of Traffic or Pedestrain Lights,Resolved,1,"71, Sri Krishna Rajendra Road, Basavanagudi, Bengaluru Urban, In, India",,12.93719542,77.57420809,1,10.56,Possible category mismatch: road; ,True
14668,2022-01-24 02:09:00,90,Ulsoor,Pending manhole work,"Hello, there’s a manhole which cracked open on our road for more than a month now causing obstruction to vehicle movement and safety hazard for children and pets. Please attend and fix this at the earliest as this work has been pending for more than a month now.","Mobility - Roads, Footpaths and Infrastructure",Fixing/Reparing Potholes,Open,0,"19, Someshwarpura, Halasuru, Karnataka 560008, India",BSNL back gate,12.9742135,77.62140256,10,45.78,Possible category mismatch: drainage; ,True
14680,2022-01-29 06:28:00,139,K R Market,??.??? ?????????? ????? ???????? ????? ????????? ???????? ???? ??...,??.??? ?????????? ????? ???????? ????? ????????? ???????? ???? ???. ??? ???? ?? ????? ???? ???????????. ???????? ???????? ?? ?????? ????????? ??? ?????????? ???????? ?????? ?????? ????????????????. ?????? ? ????????? ?????? ???????? ?????????????. ???????? ?????? ??? ?????? ????????????? ??????.,"Mobility - Roads, Footpaths and Infrastructure",Fixing/Reparing Potholes,Open,0,"#x73,grain Bazar, City Market, Kr Market, Mamulpet, Chickpet, Bengaluru, Karnataka 560002, India",,12.96491827,77.57677027,10,45.78,Insufficient information in title; ,True
14888,2022-02-03 18:53:00,148,Ejipura,Storm water drain not covered,Storm water drain not covered stagnent water resulting in mosquito menace,"Mobility - Roads, Footpaths and Infrastructure",Need Covering Slabs For Roadside Drains,Open,0,"18, 80 Feet Rd, Near Sony Signal, Koramangala 4Th Block, Koramangala, Bengaluru, Karnataka 560034, India",Next to Reliance digital,12.9363849,77.6279894,1,10.56,Possible category mismatch: drainage; ,True
15217,2022-02-04 12:35:00,194,Gottigere,"Only recently our residential road was asphalted,however since th...","Only recently our residential road was asphalted,however since the new road has been made heavy vehicles including BMTC have started using residential road. Please put up a sign board saying heavy vehicles not allowed. We would also request you install road humps to avoid overspeeding",Traffic and Road Safety,Installation Of Traffic Sign Boards,Open,0,"78, Royal County, 1St Phase, Gottigere, Bengaluru, Karnataka 560083, India",,12.86802563,77.57644954,1,10.56,Possible category mismatch: road; ,True
14807,2022-02-22 22:57:00,192,Begur,Couple of Streetlights are not working in the road since a month....,"Couple of Streetlights are not working in the road since a month. Kindly resolve it as early as possible.
Address : 9th Cross, 2nd Block, Vishwapriya Layout, Beguru, Bengaluru -560068",Street lighting,Maintenance/Repair Of Streetlights,Open,0,"279, 9Th Cross St, Vishwapriya Nagar, Bommanahalli, Bengaluru, Karnataka 560068, India",,12.8807896,77.6285434,46,81.6,Possible category mismatch: road; ,True
14852,2022-02-26 10:15:00,90,Ulsoor,Poor lighting,"Approaching from Old Madras road coming towards JC Nagar, at the circle there is no traffic light - makes it unsafe and less cheerful",Traffic and Road Safety,Installation Of Traffic or Pedestrain Lights,Open,0,"Ulsoor Lake, Sivanchetti Gardens, Halasuru, Karnataka 560042","Junction of 4 roads Assaye road, St. John Church road, one road along Lake, one road connecting to Old MAdras road",12.9832468,77.6199608,2,17.95,Possible category mismatch: streetlight; ,True
14911,2022-03-03 09:46:00,167,Yediyur,Potholes,Full of potholes even after recent pothole fillings,"Mobility - Roads, Footpaths and Infrastructure",Fixing/Reparing Potholes,Open,0,"220, Tata Silk Farm Rd, Thyagaraja Nagar, Basavanagudi, Bengaluru, Karnataka 560050, India",Near anganwadi,12.93140593,77.57054103,7,37.79,Insufficient information in title; ,True
14928,2022-03-03 13:24:00,38,HMT,Major roads without any public or road users safety,"The pipeline road from MES ring road to Basaveswara bus stand is a real accident porne, many accidents happen at triveni welcast junction and karvalves junction.i have been following up for last 5 years, major road layed without any safety.i followed up with traffic police and got sanction for road humps but only partially implemented.the two most accident prone spot left out, many follow ups done, who cares?
Atleast humps and signboard will reduce casualties...",Traffic and Road Safety,Installation Of Traffic Sign Boards,Open,2,"16-A, Phase -1, Peenya, Bengaluru, Karnataka 560058, India",Welcast triveni junction of pipeline road requires road hump and 4 road junction sign board..Also one T junction sign board required at karvalve junction of pipeline road,13.04126804,77.52884738,2,17.95,Possible category mismatch: road; ,True
14933,2022-03-03 15:28:00,12,Shettihalli,Request for chikbanavara railway station destination sign in on hesserghata road,There is no destination board for chikbanavara railway station.i sugest at 4 road junction opp ioc petrol pump one destination board be kept at median for the benifit of citizen coming from far end of Bangalore. Many time citizens get confused for destination going to deadene taking u turn etc. I feel proper destination board will be helpful.,Traffic and Road Safety,Installation Of Traffic Sign Boards,Open,0,"Chikka Banavara Junction, Geleyara Balaga Layout, Chikkabanavara, Bengaluru, Karnataka 560090, India",4 road junction opp ioc petrol pump,13.07513283,77.50460346,2,17.95,Possible category mismatch: road; ,True
15621,2022-03-06 13:48:00,100,Basaveshwara Nagar,????? ???????? ??????????? ??? ????????????????? ????????? ???? ?...,"????? ???????? ??????????? ??? ????????????????? ????????? ???? ??????? ???????? ?? ???? ????????????
????? ?????? ???????????? ????????????? ???????? ????? ??? ?????",Yellow Spot,2C- Remove Garbage or Debris on Footpath,Resolved,1,"5Th D Main Rd, Basaveshwar Nagar, Saneguruvanahalli, Basaveshwar Nagar, Bengaluru, Karnataka, India",,12.9897293,77.544209,2,17.95,Insufficient information in title; ,True
15105,2022-03-16 20:51:00,76,Gayathri Nagar,"2nd Cross Road, Nagappa Block, Srirampura, just left side road of...","2nd Cross Road, Nagappa Block, Srirampura, just left side road of pavan english school is dug up for pipe line in the middle of the road but heavy traffic is not closed and creating huge traffic jam, verbal fights etc inconveniencing the residents of the area, hence request traffic police to close this road for traffic and regulate",Traffic and Road Safety,Traffic Jams/Congestion Or Bottlenecks,Open,0,"2Nd Cross Road, Nagappa Block, Srirampura, Bengaluru, Karnataka 560021, India",,12.9958558,77.5638445,2,17.95,Possible category mismatch: road; ,True
15107,2022-03-17 09:50:00,52,K R Puram,We are living on Manjunatha layout on sacred heart road tc palaya...,"We are living on Manjunatha layout on sacred heart road tc palaya. 
Last two weeks water did not supply. Only supplied less time with little speed less than hour. 
Please maintain regular water supply. This is on ward 52.",Water Supply,Maintain regular water supply,Open,0,"Sacred Heart Road, Sunshine Layout, Battarahalli, Bengaluru, Karnataka, India",,13.0247873,77.7011716,1,10.56,Possible category mismatch: road; ,True
15176,2022-03-25 14:34:00,7,Byatarayanapura,Parallel road to Railway underpass at Sahakarnagar towards Canara...,Parallel road to Railway underpass at Sahakarnagar towards Canara bank Layout has no street lights and has a lot of people traveling and walking. It's a security risk as robbers can use the railway track close to the road and run away. Please install new street lights along the road urgently.,Street lighting,Installation Of New Streetlights,Open,0,"Sahakar Nagar, Bengaluru, Karnataka, India",,13.0623425,77.5871032,1,10.56,Possible category mismatch: road; ,True
15180,2022-03-27 15:58:00,76,Gayathri Nagar,2nd Cross Road stretch from Ramamurthy road(7th main) till pavan...,"2nd Cross Road stretch from Ramamurthy road(7th main) till pavan school junction located in Nagappa Block, Srirampura runs through fully residential areas, but vehicular traffic density is too much including heavy trucks and buses, this is causing heavy air, dust&sound pollution, traffic jams and quarrels, very difficult to cross the road and walk on this road for the residents of the area, peaceful living is completely ruined. This road can be made traffic free from by widening and repairing the road running below and adjacent to namma metro line from Ayyappa Temple till Devaiaha Park junction directing the traffic with proper sign and display boards, traffic cops, signal lights etc. Hence i request authorities to immediately and urgently address this issue and solve the problem for peaceful living conditions of residents of this area
Regards",Traffic and Road Safety,Traffic Jams/Congestion Or Bottlenecks,Open,0,"Xhw7+7Xm, Srirampura, Bengaluru, Karnataka 560021, India",,12.99558403,77.56515023,2,17.95,Possible category mismatch: road; ,True
14949,2022-04-03 13:20:00,199,Other,"Horrible and scary roads , no street lights",Roads are very horrible to ride two wheeler and walk as well ...it will be worst during rainy days. Also no street lights.. please take this on priority to repair road and install street lights existing ones needs to be repaired and put up bright lights. Due to darkness around 7 pm chain and bag snatchers are taking advantage and noticed a case yesterday on neeladri investment layout 6th main..,"Mobility - Roads, Footpaths and Infrastructure",Fixing/Reparing Potholes,Open,0,"98, Bettadasanapura Main Rd, Celebrity Paradise Layout, Doddathoguru, Electronics City Phase 1, Electronic City, Bengaluru, Karnataka 560100, India","Starting From thogur cross to inside doddathohuru, neeladri investment layout",12.84679292,77.64811996,148,98.51,Possible category mismatch: streetlight; ,True
15402,2022-04-05 08:07:00,12,Shettihalli,Road connecting from Abbigere Pillappa circle to Greenwood apartm...,Road connecting from Abbigere Pillappa circle to Greenwood apartments are dumped with garbage,Garbage and Unsanitary Practices,Garbage Dumping In Vacant Lot/Land,Open,0,"Sri Mahalakshmi Temple, Pipeline Road, Kereguddadahalli, Abbigere, Bengaluru, Karnataka, India",,13.0772575,77.5215734,3,23.5,Possible category mismatch: road; ,True
15628,2022-04-06 14:18:00,178,Sarakki,Storm drain missing a concrete slab cover is a death trap,The concrete slab is missing creating a huge hole in the footpath that's almost 5 ft deep and can be a death trap when it rains,Yellow Spot,2B- Repair Broken Footpath,Open,0,"611, 611, Outer Ring Rd, Sarakki, Jp Nagar Phase 6, J. P. Nagar, Bengaluru, Karnataka 560092, India",Opp. BSK Diagnostics,12.90617329,77.57621934,1,10.56,Possible category mismatch: drainage; ,True
15283,2022-04-14 21:28:00,182,Padmanabha Nagar,Blocked drain,"This is to bring to your kind information that the road drain attached to our house on the north and south sides is completely blocked. Added to this, the drainage on the other side of the road is blocked while constructing itself. Now the water flows only through the drain towards our house.
The water from the Netakallapa Aquatic Center is also directed towards this drain. As a result, the water pressure is extreme and the water gushes out from the drains and back flows into our compound area and garage. We are bearing this nuisance since several years. With the onset of monsoons, it would be more difficult to manage. 10 minutes of rainfall would require hours to clean up. Several times, we have pulled up footballs that flow through the drain from the aquatic centre and block our road drains.
We request you toopen the blocked drains on both sides of the road to distribute the flowing water pressure and also some measure to channeling the water from the aquatic center.
Hope you will understand our misery.
Awaiting for necessary action at the earliest.
Leela Srinivas,
W/o. P.R. SREENIVAS
Resident of 3B main Road, Brindavan Layout.","Mobility - Roads, Footpaths and Infrastructure",Construction Of Roadside Drains,Open,0,"3Rd B Main Rd, Brindavan Layout, Padmanabhanagar, Bengaluru, Karnataka 560061, India","Two roads parallel to kumarans pu college, 3B Main Road",12.9132487,77.5559303,2,17.95,Possible category mismatch: drainage; ,True
15300,2022-04-17 08:59:00,198,Hemmigepura,"On the Pattanagere road near Global Village Tech Park, there is a...","On the Pattanagere road near Global Village Tech Park, there is a broken drain which needs to be fixed immediately.",Sanitation,Repair  of broken storm water drains,Open,0,"25, Pattanagere Main Rd, Bhel Layout, Rr Nagar, Bengaluru, Karnataka 560098, India",,12.9227938,77.5056483,1,10.56,Possible category mismatch: road; ,True
15301,2022-04-17 12:13:00,159,Kengeri,? ??????? ?????? ??? ??????? ??????,? ??????? ?????? ??? ??????? ??????,Yellow Spot,2C- Remove Garbage or Debris on Footpath,Open,0,"Nm Kumar #10 Byraveshvara Nilaya (Kanakapura Building, 9Th Cross Rd, Harsha Layout, Kengeri, Bengaluru, Karnataka 560060, ????",,12.9190565,77.4852143,2,17.95,Insufficient information in title; ,True
15338,2022-04-23 11:08:00,154,Basavanagudi,"NR colony, Basavanagudi, 4th main road","NR colony, Basavanagudi, 4th main road",Garbage and Unsanitary Practices,Clearance Of Garbage Dump Or Black Spot,Open,0,"4Th Main Road, Nr Colony, Basavanagudi, Bengaluru, Karnataka, India",,12.9377687,77.5674874,16,56.25,Possible category mismatch: road; ,True
15350,2022-04-26 07:52:00,21,Hebbal,3 days strat in road open daringge,Rt nagar cholanayakanahalli,Storm Water Drains,Maintenance And Repair Of Storm Water Drains,Open,0,"394, Rt Nagar, Cholanayakanahalli, Hebbal, Bengaluru, Karnataka 560024, India",Sumnagali seva ashram 5 th cross sonnappa layout,13.0373749,77.5957899,1,10.56,Possible category mismatch: road; ,True
15351,2022-04-26 10:41:00,111,Shantala Nagar,Tree cut but house owner and left on the footpath has now become...,Tree cut but house owner and left on the footpath has now become a garbage dump. Please fine the violator and clear this area urgently before it becomes a black spot thank you,Garbage and Unsanitary Practices,Clearance Of Garbage Dump Or Black Spot,Open,0,"Rest House Road, Shanthala Nagar, Ashok Nagar, Bengaluru, Karnataka, India",,12.9728384,77.6059257,38,78.17,Possible category mismatch: road; ,True
15353,2022-04-26 13:18:00,192,Begur,They have not collected the roadside drainage waste till 15 days,They have not collected the roadside drainage waste till 15 days,"Mobility - Roads, Footpaths and Infrastructure",Construction Of Roadside Drains,Open,0,"Basavanapura, Bengaluru Urban, In, India",,12.84812695,77.59211517,12,50.36,Possible category mismatch: drainage; ,True
15363,2022-04-27 20:28:00,25,Horamavu,Broken drainage slabs,Slabs of drainage are broken might cause threat to pedestrian,Yellow Spot,2B- Repair Broken Footpath,Open,0,"12, 1St Main Rd, Geddalahalli, Bharati, Narayanapuraa, Bengaluru, Karnataka 560077, India",Infront of venu medicals,13.05274856,77.64618218,1,10.56,Possible category mismatch: drainage; ,True
15380,2022-04-29 15:17:00,162,Girinagar,"Daily road cleaners accumulate waste here.
The reason for raise o...","Daily road cleaners accumulate waste here.
The reason for raise of insects & pests",Garbage and Unsanitary Practices,Clearance Of Garbage Dump Or Black Spot,Open,0,"1St D Main Road, Giri Nagar, Bengaluru Urban, In, India",,12.94023793,77.5397904,30,72.76,Possible category mismatch: road; ,True
15227,2022-05-04 17:06:00,6,Thanisandra,UNEARTHED ROADS FOR SEWAGE AND UNGROUND CABLING WORKS,"The Sanchar Nagar Road, Aswath Nagar has been neglected from 2018 until date while the adjacent roads - Aman Enclave towards Hennur, Thanisandra Main Road, have all been tarred and asphalted.  The tarring vehicles and machines are stationed on these roads, with no work happening to this day.","Mobility - Roads, Footpaths and Infrastructure",Tarring Or Asphalting Of Existing Road,Open,0,"Sanchar Nagar Mcechs Layout, Ashwath Nagar, Hbr Layout, Bengaluru, Karnataka 560045, India",Opposite Shell Petrol Bunk,13.051918,77.6371459,88,92.86,Possible category mismatch: drainage; ,True
15416,2022-05-05 12:37:00,150,Bellanduru,Building entrance is blocked due to Sewage work,"In front of our building, sewage work was going on. Entrance is already blocked from many days. Now work is completed but it is left digged outside. Road is also broken.

Please fix the digged area and road, so that we can fix our entrance. It is like we are trapped in the building.","Mobility - Roads, Footpaths and Infrastructure",Fixing/Reparing Potholes,Open,0,"Wm2M+Xg Bengaluru, Karnataka, India",Sri Balaji Enclave,12.90241112,77.68386471,184,100.0,Possible category mismatch: drainage; ,True
15418,2022-05-05 18:13:00,162,Girinagar,The vacant site is behind bimal maruti showroom 80ft road near se...,"The vacant site is behind bimal maruti showroom 80ft road near seetha circle girinagar. solid waste, incessant disposal of waste including water and sanitary outlets being directed to the vacant site. no action from the site owner. pls inspect and get the waste cleared. rodents and mosquito menace has become perennial.",Garbage and Unsanitary Practices,Garbage Dumping In Vacant Lot/Land,Open,0,"Krsna Sound And Secure, 1St Main Road, 1St Phase Girinagar, 4Th Phase, Banashankari Stage I, Banashankari, Bengaluru, Karnataka, India",,12.9366254,77.5478356,5,31.57,Possible category mismatch: road; ,True
15892,2022-05-07 07:26:00,54,Hoodi,Drainage system,"There is no proper drainage system here it ,the rain comes all the houses under the water several time complaint but ther is no action has been taken ,we facing seivour problem during rainy season ,we are paying taxes to the govt but still but still ther e no proper arrangements has been done requesting to please look into the mater and resolve the issue.","Mobility - Roads, Footpaths and Infrastructure",Construction Of Roadside Drains,Open,0,"Jinkethimmanahalli, Varanasi, Bengaluru, Karnataka 560016, India",Behind Vishal mart,13.0239364,77.6860567,7,37.79,Possible category mismatch: drainage; ,True
15523,2022-05-21 08:35:00,73,Kottigepalya,There is a sink hole developed in my road . so please do somethin...,There is a sink hole developed in my road . so please do something to close this.,Sanitation,Repair  of broken storm water drains,Open,0,"781, 7Th Main Rd, Govindaraja Nagar Ward, 9 Block, Naagarabhaavi, Bengaluru, Karnataka 560072, India",,12.9696252,77.5155801,1,10.56,Possible category mismatch: road; ,True
15556,2022-05-26 11:42:00,190,Mangamannapalya,Road Side drains are blocked and overflowing,"Respected Sir / Madam.

This is to address the ongoing issues at my locality which was reported to BBMP through Sahaya and no action has been taken .

1.Complaint ID  20236317
Road Side drains are blocked and overflowing which is causing bad odour and insects are    rapidly spreading in this vicinity.
This is next to Kids school which is causing health issues for kids and elders . Kindly request the concerned authorities to close this drainage at earliest .

2. Complaint ID  20208009
Request to kindly have periodic fogging in this area to prevent mosquitoes.
Residents have started vacating the properties due to this .
A complaint has been raised in january and it has not been actioned even to this day .

Address:
18 9th main Sri ram nagar Garve Bavi palya
Opp to ICICI ATM, Near Smiling Kids Pre school
Bangalore 560068

Location : https://maps.app.goo.gl/n21rXj2wFWuZqwCU7",Storm Water Drains,Maintenance And Repair Of Storm Water Drains,Open,0,"9Th Main Hongasandra Road, Garebhavipalya, Near Icici Atm, Mico Layout, Hongasandra, Bengaluru, Karnataka 560068, India",Near Harish Bar,12.89353,77.631594,3,23.5,Possible category mismatch: road; ,True
15562,2022-05-26 21:34:00,171,Gurappanpalya,Because of this Scrap Materials Road has became shorter & They ha...,Because of this Scrap Materials Road has became shorter & They have covered all most Half of the Road,Garbage and Unsanitary Practices,Implementation Of Waste Segregation/Garbage,Open,0,"11, 2Nd Main Rd, Bismillahnagar, S.g. Palya, Bengaluru, Karnataka 560029, India",,12.9264498,77.6026982,1,10.56,Possible category mismatch: road; ,True
15565,2022-05-27 17:04:00,184,Uttarahalli,Potholes and Water Leakage,Water maintenance is poor because of with we can see potholes. Its really pain to drive on the road.,"Mobility - Roads, Footpaths and Infrastructure",Fixing/Reparing Potholes,Open,0,"No.244/243 Jayanagar Hbcs, Gubbalala Main Rd, Deepika Layout, Gubbalala, Subramanyapura, Bengaluru, Karnataka 560061, India",Near Indrani Shooting House,12.88812334,77.54121479,19,59.47,Possible category mismatch: water; ,True
15597,2022-05-31 20:13:00,31,Kushal Nagar,Very Bad Smell Can't Sit In House Have Children's Walking And  Fo...,Very Bad Smell Can't Sit In House Have Children's Walking And  For Smell It's Been Effecting A Lot.,Storm Water Drains,Maintenance And Repair Of Storm Water Drains,Open,0,"6Th Cross Road, Anwar Layout, Kadugondanahalli, Bengaluru, Karnataka, India",,13.014633,77.6151666,1,10.56,Possible category mismatch: garbage; ,True
14564,2022-06-01 11:09:00,150,Bellanduru,Drainage water full of road very difficult to walking,Drainage water full of road very difficult to walking,Garbage and Unsanitary Practices,Clearance Of Garbage Dump Or Black Spot,Resolved,1,"56, Panathur Main Rd, Munireddy Layout, Kaverappa Layout, Kadubeesanahalli, Panathur, Bengaluru, Karnataka 560103, India",,12.93832333,77.69799667,68,89.0,"Possible category mismatch: drainage, road; ",True
14972,2022-06-03 23:30:00,25,Horamavu,Required road divider,"Not having the road divider, public not following traffic rule and creating traffic jam. And control on road side vehicle parking",Traffic and Road Safety,Traffic Jams/Congestion Or Bottlenecks,Open,0,"Shop Number 2, Apex Pearl Apartments, Horamavu Main Road, B.y. Narayana Reddy Layout, Nanjappa Garden, Hormavu, B.y. Narayana Reddy Layout, Horamavu Banaswadi, Horamavu, Bengaluru, Karnataka 560043, India",Horanavu main road,13.02071833,77.65683166,4,27.84,Possible category mismatch: road; ,True
15687,2022-06-13 21:02:00,199,Other,Drainage leak on road. Causing health issues,Drainage leak on road. Causing health issues,Garbage and Unsanitary Practices,Build Garbage/Waste Composting Units,Open,0,"Bengaluru Urban, In, India",,12.83840301,77.64960268,3,23.5,"Possible category mismatch: drainage, road; ",True
15729,2022-06-18 19:41:00,178,Sarakki,No street light from past 10 days....,No street light from past 10 days....,Traffic and Road Safety,Repair of  mast light at a busy road (main road) junction,Open,0,"114, 10Th Main Rd, Jeewan Sathi Colony, 1St Phase, J. P. Nagar, Bengaluru, Karnataka 560041, India",,12.9099204,77.5829299,1,10.56,Possible category mismatch: streetlight; ,True
15742,2022-06-20 09:57:00,3,Atturu,???? ??????? ?? ??? ???? ???????? ????? ?????????. 20 ??????? ???...,???? ??????? ?? ??? ???? ???????? ????? ?????????. 20 ??????? ???????. BBMP ?? ?????? ???? ???? ??????? ??? ???????. ??????? ??? ????????????? ???? ???? ? ??? ????? ?????????.,Garbage and Unsanitary Practices,Collection Of Door-to-door Garbage,Open,0,"Santhosh Nagar, Attur, Yelahanka New Town, Bengaluru, Karnataka, India",,13.1036715,77.5838998,5,31.57,Insufficient information in title; ,True
15778,2022-06-22 18:50:00,175,Bommanahalli,"Near Roopena agrahara, left side of metro line no drainage openin...","Near Roopena agrahara, left side of metro line no drainage openings are closed. during heavy rain we can't judge hole and road. please close before it taking precious life.","Mobility - Roads, Footpaths and Infrastructure",Construction Of Roadside Drains,Open,0,"174C, Nh 44, Kas Officers Colony, Roopena Agrahara, Bommanahalli, Bengaluru, Karnataka 560068, India",,12.9141414,77.623573,2,17.95,Possible category mismatch: drainage; ,True
15820,2022-06-26 13:32:00,56,A Narayanapura,Dangerous Broken Covering Drain Slab,There is a slab that covers a drain at intersection of 1A Cross and Kaggadasapura Main Rd. This slab is dangerously broken and getting eroded day by day. Lots of vehicles are getting stuck at this drain. There is risk of children slipping. Please please fix repair this slab.,"Mobility - Roads, Footpaths and Infrastructure",Need Covering Slabs For Roadside Drains,Open,0,"1St A Cross Rd, Nagavarapalya, C V Raman Nagar, Bengaluru, Karnataka 560093, India",Lane entering towards August Park Apts (1A Cross).,12.9875083,77.6702689,2,17.95,Possible category mismatch: drainage; ,True
15833,2022-06-28 10:45:00,142,Sunkenahalli,Struggling to take right and left in my road corner always Indian...,Struggling to take right and left in my road corner always Indian oil pump road basavangudi near shekhar hospital,Traffic and Road Safety,Traffic Jams/Congestion Or Bottlenecks,Open,0,"50, W Anjaneya Temple St, Gandhi Bazaar, Basavanagudi, Bengaluru, Karnataka 560004, India",,12.94608672,77.56857109,1,10.56,Possible category mismatch: road; ,True
15647,2022-07-06 06:40:00,181,Kumaraswamy Layout,??????????? ??????? ??? ????????? ?????? ??????? ?????? ?????????...,??????????? ??????? ??? ????????? ?????? ??????? ?????? ??????????,Garbage and Unsanitary Practices,Clearance Of Garbage Dump Or Black Spot,Open,0,"??????????? ????? 2 ?? ??? ??????, Kumaraswamy Layout Ii Stage, 1St Stage, Kumaraswamy Layout, Bengaluru, Karnataka, India",,12.9034779,77.5573924,22,63.9,Insufficient information in title; ,True
15653,2022-07-06 16:27:00,152,Suddagunte Palya,No way for sewage and they have left the path way to the sewage o...,No way for sewage and they have left the path way to the sewage other side no footpaths and no proper maintenance from BBMP,Yellow Spot,"2A- Require New Footpath
",Open,0,"8/1, 2Nd Main, 5Th Cross Rd, Tavarekere, Venkateshwara Layout, S.g. Palya, Bengaluru, Karnataka 560029, India",,12.9324711,77.6084937,1,10.56,Possible category mismatch: drainage; ,True
15942,2022-07-13 17:17:00,145,Hombegowda Nagar,Nomaintenance,Nomaintenance,Yellow Spot,1C- Repair Dirty or Unusable Public Toilet,Open,0,"Hosur Main Road, Wilson Garden, Bengaluru Urban, In, India",,12.94820532,77.59382827,1,10.56,Insufficient information in title; ,True
15946,2022-07-14 15:43:00,111,Shantala Nagar,????? ????? ????? ????? ??????? ????? ??? ???????? ????? ?????? 3...,????? ????? ????? ????? ??????? ????? ??? ???????? ????? ?????? 3.15? ???? ???? ??????????? traffic Jam ?? ??????????. ?????? ?????? ?????? ???? ????. ???????? ?????????? ?????? ?????????.,Traffic and Road Safety,Traffic Jams/Congestion Or Bottlenecks,Open,0,"???????? ??????, Rhenius Street, Langford Gardens, Bengaluru, Karnataka, India",,12.9650857,77.6004886,7,37.79,Insufficient information in title; ,True
16003,2022-07-20 19:48:00,177,JP Nagar,Red light not visible unless you visit zebra crossing as flyover...,Red light not visible unless you visit zebra crossing as flyover blocks vision.,"Mobility - Roads, Public transport",Installation of traffic lights,Open,0,"Dollars Colony, Phase 4, J. P. Nagar, Bengaluru, Karnataka, India",,12.9043079,77.5984654,1,10.56,Possible category mismatch: traffic; ,True
14572,2022-08-01 14:30:00,155,Hanumantha Nagar,??????? ???? ???? ?????? ????????????? ??????????? ???? ???? ????...,??????? ???? ???? ?????? ????????????? ??????????? ???? ???? ???????? ???? ??????? ??????????. ????????????? ????? ????????????. ???????? ??? ???? ??? ????.,Water Supply and Services,Regular Water Supply,Resolved,2,"475, 3Rd Main Rd, 1St Block, Srinagar, Banashankari Stage I, Banashankari, Bengaluru, Karnataka 560026, India",,12.943935,77.5572257,1,10.56,Insufficient information in title; ,True
14579,2022-08-01 21:31:00,167,Yediyur,"Between Yediyur circle and Nagasandra circle on South End Road, B...","Between Yediyur circle and Nagasandra circle on South End Road, Basavanagudi, street lights have to be installed on several poles. Only few street lights are there now. Also, existing sodium vapour lamps to be replaced with brighter LED lights. Thanks.",Street lighting,Installation Of New Streetlights,Open,0,"71, Sri Krishna Rajendra Road, Basavanagudi, Bengaluru Urban, In, India",,12.93720118,77.57421451,2,17.95,Possible category mismatch: road; ,True
14584,2022-09-01 19:38:00,184,Uttarahalli,Drain not closed at corner,Newly constructed drain cover is open in the corner. It is very dangerous to walkers and faul smell comes out of it.,"Mobility - Roads, Footpaths and Infrastructure",Need Covering Slabs For Roadside Drains,Open,0,"#20C, Gubbalala, Subramanyapura, Bengaluru, Karnataka 560061, India",Near 30C,12.88836144,77.54155493,2,17.95,Possible category mismatch: drainage; ,True
15438,2022-09-05 06:54:00,150,Bellanduru,Dumping of waste on the road side,"People are dumping waste on the road. Cattle keep littering it all ove r the road. This is causing real inconvenience. Please put a garbage box and make citizens aware about their duty. I know Its a fight that we have to take head on collectively but the authority can make the effort to dissuade people from dumping the garbage. Without you the dream of swachh Bharat can't be realised and Amrit of azaadi can't be reaped. 
Thank you
Concerned citizen",Garbage and Unsanitary Practices,Garbage Dumping In Vacant Lot/Land,Open,0,"Wmgr+Cp5, Adarsh Palm Retreat, Bellandur, Bengaluru, Karnataka 560103, India",Opposite to Amruta Bakery,12.92606244,77.69181207,6,35.12,Possible category mismatch: road; ,True
14587,2022-10-01 18:18:00,130,Ullalu,????????? ????????? ?????? ????????????? ???????? ???? ???? ?????...,????????? ????????? ?????? ????????????? ???????? ???? ???? ????? ??????? ?????? ?????????? ??? ???? ??????????????? ????????????????. ????? ???? ???????????? ???? ??????????. ??????? :- bda ???. ???. ?? ?????? 5th ?????? ??????.,Parks & Recreation,Maintenance Of Existing Public Toilet In Parks,Open,0,"Xf5J+Gqh, 5?? ??????, Smv, ??????? ?????, ????? ???? ????, ????????, ??????? 560056, ????",,12.95924755,77.48172313,1,10.56,Insufficient information in title; ,True
15259,2022-10-04 15:37:00,5,Jakkuru,Raw construction materials dumped on the Road,Raw construction materials dumped on the Road. Could you please address this issue. There is no road.,Garbage and Unsanitary Practices,Clearing Of Roadside Dustbin,Open,0,"3Jw9+Mq5, Agrahara Badavane, Bengaluru, Karnataka 560064, India",Next Apoorva Meadows,13.09672407,77.61902572,1,10.56,Possible category mismatch: road; ,True
15261,2022-10-04 21:37:00,199,Other,Road clean,"House Construction debris are poured on road, no one can walk large building wastes are  thrown on the road please look at this issue and as early as possible",Garbage and Unsanitary Practices,Clearance Of Garbage Dump Or Black Spot,Open,0,"3Chr+Hc Nagarur, Karnataka, India",Dasanapura munihuchappana palya 562162,13.0788781,77.4410366,116,96.25,Possible category mismatch: road; ,True
15445,2022-10-05 20:33:00,194,Gottigere,"Blocking road on 1st cross royal county 1, Jambhusavari dinne, 56...","Blocking road on 1st cross royal county 1, Jambhusavari dinne, 560083",Traffic and Road Safety,Traffic Jams/Congestion Or Bottlenecks,Open,0,"1St Cross Road, Jumbo Sawari, Royal County, Royal Lake Front Phase1 And 2, Gottigere, Bengaluru, Karnataka, India",,12.8666419,77.5803595,1,10.56,Possible category mismatch: road; ,True
14593,2022-11-01 23:24:00,25,Horamavu,"Road blocked for repair of storm water drains, pending since many days","The road from Hennur main road to Janakiram layout has been blocked since many days for repair of the storm water drain. Later on, the road to the other side of Janakiram layout (4th cross onwards) has also been dug and left like that. There is stagnation of sewage water near 1st cross and leakage of the sewage water near 4th cross. It has become very inconvenient to travel through these roads now specially when we have to take 2-wheeler and have children and/or elderly people with us. Because of this problem, the overall connectivity from Janakiram layout to Hennur main road is also very difficult. We are having a tough time getting groceries, post delivered, etc. Please resolve this issue at the earliest.",Storm Water Drains,Maintenance And Repair Of Storm Water Drains,Open,0,"2Jvr+Fjj, Ashwath Nagar, Hbr Layout, Amani Byrathikhane, Karnataka 560077, India","Near cauvery Ford service centre, Hennur main road",13.04365067,77.64154956,5,31.57,Possible category mismatch: road; ,True
15680,2022-11-06 15:35:00,52,K R Puram,Broken drain,Broken drain,Sanitation,Repair  of broken storm water drains,Resolved,1,"C-142, Vinayaka Layout, Hv Residence, Krishnarajapura, Bengaluru, Karnataka 560036, India",,13.0158695,77.708815,1,10.56,Possible category mismatch: drainage; ,True
